﻿{
  "type": "array",
  "background": "#200",
  "margin": "0",
  "content": [
    {
      "type": "array",
      "dropshadow": true,
      "orientation": "vertical",
      "content": [
        {
          "type": "itemgrid",
          "h_alignment": "center",
          "item_margin": "1,2.5",
          "item_size": 70,
          "rows": [
            [ "crystal", "pass", "hook", "darkness", "earth", "harp" ],
            [ "sandruby", "package", "baron", "magma", "tower", "luca" ],
            [ "adamant", "legend", "pan", "spoon", "rat", "pink"]
          ]
        }
      ]
    }
  ]
}

// boots, (canSpinSpeed), bottle, somaria, bombs, mirror, (pearl, fakeflute), flippers