﻿[
  // Adamant
  {
    "name": "adamant",
    "type": "toggle",
    "img": "images/adamant.png",
    "codes": "adamant"
  },
  
  // Baron Key
  {
    "name": "baron",
    "type": "toggle",
    "img": "images/baronkey.png",
    "codes": "baron"
  },
  
  // Crystal
  {
    "name": "crystal",
    "type": "toggle",
    "img": "images/crystal.png",
    "codes": "crystal"
  },
  
  // Darkness Crystal
  {
    "name": "darkness",
    "type": "toggle",
    "img": "images/darkness.png",
    "codes": "darkness"
  },
  
  // Earth Crystal
  {
    "name": "earth",
    "type": "toggle",
    "img": "images/earth.png",
    "codes": "earth"
  },
  
  // Twin Harp
  {
    "name": "harp",
    "type": "toggle",
    "img": "images/harp.png",
    "codes": "harp"
  },
  
  // Hook
  {
    "name": "hook",
    "type": "toggle",
    "img": "images/hook.png",
    "codes": "hook"
  },
  
  // Legend Sword
  {
    "name": "legend",
    "type": "toggle",
    "img": "images/legend.png",
    "codes": "legend"
  },
  
  // Luca Key
  {
    "name": "luca",
    "type": "toggle",
    "img": "images/lucakey.png",
    "codes": "luca"
  },
  
  // Magma Key
  {
    "name": "magma",
    "type": "toggle",
    "img": "images/magmakey.png",
    "codes": "magma"
  },
  
  // Package
  {
    "name": "package",
    "type": "toggle",
    "img": "images/package.png",
    "codes": "package"
  },
  
  // Pan
  {
    "name": "pan",
    "type": "toggle",
    "img": "images/pan.png",
    "codes": "pan"
  },
  
  // Pass
  {
    "name": "pass",
    "type": "toggle",
    "img": "images/pass.png",
    "codes": "pass"
  },
  
  // Pink Tail
  {
    "name": "pink",
    "type": "toggle",
    "img": "images/pinktail.png",
    "codes": "pink"
  },
  
  // Rat Tail
  {
    "name": "rat",
    "type": "toggle",
    "img": "images/rattail.png",
    "codes": "rat"
  },
  
  // Sand Ruby
  {
    "name": "sandruby",
    "type": "toggle",
    "img": "images/sandruby.png",
    "codes": "sandruby"
  },
  
  // Spoon
  {
    "name": "spoon",
    "type": "toggle",
    "img": "images/spoon.png",
    "codes": "spoon"
  },
  
  // Tower Key
  {
    "name": "tower",
    "type": "toggle",
    "img": "images/tower.png",
    "codes": "tower"
  }
 ] 
  