﻿[
  // Bow
  {
    "name": "Bow",
    "type": "toggle",
    "img": "images/0000.png",
    "codes": "bow"
  },
  // Silver Arrows
  {
    "name": "Silver Arrows",
    "type": "toggle",
    "img": "images/silver_arrow.png",
    "codes": "silverarrows,silvers"
  },
  // Bow + Silvers
  {
    "name": "Bow and Arrows",
    "type": "composite_toggle",
    "codes": "bowandarrows",
    "item_left": "bow",
    "item_right": "silvers",
    "images": [
      {
        "left": false,
        "right": false,
        "img": "images/bow.png",
        "img_mods": "@disabled"
      },
      {
        "left": true,
        "right": false,
        "img": "images/bow.png"
      },
      {
        "left": false,
        "right": true,
        "img": "images/bowandsilverarrowdisabled.png"
      },
      {
        "left": true,
        "right": true,
        "img": "images/bowandsilverarrow.png"
      }
    ]
  },
  // Bombs
  {
    "name": "Bombs",
    "type": "progressive_toggle",
    "stages": [
      {
        "img": "images/0003.png",
        "codes": "bombs,bomb"
      },
      {
        "img": "images/0003withbigbomb.png",
        "disabled_img": "images/0003withbigbombdisabled.png",
        "disabled_img_mods": "",
        "codes": "bombs,bomb",
        "secondary_codes": "bigbomb,superbomb"
      }
    ]
  },
  // Boomerang
  {
    "name": "Boomerang",
    "type": "progressive_toggle",
    "stages": [
      {
        "img": "images/boomerangsblue.png",
        "disabled_img": "images/boomerangs.png",
        "codes": "blueboomerang,boomerang"
      },
      {
        "img": "images/boomerangs.png",
        "disabled_img": "images/boomerangsdisabled.png",
        "disabled_img_mods": "",
        "codes": "redboomerang,boomerang"
      }
    ]
  },

  // Blue Boomerang
  {
    "name": "Blue Boomerang",
    "type": "toggle",
    "img": "images/boomerang_blue.png",
    "codes": "blue_boomerang,bluemarang"
  },

  // Red Boomerang
  {
    "name": "Red Boomerang",
    "type": "toggle",
    "img": "images/boomerang_red.png",
    "codes": "red_boomerang,redmarang"
  },

  // Boomerang Combo
  {
    "name": "Boomerangs",
    "type": "composite_toggle",
    "codes": "boomerangs",
    "item_left": "blue_boomerang",
    "item_right": "red_boomerang",
    "images": [
      {
        "left": false,
        "right": false,
        "img": "images/boomerangs.png",
        "img_mods": "@disabled"
      },
      {
        "left": true,
        "right": false,
        "img": "images/boomerangsblue.png"
      },
      {
        "left": false,
        "right": true,
        "img": "images/boomerangsdisabled.png"
      },
      {
        "left": true,
        "right": true,
        "img": "images/boomerangs.png"
      }
    ]
  },

  // Hookshot
  {
    "name": "Hookshot",
    "type": "toggle",
    "img": "images/0002.png",
    "codes": "hookshot,hs"
  },
  // Powder
  {
    "name": "Magic Powder",
    "type": "progressive_toggle",
    "stages": [
      {
        "img": "images/0046.png",
        "codes": "powder"
      },
      {
        "img": "images/0046withbat.png",
        "disabled_img": "images/0046withbatdisabled.png",
        "disabled_img_mods": "",
        "codes": "powder",
        "secondary_codes": "bat"
      }
    ]
  },
  // Mushroom
  {
    "name": "Mushroom",
    "type": "progressive",
    "stages": [
      {
        "img": "images/0004.png",
        "codes": "mushroom"
      },
      {
        "inherit_codes": false,
        "img": "images/0056.png"
      }
    ]
  },

  // Fire Rod
  {
    "name": "Fire Rod",
    "type": "toggle",
    "img": "images/0005.png",
    "codes": "firerod,firesource"
  },
  // Ice Rod
  {
    "name": "Ice Rod",
    "type": "toggle",
    "img": "images/0006.png",
    "codes": "icerod"
  },

  // Bombos
  {
    "name": "Bombos",
    "type": "progressive_toggle",
    "stages": [
      {
        "img": "images/0007.png",
        "codes": "bombos",
        "secondary_codes": "none"
      },
      {
        "img": "images/0117.png",
        "codes": "bombos,mm_medallion",
        "secondary_codes": "mm"
      },
      {
        "img": "images/0120.png",
        "codes": "bombos,tr_medallion",
        "secondary_codes": "tr"
      },
      {
        "img": "images/0123.png",
        "codes": "bombos,mm_medallion,tr_medallion",
        "secondary_codes": "both"
      }
    ]
  },
  // Ether
  {
    "name": "Ether",
    "type": "progressive_toggle",
    "stages": [
      {
        "img": "images/0008.png",
        "codes": "ether",
        "secondary_codes": "none"
      },
      {
        "img": "images/0118.png",
        "codes": "ether,mm_medallion",
        "secondary_codes": "mm"
      },
      {
        "img": "images/0121.png",
        "codes": "ether,tr_medallion",
        "secondary_codes": "tr"
      },
      {
        "img": "images/0124.png",
        "codes": "ether,mm_medallion,tr_medallion",
        "secondary_codes": "both"
      }
    ]
  },
  // Quake
  {
    "name": "Quake",
    "type": "progressive_toggle",
    "stages": [
      {
        "img": "images/0009.png",
        "codes": "quake",
        "secondary_codes": "none"
      },
      {
        "img": "images/0119.png",
        "codes": "quake,mm_medallion",
        "secondary_codes": "mm"
      },
      {
        "img": "images/0122.png",
        "codes": "quake,tr_medallion",
        "secondary_codes": "tr"
      },
      {
        "img": "images/0125.png",
        "codes": "quake,mm_medallion,tr_medallion",
        "secondary_codes": "both"
      }
    ]
  },

  // Shovel
  {
    "name": "Shovel",
    "type": "progressive",
    "stages": [
      {
        "img": "images/0012.png",
        "codes": "shovel"
      },
      {
        "img": "images/0057.png",
        "inherit_codes": false
      }
    ]
  },

  // Lamp
  {
    "name": "Lamp",
    "type": "toggle",
    "img": "images/0010.png",
    "codes": "lamp,firesource"
  },
  // Hammer
  {
    "name": "Hammer",
    "type": "toggle",
    "img": "images/0011.png",
    "codes": "hammer"
  },
  // Ocarina
  {
    "name": "Ocarina",
    "type": "progressive",
    "stages": [
      {
        "img": "images/0047.png",
        "codes": "flute,ocarina"
      },
      {
        "img": "images/0047withduck.png"
      }
    ]
  },
  // Bug Catching Net
  {
    "name": "Bug Catching Net",
    "type": "toggle",
    "img": "images/0013.png",
    "codes": "net"
  },
  // Book of Mudora
  {
    "name": "Book of Mudora",
    "type": "toggle",
    "img": "images/0014.png",
    "codes": "book"
  },
  // Moon Pearl
  {
    "name": "Moon Pearl",
    "type": "toggle",
    "img": "images/0022.png",
    "codes": "pearl,moonpearl"
  },

  // Bottles
  {
    "name": "Bottles",
    "type": "progressive",
    "allow_disabled": false,
    "stages": [
      {
        "img": "images/0026.png",
        "img_mods": "@disabled"
      },
      {
        "img": "images/0070.png",
        "codes": "bottle"
      },
      {
        "img": "images/0071.png"
      },
      {
        "img": "images/0072.png"
      },
      {
        "img": "images/0073.png"
      }
    ]
  },

  // Somaria
  {
    "name": "Cane of Somaria",
    "type": "toggle",
    "img": "images/0015.png",
    "codes": "somaria,redcane"
  },
  // Cane of Byrna
  {
    "name": "Cane of Byrna",
    "type": "toggle",
    "img": "images/0016.png",
    "codes": "byrna,bluecane,sakucane,caneofsaku"
  },
  // Magic Cape
  {
    "name": "Magic Cape",
    "type": "toggle",
    "img": "images/0017.png",
    "codes": "cape"
  },
  // Mirror
  {
    "name": "Mirror",
    "type": "toggle",
    "img": "images/0018.png",
    "codes": "mirror"
  },

  // Go-Mode
  {
    "name": "Go Mode!",
    "capturable": false,
    "type": "toggle",
    "img": "images/0062.png",
    "codes": "gomode"
  },

  // Aganhim
  {
    "name": "Aganhim",
    "capturable": false,
    "type": "toggle",
    "img": "images/aga1.png",
    "codes": "aga1,aga,aganhim"
  },
  
  // Aganhim 2
  {
    "name": "Aganhim2",
    "capturable": false,
    "type": "toggle",
    "img": "images/aga2.png",
    "codes": "aga2"
  },

  // Progressive Gloves
  {
    "name": "Gloves",
    "type": "progressive",
    "stages": [
      {
        "img": "images/0019.png",
        "codes": "gloves,lift1"
      },
      {
        "img": "images/0043.png",
        "codes": "mitts,lift2"
      }
    ]
  },
  // Boots
  {
    "name": "Boots",
    "type": "progressive",
    "allow_disabled": false,
    "stages": [
      {
        "img": "images/0020.png",
        "img_mods": "@disabled",
        "codes": "boots"
      },
      {
        "img": "images/0020.png",
        "codes": "boots"
      }
    ],
  },
  // Flippers
  {
    "name": "Flippers",
    "type": "toggle",
    "img": "images/0021.png",
    "codes": "flippers"
  },
  // Half-Magic
  {
    "name": "Half-Magic",
    "type": "toggle",
    "img": "images/0064.png",
    "codes": "halfmagic"
  },
  // Progressive Swords
  {
    "name": "Sword",
    "type": "progressive",
    "stages": [
      {
        "img": "images/0023.png",
        "codes": "sword"
      },
      {
        "img": "images/0038.png",
        "codes": "sword2,mst"
      },
      {
        "img": "images/0039.png",
        "codes": "sword3,tempered"
      },
      {
        "img": "images/0040.png",
        "codes": "sword4,butter"
      }
    ]
  },
  // Progressive Swords (Overworld)
  {
    "name": "Sword",
    "type": "progressive",
    "allow_disabled": false,
    "stages": [
      {
        "img": "images/sworddisabled.png",
        "img_mods": "@disabled",
        "codes": "owsword"
      },
      {
        "img": "images/sword1.png",
        "codes": "sword, owsword"
      },
      {
        "img": "images/sword2.png",
        "codes": "sword2,mst"
      },
      {
        "img": "images/sword3.png",
        "codes": "sword3,tempered"
      },
      {
        "img": "images/sword4.png",
        "codes": "sword4,butter"
      }
    ]
  },
  // Progressive Shields
  {
    "name": "Shield",
    "type": "progressive",
    "stages": [
      {
        "img": "images/0024.png",
        "codes": "shield"
      },
      {
        "img": "images/0044.png",
        "codes": "shield2,redshield"
      },
      {
        "img": "images/0045.png",
        "codes": "shield3,mirrorshield"
      }
    ]
  },
  // Progressive Mail
  {
    "name": "Mail",
    "type": "progressive",
    "allow_disabled": false,
    "stages": [
      {
        "img": "images/0025.png",
        "codes": "armor, armor1, greenmail"
      },
      {
        "img": "images/0041.png",
        "codes": "armor2,bluemail"
      },
      {
        "img": "images/0042.png",
        "codes": "armor3,redmail"
      }
    ]
  },

  // Eastern Palace
  {
    "name": "Eastern Palace",
    "type": "progressive_toggle",
    "capturable": false,
    "stages": [
      {
        "img": "images/unknown.png",
        "codes": "ep,easternpalace"
      },
      {
        "img": "images/Crystal.png",
        "codes": "ep,easternpalace,crystal"
      },
      {
        "img": "images/FFCrystal.png",
        "disabled_img": "images/FFCrystalOFF.png",
        "disabled_img_mods": "",
        "codes": "ep,easternpalace,crystal56,crystal"
      },
      {
        "img": "images/Pendant.png",
        "codes": "ep,easternpalace,pendant"
      },
      {
        "img": "images/GreenPendant.png",
        "disabled_img": "images/GreenPendantOFF.png",
        "disabled_img_mods": "",
        "codes": "ep,easternpalace,greenpendant"
      }
    ]
  },
  // EP Items
  {
    "name": "Eastern Palace Items",
    "type": "consumable",
    "img": "images/chest.png",
    "codes": "ep_item",
    "max_quantity": 3
  },

  // Desert Palace
  {
    "name": "Desert Palace",
    "capturable": false,
    "type": "progressive_toggle",
    "stages": [
      {
        "img": "images/unknown.png",
        "codes": "dp,desertpalace"
      },
      {
        "img": "images/Crystal.png",
        "codes": "dp,desertpalace,crystal"
      },
      {
        "img": "images/FFCrystal.png",
        "disabled_img": "images/FFCrystalOFF.png",
        "disabled_img_mods": "",
        "codes": "dp,desertpalace,crystal56,crystal"
      },
      {
        "img": "images/Pendant.png",
        "codes": "dp,desertpalace,pendant"
      },
      {
        "img": "images/GreenPendant.png",
        "disabled_img": "images/GreenPendantOFF.png",
        "disabled_img_mods": "",
        "codes": "dp,desertpalace,greenpendant"
      }
    ]
  },

  // Desert Items
  {
    "name": "Desert Palace Items",
    "type": "consumable",
    "img": "images/chest.png",
    "codes": "dp_item",
    "max_quantity": 2
  },

  // Tower of Hera
  {
    "name": "Tower of Hera",
    "capturable": false,
    "type": "progressive_toggle",
    "stages": [
      {
        "img": "images/unknown.png",
        "codes": "toh,towerofhera"
      },
      {
        "img": "images/Crystal.png",
        "codes": "toh,towerofhera,crystal"
      },
      {
        "img": "images/FFCrystal.png",
        "disabled_img": "images/FFCrystalOFF.png",
        "disabled_img_mods": "",
        "codes": "toh,towerofhera,crystal56,crystal"
      },
      {
        "img": "images/Pendant.png",
        "codes": "toh,towerofhera,pendant"
      },
      {
        "img": "images/GreenPendant.png",
        "disabled_img": "images/GreenPendantOFF.png",
        "disabled_img_mods": "",
        "codes": "toh,towerofhera,greenpendant"
      }
    ]
  },

  // Hera Items
  {
    "name": "Tower of Hera Items",
    "type": "consumable",
    "img": "images/chest.png",
    "codes": "toh_item",
    "max_quantity": 2
  },

  // Palace of Darkness
  {
    "name": "Palace of Darkness",
    "capturable": false,
    "type": "progressive_toggle",
    "stages": [
      {
        "img": "images/unknown.png",
        "codes": "pod,palaceofdarkness"
      },
      {
        "img": "images/Crystal.png",
        "codes": "pod,palaceofdarkness,crystal"
      },
      {
        "img": "images/FFCrystal.png",
        "disabled_img": "images/FFCrystalOFF.png",
        "disabled_img_mods": "",
        "codes": "pod,palaceofdarkness,crystal56,crystal"
      },
      {
        "img": "images/Pendant.png",
        "codes": "pod,palaceofdarkness,pendant"
      },
      {
        "img": "images/GreenPendant.png",
        "disabled_img": "images/GreenPendantOFF.png",
        "disabled_img_mods": "",
        "codes": "pod,palaceofdarkness,greenpendant"
      }
    ]
  },

  // POD Items
  {
    "name": "Palace of Darkness Items",
    "type": "consumable",
    "img": "images/chest.png",
    "codes": "pod_item",
    "max_quantity": 5
  },

  // Swamp Palace
  {
    "name": "Swamp Palace",
    "capturable": false,
    "type": "progressive_toggle",
    "stages": [
      {
        "img": "images/unknown.png",
        "codes": "sp,swamppalace"
      },
      {
        "img": "images/Crystal.png",
        "codes": "sp,swamppalace,crystal"
      },
      {
        "img": "images/FFCrystal.png",
        "disabled_img": "images/FFCrystalOFF.png",
        "disabled_img_mods": "",
        "codes": "sp,swamppalace,crystal56,crystal"
      },
      {
        "img": "images/Pendant.png",
        "codes": "sp,swamppalace,pendant"
      },
      {
        "img": "images/GreenPendant.png",
        "disabled_img": "images/GreenPendantOFF.png",
        "disabled_img_mods": "",
        "codes": "sp,swamppalace,greenpendant"
      }
    ]
  },

  // SP Items
  {
    "name": "Swamp Palace Items",
    "type": "consumable",
    "img": "images/chest.png",
    "codes": "sp_item",
    "max_quantity": 6
  },

  // Skull Woods
  {
    "name": "Skull Woods",
    "capturable": false,
    "type": "progressive_toggle",
    "stages": [
      {
        "img": "images/unknown.png",
        "codes": "sw,skullwoods"
      },
      {
        "img": "images/Crystal.png",
        "codes": "sw,skullwoods,crystal"
      },
      {
        "img": "images/FFCrystal.png",
        "disabled_img": "images/FFCrystalOFF.png",
        "disabled_img_mods": "",
        "codes": "sw,skullwoods,crystal56,crystal"
      },
      {
        "img": "images/Pendant.png",
        "codes": "sw,skullwoods,pendant"
      },
      {
        "img": "images/GreenPendant.png",
        "disabled_img": "images/GreenPendantOFF.png",
        "disabled_img_mods": "",
        "codes": "sw,skullwoods,greenpendant"
      }
    ]
  },

  // SW Items
  {
    "name": "Skull Woods Items",
    "type": "consumable",
    "img": "images/chest.png",
    "codes": "sw_item",
    "max_quantity": 2
  },

  // Thieve's Town
  {
    "name": "Thieves Town",
    "capturable": false,
    "type": "progressive_toggle",
    "stages": [
      {
        "img": "images/unknown.png",
        "codes": "tt,thievestown"
      },
      {
        "img": "images/Crystal.png",
        "codes": "tt,thievestown,crystal"
      },
      {
        "img": "images/FFCrystal.png",
        "disabled_img": "images/FFCrystalOFF.png",
        "disabled_img_mods": "",
        "codes": "tt,thievestown,crystal56,crystal"
      },
      {
        "img": "images/Pendant.png",
        "codes": "tt,thievestown,pendant"
      },
      {
        "img": "images/GreenPendant.png",
        "disabled_img": "images/GreenPendantOFF.png",
        "disabled_img_mods": "",
        "codes": "tt,thievestown,greenpendant"
      }
    ]
  },

  // TT Small Keys
  {
    "name": "Thieves Town Items",
    "type": "consumable",
    "img": "images/chest.png",
    "codes": "tt_item",
    "max_quantity": 4
  },

  // Ice Palace
  {
    "name": "Ice Palace",
    "capturable": false,
    "type": "progressive_toggle",
    "stages": [
      {
        "img": "images/unknown.png",
        "codes": "ip,icepalace"
      },
      {
        "img": "images/Crystal.png",
        "codes": "ip,icepalace,crystal"
      },
      {
        "img": "images/FFCrystal.png",
        "disabled_img": "images/FFCrystalOFF.png",
        "disabled_img_mods": "",
        "codes": "ip,icepalace,crystal56,crystal"
      },
      {
        "img": "images/Pendant.png",
        "codes": "ip,icepalace,pendant"
      },
      {
        "img": "images/GreenPendant.png",
        "disabled_img": "images/GreenPendantOFF.png",
        "disabled_img_mods": "",
        "codes": "ip,icepalace,greenpendant"
      }
    ]
  },

  // IP Items
  {
    "name": "Ice Palace Items",
    "type": "consumable",
    "img": "images/chest.png",
    "codes": "ip_item",
    "max_quantity": 3
  },

  // Misery Mire
  {
    "name": "Misery Mire",
    "capturable": false,
    "type": "progressive_toggle",
    "stages": [
      {
        "img": "images/unknown.png",
        "codes": "mm,miserymire"
      },
      {
        "img": "images/Crystal.png",
        "codes": "mm,miserymire,crystal"
      },
      {
        "img": "images/FFCrystal.png",
        "disabled_img": "images/FFCrystalOFF.png",
        "disabled_img_mods": "",
        "codes": "mm,miserymire,crystal56,crystal"
      },
      {
        "img": "images/Pendant.png",
        "codes": "mm,miserymire,pendant"
      },
      {
        "img": "images/GreenPendant.png",
        "disabled_img": "images/GreenPendantOFF.png",
        "disabled_img_mods": "",
        "codes": "mm,miserymire,greenpendant"
      }
    ]
  },

  // MM Items
  {
    "name": "Misery Mire Items",
    "type": "consumable",
    "img": "images/chest.png",
    "codes": "mm_item",
    "max_quantity": 2
  },

  // Turtle Rock
  {
    "name": "Turtle Rock",
    "capturable": false,
    "type": "progressive_toggle",
    "stages": [
      {
        "img": "images/unknown.png",
        "codes": "tr,turtlerock"
      },
      {
        "img": "images/Crystal.png",
        "codes": "tr,turtlerock,crystal"
      },
      {
        "img": "images/FFCrystal.png",
        "disabled_img": "images/FFCrystalOFF.png",
        "disabled_img_mods": "",
        "codes": "tr,turtlerock,crystal56,crystal"
      },
      {
        "img": "images/Pendant.png",
        "codes": "tr,turtlerock,pendant"
      },
      {
        "img": "images/GreenPendant.png",
        "disabled_img": "images/GreenPendantOFF.png",
        "disabled_img_mods": "",
        "codes": "tr,turtlerock,greenpendant"
      }
    ]
  },

  // TR Items
  {
    "name": "Turtle Rock Items",
    "type": "consumable",
    "img": "images/chest.png",
    "codes": "tr_item",
    "max_quantity": 5
  },

  // HC Items
  {
    "name": "Hyrule Castle Items",
    "type": "consumable",
    "img": "images/chest.png",
    "codes": "hc_item",
    "max_quantity": 6
  },

  // GT Items
  {
    "name": "Ganon's Tower Items",
    "type": "consumable",
    "img": "images/chest.png",
    "codes": "gt_item",
    "max_quantity": 20
  },
  
  // Desert Big Key - Important if Auto Boots turned off
  {
    "name": "Desert Palace Big Key",
    "type": "toggle",
    "img": "images/BigKey.png",
    "codes": "dp_bigkey"
  },
  
  // Hera Big Key - Saving for Glitched Mode
  {
    "name": "Tower of Hera Big Key",
    "type": "toggle",
    "img": "images/BigKey.png",
    "codes": "toh_bigkey"
  },
  
  // TR Big Key
  {
    "name": "Turtle Rock Big Key",
    "type": "toggle",
    "img": "images/TRBK.png",
    "codes": "tr_bigkey"
  },

  // GT Big Key
  {
    "name": "Ganon's Tower Big Key",
    "type": "toggle",
    "img": "images/GTBK.png",
    "codes": "gt_bigkey"
  },
  
  // HC Label
  {
    "name": "Hyrule Castle",
    "type": "static",
    "img": "images/HC.png",
    "codes": "hc_label"
  },

  // AT Label
  {
    "name": "Aganhim's Tower",
    "type": "static",
    "img": "images/AT.png",
    "codes": "at_label"
  },

  // EP Label
  {
    "name": "Eastern Palace",
    "type": "static",
    "img": "images/EP.png",
    "codes": "ep_label"
  },

  // DP Label
  {
    "name": "Desert Palace",
    "type": "static",
    "img": "images/DP.png",
    "codes": "dp_label"
  },

  // TOH Label
  {
    "name": "Tower of Hera",
    "type": "static",
    "img": "images/TH.png",
    "codes": "toh_label"
  },

  // POD Label
  {
    "name": "Palace of Darkness",
    "type": "static",
    "img": "images/PD.png",
    "codes": "pod_label"
  },

  // SP Label
  {
    "name": "Swamp Palace",
    "type": "static",
    "img": "images/SP.png",
    "codes": "sp_label"
  },

  // SW Label
  {
    "name": "Skull Woods",
    "type": "static",
    "img": "images/SW.png",
    "codes": "sw_label"
  },

  // TT Label
  {
    "name": "Thieves Town",
    "type": "static",
    "img": "images/TT.png",
    "codes": "tt_label"
  },

  // IP Label
  {
    "name": "Ice Palace",
    "type": "static",
    "img": "images/IP.png",
    "codes": "ip_label"
  },

  // MM Label
  {
    "name": "Misery Mire",
    "type": "static",
    "img": "images/MM.png",
    "codes": "mm_label"
  },

  // TR Label
  {
    "name": "Turtle Rock",
    "type": "static",
    "img": "images/TR.png",
    "codes": "tr_label"
  },

  // GT Label
  {
    "name": "Ganon's Tower",
    "type": "static",
    "img": "images/GT.png",
    "codes": "gt_label"
  }
]