﻿[
	{
		"name": "Holodrum",
		"chest_unopened_img": "images/chest.png",
		"chest_opened_img": "images/chestopen.png",
		"color": "#00ff08",
		"children": [
			{
				"name": "Horon Village",
				"children": [
					{
						"name": "Maku Tree",
						"access_rules": [
							"sword1",
						],
						"sections": [
						  {
							"name": "Maku Tree gift",
							"item_count": 1
						  }
						],
						"map_locations": [
						  {
							"map": "holodrum",
							"x": 407,
							"y": 534
						  }
						]
					},
					{
						"name": "Mushroom chest",
						"access_rules": [
								"$destroy_mushroom",
							],
						"sections": [
						  {
							"name": "Fall chest",
							"item_count": 1
						  }
						],
						"map_locations": [
						  {
							"map": "holodrum",
							"x": 237,
							"y": 662
						  }
						]
					},
					{
						"name": "Dr. Left's House",
						"sections": [
						  {
							"name": "Pond chest",
							"access_rules": [
								"bombs"
							],
							"item_count": 1
						  }
						],
						"map_locations": [
						  {
							"map": "holodrum",
							"x": 407,
							"y": 662
						  }
						]
					},
					{
						"name": "Horon Shop",

						"sections": [
						  {
							"name": "150 rupees",
							"access_rules": [
								"",
							],
							"capture_item": true,
							"item_count": 1
						  },
						  {
							"name": "Member's Shop 1",
							"access_rules": [
								"$member_shop",
							],
							"capture_item": true,
							"item_count": 1
						  },
						  {
							"name": "Member's Shop 2",
							"access_rules": [
								"$member_shop",
							],
							"capture_item": true,
							"item_count": 1
						  },
						  {
							"name": "Member's Shop 3",
							"access_rules": [
								"$member_shop",
							],
							"capture_item": true,
							"item_count": 1
						  },
						  
						],
						"map_locations": [
						  {
							"map": "holodrum",
							"x": 281,
							"y": 620
						  }
						]
					},
				]
			},
			{
				"name": "Western Coast",
				"children": [
					{
						"name": "Hero's Cave",
						"sections": [
						  {
							"name": "Sword chest",
							"item_count": 1
						  },
						  {
							"name": "Side entrance",
							"access_rules": [
								"$destroy_bush"
							],
							"item_count": 1
						  },
						],
						"map_locations": [
						  {
							"map": "holodrum",
							"x": 194,
							"y": 578
						  }
						]
					},
					{
						"name": "The Black Beast",
						"access_rules": [
							"$shoot_seeds, mysteryseeds, $kill_moldorm_hard"
						],
						"sections": [
						  {
							"name": "Kill the beast",
							"item_count": 1
						  },
						],
						"map_locations": [
						  {
							"map": "holodrum",
							"x": 194,
							"y": 662
						  }
						]
					},
					{
						"name": "Pirate area",
						"access_rules": [
							"$pirate_ship_hard",
						],
						"sections": [
						  {
							"name": "Coast chest",
							"item_count": 1
						  },
						],
						"map_locations": [
						  {
							"map": "holodrum",
							"x": 152,
							"y": 620
						  }
						]
					},
					{
						"name": "Abandoned house",
						"access_rules": [
							"$pirate_ship_hard",
						],
						"sections": [
						  {
							"name": "Bed chest",
							"item_count": 1
						  },
						],
						"map_locations": [
						  {
							"map": "holodrum",
							"x": 109,
							"y": 578
						  }
						]
					},
					{
						"name": "Explorer's Crypt",
						"access_rules": [
							"$graveyard_hard"
						],
						"sections": [
						  {
							"name": "Chest in \nbombable wall",
							"access_rules": [
								"bombs"
							],
							"item_count": 1
						  },
						  {
							"name": "Chest before \nfirst poe",
							"access_rules": [
								"$kill_wizzrobe"
							],
							"item_count": 1
						  },
						  {
							"name": "Chest up trampoline \nbefore second poe",
							"access_rules": [
								"$kill_hard, $shoot_seeds, emberseeds, $kill_poe_hard, $max_jump:1",
								"$kill_hard, $shoot_seeds, mysteryseeds, $kill_poe_hard, $max_jump:1",
							],
							"item_count": 1
						  },
						  {
							"name": "Cape \nchest",
							"access_rules": [
								"$kill_wizzrobe, $shoot_seeds, emberseeds, $kill_poe, flippers, $max_jump:3",
								"$kill_wizzrobe, $shoot_seeds, emberseeds, $kill_poe, flippers, $kill_darknut_across, $max_jump:1",
								"$kill_wizzrobe, $shoot_seeds, emberseeds, $kill_poe, flippers, magnet, $max_jump:1",
							],
							"item_count": 1
						  },
						  {
							"name": "Chest in \nStair maze",
							"access_rules": [
								"$kill_hard, $shoot_seeds, emberseeds, $kill_poe_hard, magnet, flippers, $max_jump:3, $kill_magunesu",
							],
							"item_count": 1
						  },
						  {
							"name": "Far east \n stalfos chest",
							"access_rules": [
								"$kill_hard, $shoot_seeds, emberseeds, $kill_poe_hard, magnet, flippers, $max_jump:3, $kill_magunesu",
							],
							"item_count": 1
						  },
						  
						  {
							"name": "Seeds \nof Life",
							"access_rules": [
								"$kill_gleeok_hard, $kill_hard, $shoot_seeds, emberseeds, $kill_poe_hard, pegasusseeds, magnet, flippers, $max_jump:3, $kill_magunesu",
							],
							"hosted_item": "d7",
							"item_count": 0
						  },
						],
						"map_locations": [
						  {
							"map": "holodrum",
							"x": 25,
							"y": 578
						  }
						]
					},
				]
			},	
			{
				"name": "North Horon",
				"children": [
					{
						"name": "Eyeglass Lake",
						"access_rules": [
							"$max_jump:3",
							"north_fall, $max_jump:1",
							"$north_stump, fall, $max_jump:1",
						],
						"sections": [
						  {
							"name": "Pits chest",
							"item_count": 1
						  },
						],
						"map_locations": [
						  {
							"map": "holodrum",
							"x": 366,
							"y": 492
						  }
						]
					},
					{
						"name": "Dry the lake",
						"sections": [
						  {
							"name": "Bomb cave",
							"access_rules": [
								"$north_stump, bombs, flippers, north_summer, $max_jump:1",
								"$north_stump, bombs, flippers, north_summer, moosh",
								"$north_stump, bombs, flippers, summer, $max_jump:1",
								"$north_stump, bombs, flippers, summer, moosh",
								
								"$north_stump, ricky, flippers, north_summer",
								"$north_stump, ricky, flippers, summer",
								
								"$d5_stump, bombs, summer, flippers",
								"$d5_stump, ricky, summer, flippers",
								
								"$enter_d5, bombs, north_summer, bracelet, $max_jump:1, flippers",
								"$enter_d5, ricky, north_summer, bracelet, $max_jump:1, flippers",
							],
							"item_count": 1
						  },
						],
						"map_locations": [
						  {
							"map": "holodrum",
							"x": 324,
							"y": 448
						  }
						]
					},
					{
						"name": "Dry the lake",
						"access_rules": [
								"$d5_stump, $wet_lake, summer, bracelet",
								"$d5_stump, $wet_lake, north_summer, $enter_d5, bracelet",
							],
						"sections": [
						  {
							"name": "Rock cave chest",
							"item_count": 1
						  },
						],
						"map_locations": [
						  {
							"map": "holodrum",
							"x": 449,
							"y": 448
						  }
						]
					},
					{
						"name": "Gnarled Root Dungeon",
						"access_rules": [
							"$enter_d1"
						],
						"sections": [
							{
								"name": "Stalfos \nchest",
								"access_rules": [
										"$kill_stalfos_hard"
									],
								"item_count": 1
							},
							{
								"name": "Chest past \ntorch door",
								"access_rules": [
										"$kill_stalfos_hard, $kill_hard, $use_seeds, emberseeds",
										"$kill_stalfos_hard, $kill_hard, $use_seeds, mysteryseeds"
									],
								"item_count": 1
							},
							{
								"name": "Far west \nchest",
								"access_rules": [
										"$kill_stalfos_hard"
									],
								"item_count": 1
							},
							{
								"name": "Lever \nchest",
								"access_rules": [
										"$kill_stalfos_hard"
									],
								"item_count": 1
							},
							{
								"name": "Minecart \nchest",
								"access_rules": [
										"$kill_stalfos_hard, $hit_lever"
									],
								"item_count": 1
							},
							{
								"name": "Underground \nitem",
								"access_rules": [
										"$kill_stalfos_hard, $hit_lever, $kill_stalfos_hard, bombs"
									],
								"item_count": 1
							},
							{
								"name": "Chest in the way \nto Aquamentus",
								"access_rules": [
										"$use_seeds, emberseeds",
										"$use_seeds, mysteryseeds",
									],
								"item_count": 1
							},
							
							{
								"name": "Fertile \nSoil",
								"access_rules": [
								  "$use_seeds, emberseeds, $kill_aquamentus_hard",
								  "$use_seeds, mysteryseeds, $kill_aquamentus_hard"
								],
								"hosted_item": "d1",
								"item_count": 0
							},
							  		
						],
						"map_locations": [
						  {
							"map": "holodrum",
							"x": 281,
							"y": 407
						  }
						]
					},
					{
						"name": "Unicorn's Cave",
						"access_rules": [
							"$enter_d5"
						],
						"sections": [
						  {
							"name": "East gibdo \nroom chest",
								"access_rules": [
									// water room way
									"$kill_hard, $kill_gibdo_hard, $max_jump:2",
									"$kill_hard, $kill_gibdo_hard, $max_jump:1, bombs",
									"$kill_hard, $kill_gibdo_hard, flippers, $max_jump:1",
									"$kill_hard, $kill_gibdo_hard, flippers, satchel, pegasusseeds",
									
									// west wing way
									"$kill_hard, $kill_gibdo_hard, magnet, bombs, $max_jump:1",
								],
							"item_count": 1
						  },
						  {
							"name": "Magnet glove \nchest",
							"access_rules": [
									// water room way (with minecart chest)
									"$hit_lever, $max_jump:3",
									"$hit_lever, flippers, $max_jump:1",
									"$hit_lever, flippers, satchel, pegasusseeds",
									
									// water room way (with any magnet-only key)
									"magnet, $max_jump:3",
									"magnet, flippers, $max_jump:1",
									"magnet, flippers, satchel, pegasusseeds",

								],
							"item_count": 1
						  },
						  {
							"name": "Moving floor \nchest",
							"access_rules": [
									"$kill_moldorm_hard, $kill_hard",
								],
							"item_count": 1
						  },
						  {
							"name": "First ball room \nchest",
							"access_rules": [
									"magnet",
									"$max_jump:1, bombs",
								],
							"item_count": 1
						  },
						  {
							"name": "Underground item \nafter midboss",
							"access_rules": [
								"$hit_lever, $max_jump:1, bombs, magnet, $kill_syger_hard, $kill_darknut_hard",
								"$hit_lever, flippers, magnet, $kill_syger_hard, $kill_darknut_hard",
							],
							"item_count": 1
						  },
						  
						  {
							"name": "Nurturing \nWarmth",
							"access_rules": [
								"$max_jump:2, magnet, $kill_syger_hard",
								"$max_jump:1, bombs, magnet, $kill_syger_hard",
								"flippers, magnet, $kill_syger_hard",
							],
							"hosted_item": "d5",
							"item_count": 0
						  },
						],
						"map_locations": [
						  {
							"map": "holodrum",
							"x": 449,
							"y": 364
						  }
						]
					},
				]
			},
			{
				"name": "Eastern Suburbs",
				"access_rules": [
					"$suburbs_hard",
					
					"notreewarp, $fairy_fountain_natzu_hard, satchel, galeseeds",
					
					"$fairy_fountain_natzu_hard, suburbs_spring",
					"treewarp, $fairy_fountain_natzu_hard, [spring]",
					"notreewarp, $fairy_fountain_natzu_hard, spring"
				],
				"children": [
					{
						"name": "Spring stairs",
						"sections": [
						  {
							"name": "Chest",
							"access_rules": [
								"spring, bracelet, $max_jump:2",
								"spring, bracelet, magnet",
								"suburbs_spring, bracelet, $max_jump:2",
								"suburbs_spring, bracelet, magnet",
							],
							"item_count": 1
						  }
						],
						"map_locations": [
						  {
							"map": "holodrum",
							"x": 534,
							"y": 534
						  }
						]
					},
					
					{
						"name": "Outside D2",
						"sections": [
						  {
							"name": "Lone chest",
							"access_rules": [
								"$d2_B_hard",
							],
							"item_count": 1
						  },
						  {
							"name": "Mushroom cave chest",
							"access_rules": [
								"$fountain_to_mysterytree, $d2_mushrooms"
							],
							"item_count": 1
						  },
						],
						"map_locations": [
						  {
							"map": "holodrum",
							"x": 621,
							"y": 364
						  }
						]
					},
					{
						"name": "Snake's Remains",
						"access_rules": [
							// Putting this into sequence breaks is actually impossible
							"$fountain_to_mysterytree, $d2_A_hard",
							"$fountain_to_mysterytree, $d2_B_hard",
							
							//"treewarp, $fountain_to_mysterytree, $d2_A, [spring]",
							//"treewarp, $mystery_tree_natzu, $d2_A, [satchel], [galeseeds]",
							//"treewarp, $mystery_tree_natzu, $d2_B, [spring]",
							//"treewarp, $mystery_tree_natzu, $d2_B, [satchel], [galeseeds]",

							//"$enter_d2_hard",
						],
						"sections": [
						  {
							"name": "Hole room \nchest",

							"item_count": 1
						  },
						  {
							"name": "Block rectangle \nchest",
							"access_rules": [
								"$d2_A_hard, $kill_hard, $use_seeds, emberseeds",
								"$d2_A_hard, $kill_hard, $use_seeds, mysteryseeds",
								"$d2_B_hard, $kill_hard, bracelet",
							],
							"item_count": 1
						  },
						  {
							"name": "Chest surrounded \nby pots",
							"access_rules": [
								"$d2_A_hard, $kill_hard, $use_seeds, emberseeds, $destroy_pot",
								"$d2_A_hard, $kill_hard, $use_seeds, mysteryseeds, $destroy_pot",
								"$d2_B_hard, bracelet",
							],
							"item_count": 1
						  },
						  {
							"name": "Bracelet \nchest",
							"access_rules": [
								"$d2_A_hard, $kill_hard, $use_seeds, emberseeds, $kill_hardhat_pit_hard, $kill_moblin_pit_hard",
								"$d2_A_hard, $kill_hard, $use_seeds, mysteryseeds, $kill_hardhat_pit_hard, $kill_moblin_pit_hard",
								"$d2_B_hard, bracelet, $kill_hardhat_pit_hard, $kill_moblin_pit_hard",
							],
							"item_count": 1
						  },
						  {
							"name": "Chest before \nFaçade",
							"access_rules": [
								"$d2_A_hard, $use_seeds, emberseeds, $kill_hard, bracelet, bombs",
								"$d2_A_hard, $use_seeds, mysteryseeds, $kill_hard, bracelet, bombs",
								"$d2_B_hard, bracelet, bombs",
							],
							"item_count": 1
						  },
						  {
							"name": "Chest east of \nmoving platforms",
							"access_rules": [
								"$d2_A_hard, $use_seeds, emberseeds, $kill_hard, bracelet, bombs",
								"$d2_A_hard, $use_seeds, mysteryseeds, $kill_hard, bracelet, bombs",
								"$d2_B_hard, bracelet, bombs, $kill_facade",
							],
							"item_count": 1
						  },
						  
						  {
							"name": "Gift \nof Time",
							"access_rules": [
								"$d2_A_hard, $use_seeds, emberseeds, $kill_hard, bracelet, bombs",
								"$d2_A_hard, $use_seeds, mysteryseeds, $kill_hard, bracelet, bombs",
								"$d2_B_hard, bracelet, bombs",
							],
							"hosted_item": "d2",
							"item_count": 0
						  },
						],
						"map_locations": [
						  {
							"map": "holodrum",
							"x": 578,
							"y": 364
						  }
						]
					},
				]
			},
			{
				"name": "Woods of Winter",
				"access_rules": [
						"$fairy_fountain_hard, winter",
						"$fairy_fountain_hard, suburbs_winter",
						
						"notreewarp, $sunken_city_hard, flippers, satchel, galeseeds",
						"treewarp, $sunken_city_hard, flippers, [winter], [spring]",
						"notreewarp, $sunken_city_hard, flippers, winter, spring",
						
						"treewarp, $mount_cucco_hard, flippers, [winter], [spring], [sunken_summer]",
						"notreewarp, $mount_cucco_hard, flippers, winter, spring, sunken_summer",
						"treewarp, $mount_cucco_hard, flippers, [winter], [spring], [summer]",
						"notreewarp, $mount_cucco_hard, flippers, winter, spring, summer"
					],
				"children": [
					{
						"name": "Moblin Road",
						"sections": [
						  {
							"name": "Bomb the cave open",
							"access_rules": [
								"bombs, $destroy_bush, wow_spring",
								"bombs, $destroy_bush, wow_summer",
								"bombs, $destroy_bush, wow_fall",
								"bombs, $destroy_bush, spring",
								"bombs, $destroy_bush, summer",
								"bombs, $destroy_bush, fall",
								"ricky, $destroy_bush, wow_spring",
								"ricky, $destroy_bush, wow_summer",
								"ricky, $destroy_bush, wow_fall",
								"ricky, $destroy_bush, spring",
								"ricky, $destroy_bush, summer",
								"ricky, $destroy_bush, fall",
							],
							"item_count": 1
						  },
						],
						"map_locations": [
						  {
							"map": "holodrum",
							"x": 578,
							"y": 322
						  }
						]
					},
					{
						"name": "Waterfall cave",
						"sections": [
						  {
							"name": "Chest between Sunken \nCity and Moblin Road",
							"access_rules": [
								"$max_jump:3",
								"$max_jump:2, bombs",
								"flippers",
							],
							"item_count": 1
						  },
						],
						"map_locations": [
						  {
							"map": "holodrum",
							"x": 621,
							"y": 300
						  }
						]
					},
					{
						"name": "Holly's House",
						"sections": [
						  {
							"name": "Be Santa Claus",
							"access_rules": [
								"wow_winter", 
								"winter",
							],
							"item_count": 1
						  },
						],
						"map_locations": [
						  {
							"map": "holodrum",
							"x": 663,
							"y": 322
						  }
						]
					},
				]
			},
			{
				"name": "Holodrum Plain",
				"access_rules": [
					"$scent_tree_hard"
				],
				"children": [
					{
						"name": "Blaino",
						"sections": [
						  {
							"name": "(ง •̀_•́)ง",
							"item_count": 1
						  },
						],
						"map_locations": [
						  {
							"map": "holodrum",
							"x": 366,
							"y": 322
						  }
						]
					},
					{
						"name": "Cave behind mushrooms",
						"sections": [
						  {
							"name": "Upper ledge chest",
							"access_rules": [
								"flippers, $destroy_mushroom, plain_fall",
								"flippers, dimitri, plain_fall",
								
								"flippers, $destroy_mushroom, $plain_stump_hard, fall",
								"flippers, dimitri, $plain_stump_hard, fall",
							],
							"item_count": 1
						  },
						],
						"map_locations": [
						  {
							"map": "holodrum",
							"x": 323,
							"y": 364
						  }
						]
					},
					{
						"name": "Old man",
						"sections": [
						  {
							"name": "Round jewel item",
							"access_rules": [
								"flippers",
								"dimitri",
							],
							"item_count": 1
						  },
						],
						"map_locations": [
						  {
							"map": "holodrum",
							"x": 237,
							"y": 492
						  }
						]
					},
					{
						"name": "Flooded Cave",
						"sections": [
						  {
							"name": "Octo Ring chest",
							"access_rules": [
								"flippers",
							],
							"item_count": 1
						  },
						],
						"map_locations": [
						  {
							"map": "holodrum",
							"x": 152,
							"y": 492
						  }
						]
					},
				]
			},
			{
				"name": "Spool Swamp",
				"children": [
					{
						"name": "Floodgate Keeper",
						"sections": [
						  {
							"name": "Flooded item",
							"access_rules": [
								"$pegasus_tree_hard, $hit_lever",
							],
							"item_count": 1
						  },
						],
						"map_locations": [
						  {
							"map": "holodrum",
							"x": 109,
							"y": 279
						  }
						]
					},
					{
						"name": "Poison Moth's Lair",
						"access_rules": [
							"$enter_d3_hard"
						],
						"sections": [
						  {
							"name": "Pols Voice \nchest",
							"access_rules": [
								"$kill_beetle_hard",
							],
							"item_count": 1
						  },
						  {
							"name": "Secret bombable \nwall chest",
							"access_rules": [
								"$kill_beetle_hard, bombs",
							],
							"item_count": 1
						  },
						  {
							"name": "Feather \nchest",
							"access_rules": [
								"$kill_beetle_hard, bracelet, $kill_hard",
								"$kill_beetle_hard, $max_jump:1, $kill_hard",
							],
							"item_count": 1
						  },
						  {
							"name": "Water room \nchest",
							"access_rules": [
								"$kill_beetle_hard, bracelet",
								"$kill_beetle_hard, $max_jump:1",
							],
							"item_count": 1
						  },
						  {
							"name": "Trampoline compass \nchest",
							"access_rules": [
								"$kill_beetle_hard, $max_jump:1",
							],
							"item_count": 1
						  },
						  {
							"name": "Chest before \nOmuai",
							"access_rules": [
								"$kill_beetle_hard, $max_jump:1",
							],
							"item_count": 1
						  },
						  {
							"name": "Far left chest \nafter Omuai",
							"access_rules": [
								"$kill_beetle_hard, $kill_omuai_hard, $max_jump:1",
							],
							"item_count": 1
						  },
						  
						  {
							"name": "Bright \nSun",
							"access_rules": [
								"$kill_beetle_hard, $kill_omuai_hard, $max_jump:1, $kill_mothula_hard",
							],
							"hosted_item": "d3",
							"item_count": 0
						  },
						  
						],
						"map_locations": [
						  {
							"map": "holodrum",
							"x": 25,
							"y": 279
						  }
						]
					},
					{
						"name": "Square Jewel cave",
						"sections": [
						  {
							"name": "Square Jewel item",
							"access_rules": [
								"$south_swamp_hard, swamp_winter, shovel, bombs",
								"$south_swamp_hard, swamp_winter, $any_flute, bombs",
								"$south_swamp_hard, swamp_winter, ricky",
								
								"$south_swamp_hard, $swamp_stump_hard, winter, shovel, bombs",
								"$south_swamp_hard, $swamp_stump_hard, winter, $any_flute, bombs",
								"$south_swamp_hard, $swamp_stump_hard, winter, ricky",
							],
							"item_count": 1
						  },
						],
						"map_locations": [
						  {
							"map": "holodrum",
							"x": 109,
							"y": 534
						  }
						]
					},
				]
			},
			{
				"name": "Natzu region",
				"children": [
					{
						"name": "Lone staircase",
						"sections": [
						  {
							"name": "Moving platforms chest",
							"access_rules": [
								"$scent_tree_hard, flippers",
								"$scent_tree_hard, dimitri"
							],
							"item_count": 1
						  },
						  
						],
						"map_locations": [
						  {
							"map": "holodrum",
							"x": 407,
							"y": 195
						  }
						]
					},
					{
						"name": "Moblin's Keep",
						"sections": [
						  {
							"name": "Ruins chest",
							"access_rules": [
								"$moblin_keep_hard, bracelet"
							],
							"item_count": 1
						  },
						],
						"map_locations": [
						  {
							"map": "holodrum",
							"x": 493,
							"y": 237
						  }
						]
					},
				]
			},	
			{
				"name": "Sunken City Area",
				"color": "#ff3c00",
				"access_rules": [
					"$sunken_city_hard",
					
					"treewarp, $mount_cucco_hard, flippers, [sunken_summer]",
					"notreewarp, $mount_cucco_hard, flippers, sunken_summer",
					
					"treewarp, $mount_cucco_hard, flippers, [summer]",
					"notreewarp, $mount_cucco_hard, flippers, summer",
					
					"$mount_cucco_hard, flippers, summer, satchel, galeseeds"
				],
				"children": [
					{
						"name": "Waterfalls",
						"sections": [
						  {
							"name": "Master's Plaque \nchest",
							"access_rules": [
								"sword1, $max_jump:1",
								"sword1, flippers",
							],
							"item_count": 1
						  },
						  {
							"name": "The master \ndiver",
							"access_rules": [
								"dimitri, plaque",
								"$max_jump:1, plaque",
								"flippers, plaque",
								"sunken_winter, plaque"
							],
							"item_count": 1
						  },
						  {
							"name": "Chest opposite \nto the master",
							"access_rules": [
								"$max_jump:1",
								"flippers",
								"sunken_winter",
								"dimitri"
							],
							"item_count": 1
						  },
						],
						"map_locations": [
						  {
							"map": "holodrum",
							"x": 621,
							"y": 110
						  }
						]
					},
					{
						"name": "Sunken City cliffs",
						"sections": [
						  {
							"name": "Climb the vines",
							"access_rules": [
								"$destroy_bush, flippers, sunken_summer",
								"$destroy_bush, flippers, summer",
							],
							"item_count": 1
						  },
						],
						"map_locations": [
						  {
							"map": "holodrum",
							"x": 662,
							"y": 195
						  }
						]
					},
				]
			},
			{
				"name": "Mount Cucco Area",
				"access_rules": [
					"$mount_cucco_hard"
				],
				"children": [
					{
						"name": "Mt. Cucko peak",
						"sections": [
						  {
							"name": "Banana",
							"access_rules": [
								
								"{spring, bracelet}",
								"{sunken_spring, bracelet}",	
								"spring, bracelet, $max_jump:1, sword1",
								"spring, bracelet, $max_jump:1, foolsore",
								"sunken_spring, bracelet, $max_jump:1, sword1",								
								"sunken_spring, bracelet, $max_jump:1, foolsore",								
								
							],
							"capture_item": true,
							"item_count": 1
						  },
						],
						"map_locations": [
						  {
							"map": "holodrum",
							"x": 662,
							"y": 25
						  }
						]
					},
					{
						"name": "Talon's Cave",
						"sections": [
						  {
							"name": "Chest past blocks",
							"access_rules": [
								"$talon_cave_hard",	
							],
							"item_count": 1
						  },
						],
						"map_locations": [
						  {
							"map": "holodrum",
							"x": 493,
							"y": 68
						  }
						]
					},
					{
						"name": "Dancing Dragon Dungeon",
						"access_rules": [
								"$enter_d4_hard",
							],
						"sections": [
						  {
							"name": "Chest before \nminecart",
							"access_rules": [
								"flippers",
								"$max_jump:4",
							],
							"item_count": 1
						  },
						  {
							"name": "Alternate path \nwest chest",
							"access_rules": [
								"flippers, bombs",
								"$max_jump:4, bombs",
							],
							"item_count": 1
						  },
						  {
							"name": "Chest in \nbombable wall",
							"access_rules": [
								"flippers, $max_jump:1, bombs",
								"$max_jump:4, bombs",
							],
							"item_count": 1
						  },
						  {
							"name": "Slingshot \nchest",
							"access_rules": [
								"flippers, $max_jump:1, bombs, $hit_lever, $kill_stalfos_hard, $kill_hard, $kill_agunima",
							],
							"item_count": 1
						  },
						  {
							"name": "Dive in the \nright eye",
							"access_rules": [
								"flippers, $max_jump:1, bombs, $hit_lever, $kill_stalfos_hard, $kill_hard, $kill_agunima, $hit_far_lever",
							],
							"item_count": 1
						  },
						  
						  {
							"name": "Soothing \nRain",
							"access_rules": [
								"flippers, $max_jump:2, bombs, $hit_lever, $kill_stalfos_hard, $kill_hard, $kill_agunima, $shoot_seeds, emberseeds, $kill_gohma",
							],
							"hosted_item": "d4",
							"item_count": 0
						  },
						  
						],
						"map_locations": [
						  {
							"map": "holodrum",
							"x": 578,
							"y": 68
						  }
						]
					},
					{
						"name": "D4 Underwater passage",
						"sections": [
						  {
							"name": "Pyramid jewel item",
							"access_rules": [
								"$talon_cave_hard, flippers",
							],
							"item_count": 1
						  },
						],
						"map_locations": [
						  {
							"map": "holodrum",
							"x": 598,
							"y": 50
						  }
						]
					},
				]
			},
			{
				"name": "Goron Mountain",
				"children": [
					{
						"name": "Moosh area",
						"sections": [
						  {
							"name": "Dragon Key item",
							"access_rules": [
								"{$mount_cucco_hard}",
								"$mount_cucco_hard, banana",
								"$mount_cucco_hard, moosh",
								"$mount_cucco_hard, $max_jump:3",
							],
							"capture_item": true,
							"item_count": 1
						  },
						],
						"map_locations": [
						  {
							"map": "holodrum",
							"x": 449,
							"y": 68
						  }
						]
					},
					{
						"name": "Goron Caves",
						"sections": [
						  {
							"name": "Lava room chest",
							"access_rules": [
								"$goron_mountain_hard, bombs, $max_jump:2",
							],
							"item_count": 1
						  },
						],
						"map_locations": [
						  {
							"map": "holodrum",
							"x": 386,
							"y": 88
						  }
						]
					},
				]
			},
			{
				"name": "Tarm Ruins",
				"access_rules": [
					"$tarm_ruins_hard"
				],
				"children": [
					{
						"name": "Noble Sword pedestal",
						"sections": [
						  {
							"name": "Winter->W->Fall->\nW->Spring->W->\nSummer->W",
							"access_rules": [
								"$destroy_mushroom, winter, spring, summer, fall"
							],
							"item_count": 1
						  },
						  
						],
						"map_locations": [
						  {
							"map": "holodrum",
							"x": 25,
							"y": 195
						  }
						]
					},
					{
						"name": "Tree behind mushrooms",
						"sections": [
						  {
							"name": "Chest down the stairs",
							"access_rules": [
								"$tarm_tree_hard, $use_seeds, emberseeds",
								],
							"item_count": 1
						  },
						  
						],
						"map_locations": [
						  {
							"map": "holodrum",
							"x": 25,
							"y": 68
						  }
						]
					},
					{
						"name": "Ancient Ruins",
						"access_rules": [
								"$enter_d6_hard",
							],
						"sections": [
						  {
							"name": "Crumbling \nfloor chest",
							"item_count": 1
						  },
						  {
							"name": "Moving platforms \nleft side chest",
							"access_rules": [
								"$max_jump:4",
								"$max_jump:1, magnet",
								],
							"item_count": 1
						  },
						  {
							"name": "Gibdo room \nchest",
							"access_rules": [
								"$max_jump:4",
								"$max_jump:2, magnet",
							],
							"item_count": 1
						  },
						  {
							"name": "Armos \nchest",
							"access_rules": [
								"$max_jump:4, bombs",
								"$max_jump:2, magnet, bombs",
							],
							"item_count": 1
						  },
						  {
							"name": "Magic Boomerang \nchest",
							"access_rules": [
								"$max_jump:4, bombs",
								"$max_jump:2, magnet, bombs",
							],
							"item_count": 1
						  },
						  {
							"name": "Chest past \nthe Ropes",
							"access_rules": [
							],
							"item_count": 1
						  },
						  {
							"name": "Crystals room \nchest",
							"item_count": 1
						  },
						  {
							"name": "Chest after \ntrap room",
							"access_rules": [
								"$destroy_crystal, $max_jump:2, magicboomerang, $use_seeds, emberseeds",
								"$destroy_crystal, $max_jump:2, magicboomerang, $use_seeds, mysteryseeds, [emberseeds]"
							],
							"item_count": 1
						  },
						  
						  {
							"name": "Blowing \nWind",
							"access_rules": [
								"$destroy_crystal, $max_jump:2, magicboomerang, $use_seeds, emberseeds, $kill_stalfos_hard, $kill_vire_hard, $kill_hardhat_magnet_hard, $kill_manhandla_hard",
								"$destroy_crystal, $max_jump:2, magicboomerang, $use_seeds, mysteryseeds, [emberseeds], $kill_stalfos_hard, $kill_vire_hard, $kill_hardhat_magnet_hard, $kill_manhandla_hard"
							],
							"hosted_item": "d6",
							"item_count": 0
						  },

						],
						"map_locations": [
						  {
							"map": "holodrum",
							"x": 25,
							"y": 25
						  }
						]
					},
				]
			},
			{
				"name": "Samasa Desert",
				"access_rules": [
					"$suburbs_hard, $pirate_house_hard",
					
										
					"treewarp, $fairy_fountain_natzu_hard, $pirate_house, [spring]",
					"notreewarp, $fairy_fountain_natzu_hard, $pirate_house, spring",
					"notreewarp, $fairy_fountain_natzu_hard, $pirate_house, satchel, galeseeds"
				],
				"children": [
					{
						"name": "Desert holes",
						"sections": [
						  {
							"name": "Rusty Bell item",
							"access_rules": [
								"bracelet"
							],
							"item_count": 1
						  },
						],
						"map_locations": [
						  {
							"map": "holodrum",
							"x": 621,
							"y": 580
						  }
						]
					},
					{
						"name": "Secret passage",
						"sections": [
						  {
							"name": "Blast Ring chest",
							"access_rules": [
								"flippers"
							],
							"item_count": 1
						  },
						],
						"map_locations": [
						  {
							"map": "holodrum",
							"x": 663,
							"y": 662
						  }
						]
					},
				]
			},
			{
				"name": "Temple Remains",
				"color": "#ff3c00",
				"children": [
					{
						
					},
				]
			},
		
		]
	},
	{
		"name": "Subrosia",
		"chest_unopened_img": "images/chest.png",
		"chest_opened_img": "images/chestopen.png",
		"children": [
			{
				"name": "Temple of Seasons",
				"color": "#ff3c00",
				"access_rules": [
					// Rosa portal, including sequence breaks
					"$use_seeds, emberseeds, $destroy_bush",
					"treewarp, $suburbs_natzu, [spring]",
					"notreewarp, $suburbs_natzu, spring",
					"notreewarp, $suburbs_natzu, satchel, galeseeds",
					"$suburbs_natzu, suburbs_spring",
					
					// Swamp portal
					"$north_stump, flippers, bracelet, $temple_to_beach",
					"$north_stump, dimitri, bracelet, $temple_to_beach",
					
					// Mountain portal
					"$portal_mountain, $hns_to_beach_hard, $temple_to_beach",
					"$portal_village, $hns_to_beach_hard, $temple_to_beach",
					"$portal_mountain, $temple_to_hns_hard",
					"$portal_village, $temple_to_hns_hard",
					
					// Lake portal
					"$portal_lake, $max_jump:1, $furnace_to_beach_hard",
					
					// Remains portal
					"$portal_remains_hard, $remains_to_temple_hard"
				],
				"children": [
					{
						"name": "Main chamber",
						"sections": [
						  {
							"name": "Rod of Seasons item",
							"access_rules": [
							],
							"item_count": 1
						  }
						],
						"map_locations": [
						  {
							"map": "subrosia",
							"x": 204,
							"y": 12
						  }
						]
					},
					{
						"name": "Summer tower",
						"sections": [
						  {
							"name": "Summer spirit item",
							"access_rules": [
								"$beach_hard, ribbon, bracelet"
							],
							"item_count": 1
						  }
						],
						"map_locations": [
						  {
							"map": "subrosia",
							"x": 182,
							"y": 12
						  }
						]
					},
					{
						"name": "Fall tower",
						"sections": [
						  {
							"name": "Fall spirit item",
							"access_rules": [
								"$furnace_hard, bracelet, $max_jump:1"
							],
							"item_count": 1
						  }
						],
						"map_locations": [
						  {
							"map": "subrosia",
							"x": 225,
							"y": 12
						  }
						]
					},
					{
						"name": "Winter tower",
						"sections": [
						  {
							"name": "Winter spirit item",
							"access_rules": [
								"$hit_far_switch",
								"$max_jump:1"
							],
							"item_count": 1
						  }
						],
						"map_locations": [
						  {
							"map": "subrosia",
							"x": 225,
							"y": 54
						  }
						]
					},
					{
						"name": "Subrosian Smithy",
						"sections": [
						  {
							"name": "Deliver the Hard Ore",
							"access_rules": [
								"hardore"
							],
							"item_count": 1
						  }
						],
						"map_locations": [
						  {
							"map": "subrosia",
							"x": 75,
							"y": 75
						  }
						]
					},
				]
			},
			{
				"name": "Northern region",
				"color": "#ff3c00",
				"access_rules": [
					// Rosa portal, including sequence breaks
					"$use_seeds, emberseeds, $destroy_bush",
					"treewarp, $suburbs_natzu, [spring]",
					"notreewarp, $suburbs_natzu, spring",
					"notreewarp, $suburbs_natzu, satchel, galeseeds",
					"$suburbs_natzu, suburbs_spring",
					
					// Swamp portal
					"$south_swamp_hard, flippers, bracelet, $temple_to_beach",
					"$south_swamp_hard, dimitri, bracelet, $temple_to_beach",
					
					// Mountain portal
					"$portal_mountain, $hns_to_beach_hard, $temple_to_beach",
					"$portal_village, $hns_to_beach_hard, $temple_to_beach",
					"$portal_mountain, $temple_to_hns_hard",
					"$portal_village, $temple_to_hns_hard",
					
					// Lake portal
					"$portal_lake, $max_jump:1, $furnace_to_beach_hard",
					
					// Remains portal
					"$portal_remains_hard, $remains_to_temple_hard"
				],
				"children": [
					{
						"name": "Subrosian dancing",
						"sections": [
						  {
							"name": "┏(-_-)┓┏(-_-)┛\n┗(-_- )┓┗(-_-)┛",
							"access_rules": [
								"$temple_hard"
							],
							"item_count": 1
						  }
						],
						"map_locations": [
						  {
							"map": "subrosia",
							"x": 97,
							"y": 54
						  }
						]
					},
					{
						"name": "Rosa's world tour",
						"sections": [
						  {
							"name": "Open the cave",
							"access_rules": [
								"$beach_hard, $bridge_hard, $max_jump:1, ribbon"
							],
							"item_count": 1
						  }
						],
						"map_locations": [
						  {
							"map": "subrosia",
							"x": 54,
							"y": 33
						  }
						]
					},
					{
						"name": "Cave in the mountain",
						"sections": [
						  {
							"name": "Chest",
							"access_rules": [
								"$temple_to_bridge"
							],
							"item_count": 1
						  }
						],
						"map_locations": [
						  {
							"map": "subrosia",
							"x": 33,
							"y": 33
						  }
						]
					},
				]
			},
			{
				"name": "Southern region",
				"color": "#ff3c00",
				"access_rules": [
					// Rosa portal, including sequence breaks
					"$use_seeds, emberseeds, $destroy_bush, $temple_to_beach",
					"treewarp, $suburbs_natzu, [spring], $temple_to_beach",
					"notreewarp, $suburbs_natzu, spring, $temple_to_beach",
					"notreewarp, $suburbs_natzu, satchel, galeseeds, $temple_to_beach",
					"$suburbs_natzu, suburbs_spring, $temple_to_beach",
					
					// Swamp portal
					"$south_swamp_hard, flippers, bracelet",
					"$south_swamp_hard, dimitri, bracelet",
					
					// Mountain portal
					"$portal_mountain, $hns_to_beach_hard, $temple_to_beach",
					"$portal_village, $hns_to_beach_hard, $temple_to_beach",
					"$portal_mountain, $temple_to_hns_hard",
					"$portal_village, $temple_to_hns_hard",
					
					// Lake portal
					"$portal_lake, $max_jump:1, $furnace_to_beach_hard",
					
					// Remains portal
					"$portal_remains_hard, $remains_to_temple_hard"
				],
				"children": [
					{
						"name": "Subrosian seaside",
						"sections": [
						  {
							"name": "Star Ore item",
							"access_rules": [
								"shovel"
							],
							"item_count": 1
						  }
						],
						"map_locations": [
						  {
							"map": "subrosia",
							"x": 130,
							"y": 150
						  }
						]
					},
					{
						"name": "Subrosian market",
						"sections": [
						  {
							"name": "Exchange \nStar Ore",
							"access_rules": [
								"{}", "starore"
							],
							"capture_item": true,
							"item_count": 1
						  },
						  {
							"name": "Second item \n(20 + 10 ember seeds)",
							"access_rules": [
								"{}", 
								"[shovel], emberseeds",
								"sword1, emberseeds",
							],
							"capture_item": true,
							"item_count": 1
						  },
						  {
							"name": "Fifth item \n(5)",
							"access_rules": [
								"{}", 
								"[shovel]", 
								"sword"
							],
							"capture_item": true,
							"item_count": 1
						  },
						],
						"map_locations": [
						  {
							"map": "subrosia",
							"x": 119,
							"y": 97
						  }
						]
					},
					{
						"name": "Furnace area",
						"access_rules": [
							// Rosa portal, including sequence breaks
							"$use_seeds, emberseeds, $destroy_bush, $temple_to_beach, $beach_to_furnace_hard",
							"treewarp, $suburbs_natzu, [spring], $temple_to_beach, $beach_to_furnace_hard",
							"notreewarp, $suburbs_natzu, spring, $temple_to_beach, $beach_to_furnace_hard",
							"notreewarp, $suburbs_natzu, satchel, galeseeds, $temple_to_beach_hard, $beach_to_furnace_hard",
							"$suburbs_natzu, suburbs_spring, $temple_to_beach_hard, $beach_to_furnace_hard",
							
							// Swamp portal
							"$south_swamp_hard, flippers, bracelet, $beach_to_furnace_hard",
							"$south_swamp_hard, dimitri, bracelet, $beach_to_furnace_hard",
							
							// Mountain portal
							"$portal_mountain, $hns_to_beach_hard, $temple_to_beach",
							"$portal_village, $hns_to_beach_hard, $temple_to_beach",
							"$portal_mountain, $hns_to_beach_hard, $beach_to_furnace_hard",
							"$portal_village, $hns_to_beach_hard, $beach_to_furnace_hard",
							
							// Lake portal
							"$portal_lake, $max_jump:1",
							
							// Remains portal
							"$portal_remains_hard, $remains_to_temple_hard, $temple_to_beach_hard, $beach_to_furnace_hard"
						],
						"sections": [
						  {
							"name": "Red Ore chest",
							"access_rules": [
								"$furnace_hard, cape",
								"$furnace_hard, magnet"
							],
							"item_count": 1
						  }
						],
						"map_locations": [
						  {
							"map": "subrosia",
							"x": 182,
							"y": 118
						  }
						]
					},
					{
						"name": "Great Furnace",
						"access_rules": [
							// Rosa portal, including sequence breaks
							"$use_seeds, emberseeds, $destroy_bush, $temple_to_beach, $beach_to_furnace",
							"treewarp, $suburbs_natzu, [spring], $temple_to_beach, $beach_to_furnace",
							"notreewarp, $suburbs_natzu, spring, $temple_to_beach, $beach_to_furnace",
							"notreewarp, $suburbs_natzu, satchel, galeseeds, $temple_to_beach, $beach_to_furnace",
							"$suburbs_natzu, suburbs_spring, $temple_to_beach, $beach_to_furnace",
							
							// Swamp portal
							"$south_swamp, flippers, bracelet, $beach_to_furnace",
							"$south_swamp, dimitri, bracelet, $beach_to_furnace",
							
							// Mountain portal
							"$portal_mountain, $hns_to_beach, $beach_to_furnace",
							"$portal_village, $hns_to_beach, $beach_to_furnace",
							"$portal_mountain, $temple_to_hns, $beach_to_furnace",
							"$portal_village, $temple_to_hns, $beach_to_furnace",
							
							// Lake portal
							"$portal_lake, $max_jump:1",
							
							// Remains portal
							"$portal_remains, $remains_to_temple, $beach_to_furnace"
						],
						"sections": [
						  {
							"name": "Fuse the ores",
							"access_rules": [
								"$max_jump:1, bracelet, blueore, redore",
							],
							"item_count": 1
						  }
						],
						"map_locations": [
						  {
							"map": "subrosia",
							"x": 204,
							"y": 97
						  }
						]
					},
				]
			},
			{
				"name": "Western region",
				"color": "#ff3c00",
				"access_rules": [
					"$hns_hard",
				],
				"children": [
					{
						"name": "Subrosian Wilds",
						"sections": [
						  {
							"name": "Blue Ore chest",
							"access_rules": [
								"cape",
								"magnet",
							],
							"item_count": 1
						  }
						],
						"map_locations": [
						  {
							"map": "subrosia",
							"x": 33,
							"y": 97
						  }
						]
					},
					{
						"name": "Spring tower",
						"sections": [
						  {
							"name": "Spring spirit item",
							"access_rules": [
								"$max_jump:1"
							],
							"item_count": 1
						  }
						],
						"map_locations": [
						  {
							"map": "subrosia",
							"x": 182,
							"y": 54
						  }
						]
					},
				]
			},
			{
				"name": "Sword and Shield Maze",
				"color": "#ff3c00",
				"access_rules": [
					"$portal_d8_hard"
				],
				"sections": [
				  {
					"name": "Three eyes \nchest",
					"access_rules": [
						"$max_jump:1, slingshot2",
					],
					"item_count": 1
				  },
				  {
					"name": "Spike room \nchest",
					"access_rules": [
						"$destroy_pot, $shoot_seeds, $max_jump:2",
						
						// slingshotless
						"$destroy_pot, satchel, emberseeds, $max_jump:2",
						"$destroy_pot, satchel, mysteryseeds, $max_jump:2",
						"$destroy_pot, satchel, scentseeds, $max_jump:2",
					],
					"item_count": 1
				  },
				  {
					"name": "Wait for \nthe Armos",
					"access_rules": [
						"$destroy_pot, $shoot_seeds, $max_jump:2, $kill_hardhat_magnet_hard",
						
						// slingshotless
						"$destroy_pot, satchel, emberseeds, $max_jump:2, $kill_hardhat_magnet_hard",
						"$destroy_pot, satchel, mysteryseeds, $max_jump:2, $kill_hardhat_magnet_hard",
						"$destroy_pot, satchel, scentseeds, $max_jump:2, $kill_hardhat_magnet_hard",
					],
					"item_count": 1
				  },
				  {
					"name": "Hyper Slingshot \nchest",
					"access_rules": [
						"$destroy_pot, $shoot_seeds, $max_jump:2, $kill_hardhat_magnet_hard, magnet",
						
						// slingshotless
						"$destroy_pot, satchel, emberseeds, $max_jump:2, $kill_hardhat_magnet_hard, magnet",
						"$destroy_pot, satchel, mysteryseeds, $max_jump:2, $kill_hardhat_magnet_hard, magnet",
						"$destroy_pot, satchel, scentseeds, $max_jump:2, $kill_hardhat_magnet_hard, magnet",
					],
					"item_count": 1
				  },
				  {
					"name": "Chest after \nPols Voice",
					"access_rules": [
						"$destroy_pot, $max_jump:3, $kill_hardhat_magnet_hard, magnet, [slingshot2], [emberseeds]",
					],
					"item_count": 1
				  },
				  {
					"name": "Lava bomb \nchest",
					"access_rules": [
						"$destroy_pot, $max_jump:2, $kill_hardhat_magnet_hard, magnet, [slingshot2], [emberseeds], magicboomerang, bombs",
						"$destroy_pot, $max_jump:2, $kill_hardhat_magnet_hard, magnet, [slingshot2], [emberseeds], bombs",
					],
					"item_count": 1
				  },
				  
				  {
					"name": "Changing \nSeasons",
					"access_rules": [
						"$destroy_pot, $max_jump:2, $kill_hardhat_magnet_hard, magnet, [slingshot2], [emberseeds], magicboomerang, bombs, $hit_lever, $kill_medusahead",
						"$destroy_pot, $max_jump:2, $kill_hardhat_magnet_hard, magnet, [slingshot2], [emberseeds], bombs, $hit_lever, $kill_medusahead",
					],
					"hosted_item": "d8",
					"item_count": 0
				  },
				],
				"map_locations": [
				  {
					"map": "subrosia",
					"x": 12,
					"y": 12
				  },
				  {
					"map": "holodrum",
					"x": 194,
					"y": 25
				  }
				]
			},
		]
	}
]