﻿[
  //  Light World                
  {
    "name": "Light World",
    "color": "#059134",
    "children": [

      //  Northwest Hyrule
      {
        "name": "Northwest Hyrule",
        "group": "Lost Woods",

        "children": [

          //  Pedestal
          {
            "name": "Master Sword Pedestal",
            "short_name": "Pedestal",
            "map_locations": [
              {
                "map": "lightworld",
                "x": 83,
                "y": 101
              }
            ],
            "sections": [
              {
                "name": "Pedestal",
                "capture_item": true,
                "access_rules": [ "greenpendant,pendant:2", "{book}" ],
                "item_count": 1
              }
            ]
          },

          //  Lumberjacks
          {
            "name": "Lumberjack Cave",
            "short_name": "Lumberjacks",
            "map_locations": [
              {
                "map": "lightworld",
                "x": 633,
                "y": 117
              }
            ],
            "sections": [
              {
                "name": "Cave",
                "capture_item": true,
                "access_rules": [ "aga1,boots", "{}" ],
                "item_count": 1
              }
            ]
          },

          //  Kakariko
          {
            "name": "Kakariko Village",
            "group": "Kakariko Area",

            "children": [
              {
                "name": "Blind's House",
                "map_locations": [
                  {
                    "map": "lightworld",
                    "x": 307,
                    "y": 840
                  }
                ],
                "sections": [
                  {
                    "name": "Basement",
                    "short_name": "Main",
                    "item_count": 0
                  },
                  {
                    "name": "Bombable Wall",
                    "short_name": "Bomb",
                    "item_count": 1
                  }
                ]
              },
              {
                "name": "The Well",
                "map_locations": [
                  {
                    "map": "lightworld",
                    "x": 47,
                    "y": 833
                  }
                ],
                "sections": [
                  {
                    "name": "Cave",
                    "item_count": 4
                  },
                  {
                    "name": "Bombable Wall",
                    "short_name": "Bomb",
                    "item_count": 1
                  }
                ]
              },
              {
                "name": "Bottle Vendor",
                "map_locations": [
                  {
                    "map": "lightworld",
                    "x": 190,
                    "y": 933
                  }
                ],
                "sections": [
                  {
                    "name": "Vendor",
                    "item_count": 1
                  }
                ]
              },
              {
                "name": "Chicken House",
                "map_locations": [
                  {
                    "map": "lightworld",
                    "x": 197,
                    "y": 1066
                  }
                ],
                "sections": [
                  {
                    "name": "Bombable Wall",
                    "item_count": 1
                  }
                ]
              },
              {
                "name": "Tavern",
                "map_locations": [
                  {
                    "map": "lightworld",
                    "x": 320,
                    "y": 1145
                  }
                ],
                "sections": [
                  {
                    "name": "Back Room",
                    "item_count": 1
                  }
                ]
              },
              {
                "name": "Sick Kid",
                "map_locations": [
                  {
                    "map": "lightworld",
                    "x": 314,
                    "y": 1060
                  }
                ],
                "sections": [
                  {
                    "name": "By The Bed",
                    "access_rules": [ "bottle" ],
                    "item_count": 1
                  }
                ]
              },
              {
                "name": "Magic Bat",
                "map_locations": [
                  {
                    "map": "lightworld",
                    "x": 650,
                    "y": 1127
                  }
                ],
                "access_rules": [ "hammer", "lift2,moonpearl,mirror", "boots" ],
                "sections": [
                  {
                    "name": "Magic Bowl",
                    "access_rules": [ "powder", "somaria,mushroom,[powder]" ],
                    "item_count": 1
                  }
                ]
              },
              {
                "name": "Race Game",
                "map_locations": [
                  {
                    "map": "lightworld",
                    "x": 111,
                    "y": 1354
                  }
                ],
                "sections": [
                  {
                    "name": "Take This Trash",
                    "item_count": 1
                  }
                ]
              },
              {
                "name": "Library",
                "map_locations": [
                  {
                    "map": "lightworld",
                    "x": 313,
                    "y": 1310
                  }
                ],
                "sections": [
                  {
                    "name": "On The Shelf",
                    "access_rules": [ "boots", "{}" ],
                    "capture_item": true,
                    "item_count": 1
                  }
                ]
              }
            ]
          },
          //  Lost Woods
          {
            "name": "Lost Woods",
            "map_locations": [
              {
                "map": "lightworld",
                "x": 320,
                "y": 260
              }
            ],
            "sections": [
              {
                "name": "Mushroom Spot",
                "short_name": "Shroom",
                "item_count": 1
              },
              {
                "name": "Forest Hideout",
                "short_name": "Hideout",
                "item_count": 1
              }
            ]
          }
        ]
      },

      //  Central Hyrule
      {
        "name": "Central Hyrule",
        "group": "Central Hyrule",

        "children": [
          {
            "name": "Castle Secret Entrance",
            "short_name": "Uncle",
            "color": "#701d43",
            "map_locations": [
              {
                "map": "lightworld",
                "x": 1196,
                "y": 834
              }
            ],
            "sections": [
              {
                "name": "Uncle & Hallway",
                "item_count": 2
              }
            ]
          },
          {
            "name": "Hyrule Castle & Sanctuary",
            "short_name": "Castle Escape",
            "color": "#701d43",
            "map_locations": [
              {
                "map": "lightworld",
                "x": 1003,
                "y": 906
              },
              {
                "map": "lightworld",
                "x": 925,
                "y": 536
              }
            ],
            "sections": [
              {
                "name": "Escape",
                "short_name": "",
                "clear_as_group": false,
                "access_rules": [ "[lamp],[lift1]" ],
                "item_count": 8
              },
              {
                "name": "Items (6)",
                "hosted_item": "hc_item"
              }
            ]
          },
          {
            "name": "Agahnim",
            "color": "#701d43",
            "map_locations": [
              {
                "map": "lightworld",
                "x": 1003,
                "y": 807
              }
            ],
            "sections": [
              {
                "name": "Agahnim",
                "access_rules": [ "[lamp],mst", "[lamp],sword,cape" ],
                "hosted_item": "aga1"
              }
            ]
          },

          {
            "name": "Link's House",
            "map_locations": [
              {
                "map": "lightworld",
                "x": 1097,
                "y": 1366
              }
            ],
            "sections": [
              {
                "name": "By The Door",
                "item_count": 1
              }
            ]
          },
          {
            "name": "Grove Digging Spot",
            "short_name": "Dig Spot",
            "map_locations": [
              {
                "map": "lightworld",
                "x": 600,
                "y": 1350
              }
            ],
            "access_rules": [ "shovel" ],
            "sections": [
              {
                "name": "Hidden Treasure",
                "item_count": 1
              }
            ]
          },
          {
            "name": "Dark Central (Pyramid)",
            "color": "#35046b",
            "access_rules": [ "aga1", "pearl, lift2, boots", "pearl, lift2, flippers", "pearl, hammer, lift1",  // NMG Access
                              "mirror, boots, sword", "mirror, boots, hookshot", //  Spinspeed mapwrap, portal
                              "pearl, boots", "[lamp], pearl, mirror, lift1", "pearl, mirror, flute"], //dmd  
            "children": [
              {
                "name": "Pyramid Ledge",
                "sections": [
                  {
                    "name": "Ledge",
                    "item_count": 1
                  }
                ],
                "map_locations": [
                  {
                    "map": "darkworld",
                    "x": 1164,
                    "y": 922
                  }
                ]
              }
            ]
          },
          {
            "name": "Fat Fairy",
            "color": "#35046b",
            "access_rules": [ "lift1,hammer,pearl,crystal56:2", "aga1,pearl,hookshot,flippers,mirror,crystal56:2", "aga1,pearl,hookshot,lift1,mirror,crystal56:2", "aga1,hammer,pearl,crystal56:2", "aga1,lift2,pearl,mirror,crystal56:2", "lift2,pearl,crystal56:2,[hammer]",  // NMG
                              "mirror, boots, sword", "mirror, boots, hookshot"], // Spinspeed MapWrap
            "sections": [
              {
                "name": "Big Bomb Spot",
                "item_count": 2
              }
            ],
            "map_locations": [
              {
                "map": "darkworld",
                "x": 940,
                "y": 976
              }
            ]
          },
          
          {
            "name": "Bombos Tablet",
            "group": "Desert Area",
            "color": "#aa860d",
            "sections": [
              {
                "name": "Tablet",
                "access_rules": [ "lift2, pearl, mirror,book,sword2", "{lift2, pearl, mirror,book}", // NMG
                                  "lift1, hammer, pearl, mirror,book,sword2", "{lift1, hammer, pearl, mirror,book}", // NMG
                                  "aga1, hammer, pearl, mirror,book,sword2", "{aga1, hammer, pearl, mirror,book}", // NMG
                                  "aga1, pearl, flippers, hookshot, mirror,book,sword2", "{aga1, pearl, flippers, hookshot, mirror,book}", // NMG
                                  "aga1, pearl, lift1, hookshot, mirror,book,sword2", "{aga1, pearl, lift1, hookshot, mirror,book}", // NMG
                                  "boots, book, sword2", "{boots, book}" ], // OWG
                "capture_item": true,
                "item_count": 1
              }
            ],
            "map_locations": [
              {
                "map": "lightworld",
                "x": 440,
                "y": 1845
              },
            ]
          },
          {
            "name": "South of Grove",
            "access_rules": [ "lift2, pearl, mirror", // NMG
                              "lift1, hammer, pearl, mirror", // NMG
                              "aga1, hammer, pearl, mirror", // NMG
                              "aga1, pearl, flippers, hookshot, mirror", // NMG
                              "aga1, pearl, lift1, hookshot, mirror", // NMG
                              "boots" ], // OWG 
            "sections": [
              {
                "name": "South of Grove",
                "item_count": 1
              }
            ],
            "map_locations": [
              {
                "map": "lightworld",
                "x": 552,
                "y": 1693
              },
            ]
          },
          {
            "name": "Dark Central (Left)",
            "color": "#35046b",
            "access_rules": [ "lift2,pearl", "lift1,hammer,pearl", "aga1,hammer,pearl", "aga1,pearl,flippers,hookshot", "aga1,pearl,hammer,hookshot", "aga1,pearl,lift1,hookshot", // NMG
                              "boots, pearl", "mirror, pearl"], // DMD
            "children": [
              {
                "name": "Haunted Grove",
                "sections": [
                  {
                    "name": "Stumpy",
                    "item_count": 1
                  }
                ],
                "map_locations": [
                  {
                    "map": "darkworld",
                    "x": 620,
                    "y": 1371
                  }
                ]
              },
              {
                "name": "Hype Cave",
                "color": "#35046b",
                "sections": [
                  {
                    "name": "Cave",
                    "item_count": 5
                  }
                ],
                "map_locations": [
                  {
                    "map": "darkworld",
                    "x": 1200,
                    "y": 1560
                  }
                ]
              },
              {
                "name": "Digging Game",
                "sections": [
                  {
                    "name": "Dig For Treasure",
                    "item_count": 1
                  }
                ],
                "map_locations": [
                  {
                    "map": "darkworld",
                    "x": 100,
                    "y": 1385
                  }
                ]
              }
            ]
          }
        ]
      },

      //  Northeast Hyrule
      {
        "name": "Northeast Hyrule",
        "group": "Northeast Hyrule",
        "children": [
          //  Witch
          {
            "name": "Witch's Hut",
            "map_locations": [
              {
                "map": "lightworld",
                "x": 1607,
                "y": 670
              }
            ],
            "access_rules": [ "mushroom" ],
            "sections": [
              {
                "name": "Assistant",
                "item_count": 1
              }
            ]
          },
          //  Zora Area
          {
            "name": "Zora Area",
            "color": "#345a99",
            "children": [
              //  Waterfall Fairy
              {
                "name": "Waterfall Fairy",
                "access_rules": [ "flippers", "pearl", "boots,[flippers]" ],
                "sections": [
                  {
                    "name": "Waterfall Cave",
                    "item_count": 2
                  }
                ],
                "map_locations": [
                  {
                    "map": "lightworld",
                    "x": 1806,
                    "y": 286
                  }
                ]
              },
              //  Zora
              {
                "name": "Zora Area",
                "map_locations": [
                  {
                    "map": "lightworld",
                    "x": 1920,
                    "y": 273
                  }
                ],
                "sections": [
                  {
                    "name": "King Zora",
                    "item_count": 1
                  },
                  {
                    "name": "Ledge",
                    "capture_item": true,
                    "access_rules": [ "flippers", "pearl,boots", "{}" ],
                    "item_count": 1
                  }
                ]
              }
            ]
          },
          //  Catfish
          {
            "name": "Catfish",
            "color": "#35046b",
            "access_rules": [ "pearl,lift2,flippers", "pearl,lift1,hammer", "pearl,aga1,lift1", "pearl,boots",
                              "pearl, mirror, flute, lift1", "pearl, mirror, lift1, [lamp]"],
            "sections": [
              {
                "name": "Ring of Stones",
                "item_count": 1
              }
            ],
            "map_locations": [
              {
                "map": "darkworld",
                "x": 1813,
                "y": 347
              }
            ]
          },
        ]
      },

      //  Eastern Hyrule
      {
        "name": "Eastern Hyrule",
        "group": "Eastern Hyrule",
        "color": "#059134",
        "children": [
          //  Eastern Palace
          {
            "name": "Eastern Palace",
            "color": "#af0000",
            "access_rules": [ "[lamp]" ],
            "completion_rules": [ "lift1,firesource,boots" ],
            "sections": [
              {
                "name": "Dungeon",
                "clear_as_group": false,
                "access_rules": [ "[lamp]" ],
                "item_count": 6
              },
              {
                "name": "Armos",
                "access_rules": [ "bow,[lamp]" ],
                "hosted_item": "easternpalace"
              },
            {
              "name": "Items (3)",
              "hosted_item": "ep_item"
            }
            ],
            "map_locations": [
              {
                "map": "lightworld",
                "x": 1925,
                "y": 791
              }
            ]
          },
          //  Sahasrala
          {
            "name": "Sahasrala's Hut",
            "short_name": "Sahash's Hut",
            "map_locations": [
              {
                "map": "lightworld",
                "x": 1625,
                "y": 900
              }
            ],
            "sections": [
              {
                "name": "Back Room",
                "short_name": "Back",
                "item_count": 3
              },
              {
                "name": "Shabbadoo",
                "short_name": "Shabba",
                "access_rules": [ "greenpendant" ],
                "item_count": 1
              }
            ]
          }
        ]
      },

      //  North Hyrule
      {
        "name": "North Hyrule",
        "group": "North Hyrule",
        "color": "#059134",
        "children": [
          //  Bonk Rocks
          {
            "name": "Bonk Rocks",
            "map_locations": [
              {
                "map": "lightworld",
                "x": 777,
                "y": 590
              }
            ],
            "sections": [
              {
                "name": "Cave",
                "access_rules": [ "boots" ],
                "item_count": 1
              }
            ]
          },
          //  King's Tomb
          {
            "name": "King's Tomb",
            "access_rules": [ "lift2", "pearl,aga1,flippers,hookshot,mirror", "pearl,aga1,hammer,hookshot,mirror", "pearl,aga1,lift1,hookshot,mirror", "pearl,lift1,hammer,mirror", // NMG
                              "mirror, pearl"], // mirror dmd
            "sections": [
              {
                "name": "The Crypt",
                "access_rules": [ "boots" ],
                "item_count": 1
              }
            ],
            "map_locations": [
              {
                "map": "lightworld",
                "x": 1207,
                "y": 598
              }
            ]
          },
          //  Graveyard Ledge
          {
            "name": "Graveyard Cave",
            "access_rules": [ "boots", "pearl,lift2,mirror", "pearl,aga1,hammer,hookshot,mirror", "pearl,aga1,lift1,hookshot,mirror", "pearl,aga1,flippers,hookshot,mirror", "pearl,lift1,hammer,mirror" ],
            "sections": [
              {
                "name": "Cave",
                "item_count": 1
              }
            ],
            "map_locations": [
              {
                "map": "lightworld",
                "x": 1132,
                "y": 549
              },
            ]
          }
        ]
      },


      //  Desert Area
      {
        "name": "Desert Area",
        "group": "Desert Area",
        "color": "#aa860d",
        "children": [
          //  Desert Palace
          {
            "name": "Desert Palace",
            "color": "#af0000",
            "access_rules": [ "boots", "book", "flute,lift2,mirror" ],
            "completion_rules": [ "lift1,firesource,boots" ],
            "sections": [
              {
                "name": "Dungeon",
                "clear_as_group": false,
                "capture_item": true,
                "access_rules": [ "[boots]" ],
                "item_count": 6
              },
              {
                "name": "Lanmolas",
                "short_name": "Lanmo",
                "access_rules": [ "firesource,boots,sword", "firesource,boots,hammer", "firesource,boots,bow", "firesource,boots,somaria", "firesource,boots,[sword]",
                                  "firesource,dp_bigkey,sword, lift1", "firesource,dp_bigkey,hammer, lift1", "firesource,dp_bigkey,bow, lift1", "firesource,dp_bigkey,somaria, lift1", "firesource,dp_bigkey,lift1, [sword]" ],
                "hosted_item": "desertpalace"
              },
            {
              "name": "Items (2)",
              "hosted_item": "dp_item"
            }
            ],
            "map_locations": [
              {
                "map": "lightworld",
                "x": 146,
                "y": 1584
              }
            ]
          },
          {
            //  Desert Ledge
            "name": "Desert Ledge",
            "color": "#aa860d",
            "sections": [
              {
                "name": "Ledge",
                "access_rules": [ "boots", "book", "flute,lift2,mirror", "{}" ],
                "capture_item": true,
                "item_count": 1
              }
            ],
            "map_locations": [
              {
                "map": "lightworld",
                "x": 40,
                "y": 1835
              }
            ]
          },
          //  Aginah's Cave
          {
            "name": "Aginah's Cave",
            "sections": [
              {
                "name": "Cave",
                "item_count": 1
              }
            ],
            "map_locations": [
              {
                "map": "lightworld",
                "x": 400,
                "y": 1655
              }
            ]
          }
        ]
      }
    ]
  },

  //  Dark World
  {
    "name": "Northwest Dark World",
    "color": "#35046b",
    "group": "Lost Woods",
    "access_rules": [ "aga1,hookshot,flippers,moonpearl", "aga1,hookshot,lift1,moonpearl", "aga1,hookshot,hammer,moonpearl", "lift1,hammer,moonpearl", "lift2,moonpearl", //NMG
                      "boots, pearl", "mirror, boots", "mirror, lift1, [lamp]", "mirror, flute"],
    "children": [

      //  Skull Woods
      {
        "name": "Skull Woods",
        "color": "#af0000",
        "sections": [
          //  Front
          {
            "name": "Front",
            "access_rules": [],
            "clear_as_group": false,
            "item_count": 6
          },
          //  Back
          {
            "name": "Back",
            "access_rules": ["pearl, [sword]"],
            "clear_as_group": false,
            "item_count": 2
          },          
          {
            "name": "Mothula",
            "access_rules": [ "firerod,sword,pearl" ],
            "hosted_item": "skullwoods"
          },
          {
            "name": "Items (2)",
            "hosted_item": "sw_item"
          }
        ],
        "map_locations": [
          {
            "map": "darkworld",
            "x": 79,
            "y": 121
          },
          {
            "map": "darkworld",
            "x": 325,
            "y": 300
          }
        ]
      },

      //  Village of Outcasts
      {
        "name": "Village of Outcasts",
        "group": "Kakariko Area",
        "children": [
          //   Thieve's Town
          {
            "name": "Thieves Town",
            "color": "#af0000",
            "access_rules": [ "pearl"],
            "sections": [
              {
                "name": "Dungeon",
                "clear_as_group": false,
                "access_rules": [ "[hammer]" ],
                "item_count": 8
              },
              //  Back
              {
                "name": "Blind",
                "hosted_item": "thievestown",
                "access_rules": [ "sword", "hammer", "somaria", "byrna" ]
              },
              {
                "name": "Items (4)",
                "hosted_item": "tt_item"
              }
              
            ],
            "map_locations": [
              {
                "map": "darkworld",
                "x": 251,
                "y": 971
              }
            ]
          },
          {
            "name": "C-Shaped House",
            "sections": [
              {
                "name": "House",
                "item_count": 1
              }
            ],
            "map_locations": [
              {
                "map": "darkworld",
                "x": 414,
                "y": 969
              }
            ]
          },
          {
            "name": "Treasure Game",
            "sections": [
              {
                "name": "Prizes",
                "item_count": 1
              }
            ],
            "map_locations": [
              {
                "map": "darkworld",
                "x": 100,
                "y": 936
              }
            ]
          },
          {
            "name": "Bombable Shack",
            "access_rules": ["pearl"],
            "sections": [
              {
                "name": "Downstairs",
                "item_count": 1
              }
            ],
            "map_locations": [
              {
                "map": "darkworld",
                "x": 219,
                "y": 1171
              }
            ]
          },
          {
            "name": "Dwarven Smiths",
            "short_name": "Smiths",
            "access_rules": [ "lift2" ],
            "sections": [
              {
                "name": "Bring Him Home",
                "item_count": 1
              }
            ],
            "map_locations": [
              {
                "map": "lightworld",
                "x": 616,
                "y": 1054
              },
              {
                "map": "darkworld",
                "x": 295,
                "y": 1325
              }
            ]
          },
          {
            "name": "Purple Chest",
            "access_rules": [ "lift2" ],
            "sections": [
              {
                "name": "Show To Gary",
                "item_count": 1
              }
            ],
            "map_locations": [
              {
                "map": "lightworld",
                "x": 680,
                "y": 1805
              },
              {
                "map": "darkworld",
                "x": 601,
                "y": 1050
              }
            ]
          }
        ]
      },
      
      //  Bumper Cave
      {
        "name": "Bumper Cave",
        "sections": [
          //  Ledge
          {
            "name": "Ledge",
            "capture_item": true,
            "access_rules": [ "boots, pearl", "lift1,cape", "{}" ],
            "item_count": 1
          }
        ],
        "map_locations": [
          {
            "map": "darkworld",
            "x": 687,
            "y": 340
          }
        ]
      }
    ]
  },
  
  //  Hammer Pegs
  {
    "name": "Hammer Pegs",
    "access_rules": [ "pearl,hammer, boots", "pearl, hammer, lift2" ],
    "sections": [
      {
        "name": "Cave",
        "item_count": 1
      }
    ],
    "map_locations": [
      {
        "map": "darkworld",
        "x": 636,
        "y": 1214
      }
    ]
  },
  //  Eastern Dark World
  {
    "name": "Eastern Dark World",
    "color": "#35046b",
    "group": "Eastern Hyrule",
    "access_rules": [ "aga1,moonpearl", "hammer,lift1,moonpearl", "lift2,flippers,moonpearl", "lift2,boots,pearl", "boots, pearl"], 
    "children": [

      //  Palace of Darkness
      {
        "name": "Palace of Darkness",
        "short_name": "POD",
        "color": "#af0000",
        "sections": [
          //  Front
          {
            "name": "Dungeon",
            "clear_as_group": false,
            "access_rules": [ "[bow],[lamp]" ],
            "item_count": 14
          },
          //  Back
          {
            "name": "Helmasaur King",
            "short_name": "Helma",
            "access_rules": [ "bow,hammer,[lamp]" ],
            "hosted_item": "palaceofdarkness"
          },
          {
            "name": "Items (5)",
            "hosted_item": "pod_item"
          }
        ],
        "map_locations": [
          {
            "map": "darkworld",
            "x": 1924,
            "y": 800
          }
        ]
      }
    ]
  },

  //  Swamp Area
  {
    "name": "Swamp Area",
    "group": "Swamp Area",
    "color": "#0d8452",
    "access_rules": ["pearl"],
    "children": [

      //  Dark Swamp Area
      {
        "name": "Dark Swamp Area",
        "group": "Swamp Area",
        "access_rules": [ "lift2", "hammer,lift1", "aga1,hammer", //  NMG
                          "aga1, hookshot, lift1", "aga1, hookshot, flippers",  //  NMG
                          "mirror, lift1, [lamp]", "mirror, flute", // Mirror DMD
                          "boots"], //  Boots DMD
        "children": [

          //  Swamp Palace
          {
            "name": "Swamp Palace",
            "color": "#af0000",
            "access_rules": [ "mirror,flippers" ],
            "sections": [
              //  Front
              {
                "name": "Dungeon",
                "clear_as_group": false,
                "access_rules": [ "[hammer],[hookshot]" ],
                "item_count": 10
              },
              //  Back
              {
                "name": "Arrghus",
                "access_rules": [ "hammer,hookshot" ],
                "hosted_item": "swamppalace"
              },
              {
                "name": "Items (6)",
                "hosted_item": "sp_item"
              }
            ],
            "map_locations": [
              {
                "map": "darkworld",
                "x": 940,
                "y": 1880
              }
            ]
          }
        ]
      }
    ]
  },

  //  Lake Hylia
  {
    "name": "Lake Hylia",
    "color": "#345a99",
    "group": "Lake Hylia",
    "children": [
      // Dam
      {
        "name": "Dam",
        "sections": [
          {
            "name": "Inside",
            "item_count": 1
          },
          {
            "name": "Outside",
            "item_count": 1
          }
        ],
        "map_locations": [
          {
            "map": "lightworld",
            "x": 942,
            "y": 1880
          }
        ]
      },
      //  Ice Palace
      {
        "name": "Ice Palace",
        "color": "#af0000",
        "access_rules": [ "lift2,firerod", "lift2,bombos" ],
        "sections": [
          //  Front
          {
            "name": "Dungeon",
            "clear_as_group": false,
            "access_rules": [ "[hammer],[hookshot]" ],
            "item_count": 8
          },
          //  Back
          {
            "name": "Khold",
            "access_rules": [ "hammer" ],
            "hosted_item": "icepalace"
          },
          {
            "name": "Items (3)",
            "hosted_item": "ip_item"
          }
        ],
        "map_locations": [
          {
            "map": "darkworld",
            "x": 1600,
            "y": 1735
          }
        ]
      },
      {
        "name": "Mini Moldorm Cave",
        "short_name": "Mini-Moldorm",
        "color": "#158134",
        "sections": [
          {
            "name": "Cave",
            "item_count": 5
          }
        ],
        "map_locations": [
          {
            "map": "lightworld",
            "x": 1309,
            "y": 1887
          }
        ]
      },
      {
        "name": "Ice Rod Cave",
        "color": "#158134",
        "sections": [
          {
            "name": "Cave",
            "item_count": 1
          }
        ],
        "map_locations": [
          {
            "map": "lightworld",
            "x": 1795,
            "y": 1547
          }
        ]
      },
      {
        "name": "Lake Hylia Island",
        "sections": [
          {
            "name": "Island",
            "access_rules": [ "flippers,pearl,mirror,hammer,lift1", "flippers,pearl,mirror,lift2", "{[flippers]}", //  NMG
                              "boots", "flippers,mirror,aga1", "flippers, mirror, pearl, lift1, [lamp]", "flippers, mirror, flute, pearl"], //  Minor and Major Glitches
            "capture_item": true,
            "item_count": 1
          }
        ],
        "map_locations": [
          {
            "map": "lightworld",
            "x": 1450,
            "y": 1666
          }
        ]
      },
      {
        "name": "Hobo",
        "sections": [
          {
            "name": "Under The Bridge",
            "item_count": 1
          }
        ],
        "map_locations": [
          {
            "map": "lightworld",
            "x": 1390,
            "y": 1390
          }
        ]
      }

    ]
  },

  //  Mire Area
  {
    "name": "Mire Area",
    "color": "#02473f",
    "group": "Desert Area",
    "access_rules": [ "lift2, flute", "lift2, boots", "pearl, boots" ],
    "children": [

      //  Misery Mire
      {
        "name": "Misery Mire",
        "color": "#af0000",
        "access_rules": [ "sword,moonpearl,mm_medallion,hookshot", "sword,moonpearl,mm_medallion,boots", "sword,moonpearl,bombos,ether,quake,hookshot", "sword,moonpearl,bombos,ether,quake,boots" ],
        "sections": [
          //  Front
          {
            "name": "Dungeon",
            "clear_as_group": false,
            "access_rules": [ "[firesource]" ],
            "item_count": 8
          },
          //  Back
          {
            "name": "Vitreous",
            "access_rules": [ "somaria,[lamp]" ],
            "hosted_item": "miserymire"
          },
          {
            "name": "Items (2)",
            "hosted_item": "mm_item"
          }
        ],
        "map_locations": [
          {
            "map": "darkworld",
            "x": 150,
            "y": 1670
          }
        ]
      },
      //  Mire Hut
      {
        "name": "Mire Shack",
        "access_rules": [ "moonpearl", "mirror" ],
        "sections": [
          //  Hut
          {
            "name": "Shack",
            "item_count": 2
          }
        ],
        "map_locations": [
          {
            "map": "darkworld",
            "x": 77,
            "y": 1600
          }
        ]
      }
    ]
  },
  
  //  Checkerboard Cave
  {
    "name": "Checkerboard Cave",
    "short_name": "Checkerboard",
    "color": "#aa860d",
    "access_rules": [ "lift2, flute, mirror", "boots" ],
    "sections": [
      //  Cave
      {
        "name": "Cave",
        "access_rules": ["lift1"],
        "item_count": 1
      }
    ],
    "map_locations": [
      {
        "map": "lightworld",
        "x": 354,
        "y": 1560
      }
    ]
  },

  //  Death Mountain
  {
    "name": "Death Mountain",
    "group": "Death Mountain",
    "color": "#934f17",
    "access_rules": [ "lift1,[lamp]", "flute", "boots" ],
    "children": [
      //  Tower of Hera
      {
        "name": "Tower of Hera",
        "color": "#af0000",
        "access_rules": [ "mirror", "hookshot,hammer", "boots" ],
        "sections": [
          {
            "name": "Dungeon",
            "clear_as_group": false,
            "access_rules": [ "[firesource]" ],
            "item_count": 6
          },
          {
            "name": "Moldorm",
            "access_rules": [ "sword,[firesource]", "hammer,[firesource]" ],
            "hosted_item": "towerofhera"
          },
          {
            "name": "Items (2)",
            "hosted_item": "toh_item"
          }
        ],
        "map_locations": [
          {
            "map": "lightworld",
            "x": 1126,
            "y": 68
          }
        ]
      },
      //  Ganon's Tower
      {
        "name": "Ganon's Tower",
        "color": "#af0000",
        "access_rules": [ "boots, pearl" ],
        "sections": [
          {
            "name": "Front",
            "clear_as_group": false,
            "access_rules": ["[boots]"],
            "item_count": 3
          },
          {
            "name": "Left Side",
            "clear_as_group": false,
            "access_rules": [ "hammer, hookshot", "hammer, boots, [hookshot]"],
            "item_count": 10
          },
          {
            "name": "Right Side",
            "clear_as_group": false,
            "access_rules": [ "somaria, firerod"],
            "item_count": 5
          },
          {
            "name": "Ice Armos/Big Chest Access",
            "clear_as_group": false,
            "access_rules": [ "somaria, firerod, [gt_bigkey]", "hammer, hookshot, [gt_bigkey]"],
            "item_count": 5
          },
          {
            "name": "Tower",
            "clear_as_group": false,
            "access_rules": [ "bow,firesource,gt_bigkey, hookshot" ],
            "item_count": 4
          },
          {
            "name": "Agahnim",
            "clear_as_group": false,
            "access_rules": [ "bow,firesource,gt_bigkey, hookshot" ],
            "hosted_item": "aga2"
          },
          {
            "name": "Items (20)",
            "hosted_item": "gt_item"
          }
          
        ],
        "map_locations": [
          {
            "map": "darkworld",
            "x": 1126,
            "y": 68
          }
        ]
      },
      // Mimic Cave
      {
        "name": "Mimic Cave",
        "color": "#934f17",
        "access_rules": [ "mirror,hammer" ],
        "sections": [
          {
            "name": "Cave",
            "item_count": 1
          }
        ],
        "map_locations": [
          {
            "map": "lightworld",
            "x": 1694,
            "y": 190
          }        
        ]
      },
      //  Old Man
      {
        "name": "Old Man",
        "access_rules": [ "[lamp]" ],
        "sections": [
          {
            "name": "Bring Him Home",
            "item_count": 1
          }
        ],
        "map_locations": [
          {
            "map": "lightworld",
            "x": 816,
            "y": 378
          }
        ]
      },
      //  Spectacle Rock
      {
        "name": "Spectacle Rock",
        "sections": [
          {
            "name": "Cave",
            "item_count": 1
          },
          {
            "name": "Up On top",
            "capture_item": true,
            "access_rules": [ "mirror", "boots", "{}" ],
            "item_count": 1
          }
        ],
        "map_locations": [
          {
            "map": "lightworld",
            "x": 980,
            "y": 178
          }
        ]
      },
      //  Ether Tablet
      {
        "name": "Ether Tablet",
        "access_rules": [ "mirror", "hookshot,hammer", "boots" ],
        "sections": [
          {
            "name": "Tablet",
            "capture_item": true,
            "access_rules": [ "book,sword2", "{book}" ],
            "item_count": 1
          }
        ],
        "map_locations": [
          {
            "map": "lightworld",
            "x": 844,
            "y": 38
          }
        ]
      },
      //  Spike Cave
      {
        "name": "Spike Cave",
        "color": "#35046b",
        "access_rules": ["pearl, hammer, lift1"],
        "sections": [
          {
            "name": "Cave",
            "access_rules": [ "[byrna]", "[cape],[halfmagic]", "pearl,hammer,lift1,[cape],[bottle:1]" ],
            "item_count": 1
          }
        ],
        "map_locations": [
          {
            "map": "darkworld",
            "x": 1151,
            "y": 294
          }
        ]
      },
      //  East Death Mountain
      {
        "name": "East Death Mountain",
        "access_rules": [ "mirror", "hookshot", "boots" ],
        "children": [

          //  Spiral Cave
          {
            "name": "Spiral Cave",
            "sections": [
              //  Front chest
              {
                "name": "Cave",
                "item_count": 1
              }
            ],
            "map_locations": [
              {
                "map": "lightworld",
                "x": 1598,
                "y": 180
              }
            ]
          },
          //  East Death Mountain Cave
          {
            "name": "Paradox Cave",
            "sections": [
              {
                "name": "Bottom",
                "item_count": 2
              },
              {
                "name": "Top",
                "item_count": 5
              }
            ],
            "map_locations": [
              {
                "map": "lightworld",
                "x": 1731,
                "y": 434
              },
              {
                "map": "lightworld",
                "x": 1714,
                "y": 293
              }
            ]
          },

          //  Dark Death Mountain
          {
            "name": "Dark Death Mountain",
            "group": "Death Mountain",
            "color": "#35046b",
            "access_rules": [ "lift2", "pearl", "mirror" ],
            "children": [
              //  Super-Bunny Cave
              {
                "name": "Super-Bunny Cave",
                "sections": [
                  {
                    "name": "Cave",
                    "item_count": 2
                  }
                ],
                "map_locations": [
                  {
                    "map": "darkworld",
                    "x": 1695,
                    "y": 290
                  }
                ]
              },
              //  Turtle Rock
              {
                "name": "Turtle Rock - Will only show\ngreen if you can access both\nentrances. Complete with\naccess to one entrance depends\non available keys from it",
                "color": "#af0000",
                "sections": [
                  {
                    "name": "Main Entrance",
                    "clear_as_group": false,
                    "access_rules": [ "somaria, sword, tr_medallion, pearl,[firerod], boots", "somaria, sword, tr_medallion, pearl,[firerod], lift2, hammer"],
                    "item_count": 3
                  },
                  {
                    "name": "Big Chest/Big Key Chest",
                    "clear_as_group": false,
                    "access_rules": [ "somaria, sword, tr_medallion, pearl,firerod, boots, [2TrockSK]", "somaria, sword, tr_medallion, pearl,firerod, lift2, hammer, [2TrockSK]",  // Main Entrance. Possible to not have enough small keys to make it to second floor.
                                      "mirror, hookshot", "mirror, somaria", "boots, pearl"], //  Middle Entrances
                    "item_count": 3
                  },
                  {
                    "name": "Last Section",
                    "clear_as_group": false,
                    "access_rules": [ "tr_bigkey, [somaria], [lamp], [shield3]", "tr_bigkey, [somaria], [lamp], [byrna]", "tr_bigkey, [somaria], [lamp], [cape]"],
                    "item_count": 5
                  },
                  {
                    "name": "Trinexx",
                    "access_rules": [ "somaria, sword, tr_medallion, pearl, boots,firerod,icerod,[lamp]", "somaria, sword, tr_medallion, pearl, lift2, hammer, mirror, firerod,icerod,[lamp]" ],
                    "hosted_item": "turtlerock"
                  },
                  {
                    "name": "Items (5)",
                    "hosted_item": "tr_item"
                  }
                ],
                "map_locations": [
                  {
                    "map": "darkworld",
                    "x": 1890,
                    "y": 144
                  },
                  {
                    "map": "darkworld",
                    "x": 1693,
                    "y": 205
                  },
                  {
                    "map": "darkworld",
                    "x": 1600,
                    "y": 205
                  }
                ]
              },
      
              //  Hookshot Cave
              {
                "name": "Hookshot Cave",
                "access_rules": [ "pearl, lift1" ],
                "sections": [
                  //  Front chest
                  {
                    "name": "Bonkable Chest",
                    "short_name": "Front",
                    "access_rules": [ "boots", "hookshot" ],
                    "item_count": 1
                  },
                  //  Back Chests
                  {
                    "name": "Back",
                    "access_rules": [ "hookshot" ],
                    "item_count": 3
                  }
                ],
                "map_locations": [
                  {
                    "map": "darkworld",
                    "x": 1670,
                    "y": 126
                  }
                ]
              }
            ]
          },

          //  Floating Island
          {
            "name": "Floating Island",
            "color": "#934f17",
            "sections": [
              //  Front chest
              {
                "name": "Island",
                "capture_item": true,
                "access_rules": [ "pearl,lift1,mirror", "boots", "{}" ],
                "item_count": 1
              }
            ],
            "map_locations": [
              {
                "map": "lightworld",
                "x": 1627,
                "y": 40
              }       
            ]
          }
        ]
      }
    ]
  }
]