﻿{
  "map_enabled": true,
  "auto_pin_capturing_locations": false,
  "auto_unpin_on_clear": true,
  "allow_resize": false,
  "layout_swap_left_right": false,
  "disabled_image_filter": "dim",
  "layouts": {
	  "shared_item_grid":{
        "type": "array",
        "orientation": "horizontal",
        // Need 2 items in this array [Menu Items Array, Key Items/Essences Array]
        "content": [
        
          // Menu Items
          {
            "type": "array",
            "orientation": "vertical",
            // need 1 for menu items (itemgrid), 1 for satchel/seeds([item, itemgrid]), 1 for rod/seasons ([item,itemgrid])
            "content": [
              
              // Most Menu Items
              {
                "type": "itemgrid",
                "item_size": 32,
                "item_margin": "10,0,5,10",
                "rows": [
                  ["sword1", "shield"],
                  ["strength", "feather"],
                  ["slingshot1", "glove"],
                  ["boomerang1", "shovel"],
                  ["flute", "bestweapon"]            
                ]
              },
              
              // Satchel/Seeds
              {
                "type": "array",
                "orientation": "horizontal",
                "margin": "10,0,0,0",
                "content": [
                  {
                    "type": "item",
                    "item": "satchel",
                    "item_size": 40
                  },
                  
                  {
                    "type": "itemgrid",
                    "item_size": 25,
                    "margin": "1,-1,0,0",
                    "item_margin": "0, 0, 0, -10",
                    "h_alignment": "center",
                    "rows": [
                      ["emberseeds", "mysteryseeds"],
                      ["scentseeds"],
                      ["pegasusseeds", "galeseeds"]
                    ]
                  }
                ]
              },
              
              // Rod/Seasons
              {
                "type": "array",
                "orientation": "horizontal",
                "margin": "10,13,0,0",
                "content": [
                  {
                    "type": "item",
                    "item": "rod",
                    "item_size": 40,
                  },
                  
                  {
                    "type": "itemgrid",
                    "item_size": 16,
                    "margin": "0, -5, 0, 0",
                    "item_margin": "6, 11, 0, -5",
                    "h_alignment": "center",
                    "rows": [
                      ["summer", "fall"],
                      ["spring", "winter"]
                    ]
                  },
                ],
              },     
            ],
          },
        
          // Key Items/Essences
          {
            "type": "array",
            "orientation": "vertical",
            // [Items, Keys/Jewels, Essences, Dungeon Items]
            "content": [
              // Items
              {
                "type": "itemgrid",
                "item_size": 32,
                "rows": [
                  ["starore", "plaque", "flippers", "banana", "rustybell"]
                ]
              },
            
              // Keys/Jewels 
              {
                "type": "array",
                "orientation": "horizontal",
                "margin": "4,0,0,0",
                "content": [
                  {
                    "type": "item",
                    "item": "gnarledkey",
                    "item_size": 32
                  },
                  
                  {
                    "type": "item",
                    "item": "floodkey",
                    "item_size": 32
                  },
                  
                  {
                    "type": "item",
                    "item": "dragonkey",
                    "width": 46,
                    "height": 46
                  },
                  
                  {
                    "type": "itemgrid",
                    "item_size": 24,
                    "margin": "6,-2,0,0",
                    "item_margin": "0,0,0,0",
                    "rows": [
                      ["roundjewel"],
                      ["squarejewel"]
                    ]
                  },
                  
                  {
                    "type": "itemgrid",
                    "item_size": 24,
                    "margin": "3,-2,0,0",
                    "item_margin": "0,0,0,0",
                    "rows": [
                      ["pyramidjewel"],
                      ["xjewel"]
                    ]
                  } 
                ]
              },
            
              // Essences
              {
                "type": "itemgrid",
                "h_alignment": "center",
                "item_margin": "6,10,6,6",
                "margin": "0,3,0,0",
                "item_size": 40,
                "rows": [
                  ["d1", "d2"],
                  ["d8","","","d3"],
                  ["d7","","","d4"],
                  ["d6","d5"]
                ]
              },
            
              // Dungeon Items
              {
                "type": "itemgrid",
                "h_alignment": "center",
                "item_margin": "3,8,3,1",
                "margin": "0,-92,0,0",
                "item_size": 26,
                "rows": [
                  ["d1chest", "d2chest"],
                  ["d8chest","","","d3chest"],
                  ["d7chest","","","d4chest"],
                  ["d6chest","d5chest"]
                ]
              }
          
            ] 
          }
        ]    
    },
	
    "tracker_default": {
      "type": "container",
      "margin": 0,
      "width": 325,
      // "height": 325,
      "background": "#333",
      "content": {
        "type": "layout",
        "dropshadow": true,
        "margin": 0,
        "key": "shared_item_grid"
      }
    }
	}
}


