﻿[
	{	
		"name": "Lynna City",
		"chest_unopened_img": "images/chest.png",
		"chest_opened_img": "images/chestopen.png",
		"color": "#0049bf",
		"children": [
			{
				"name": "Concert Screen",
				"sections": [
					{
						"name": "Impa's chest",
						"item_count": 1
					}
				],
				"map_locations": [
					{
						"map": "present",
						"x": 306,
						"y": 114
					}
				]
			},
			{
				"name": "Nayru's House",
				"sections": [
					{
						"name": "Basement item",
						"item_count": 1
					}
				],
				"map_locations": [
					{
						"map": "present",
						"x": 338,
						"y": 114
					}
				]
			},
			{
				"name": "Forest of Time",
				"access_rules": [
							"$use_seeds, emberseeds",
							"currents"
						],
				"sections": [
					{
						"name": "Tree chest",
						"item_count": 1
					}
				],
				"map_locations": [
					{
						"map": "present",
						"x": 306,
						"y": 146
					}
				]
			},
			{
				"name": "Shop",
				"access_rules": [
							"$lynna",
						],
				"sections": [
					{
						"name": "150 rupee item",
						"capture_item": true,
						"item_count": 1,
						"access_rules": [
							"{}",
							"rupees:150"
						],
					}
				],
				"map_locations": [
					{
						"map": "present",
						"x": 274,
						"y": 210
					}
				]
			},
			{
				"name": "Mayor's house",
				"access_rules": [
							"hook2"
						],
				"sections": [
					{
						"name": "Pots chest",
						"item_count": 1
					}
				],
				"map_locations": [
					{
						"map": "present",
						"x": 242,
						"y": 178
					}
				]
			},
			{
				"name": "Maku Tree",
				"access_rules": [
							"$destroy_bush, shovel, $kill_hard",
							"echoes, shovel, $kill_hard",
							"$ambi_palace_hard, $rescue_nayru_hard"
						],
				"sections": [
					{
						"name": "Save the waifu",
						"item_count": 1
					}
				],
				"map_locations": [
					{
						"map": "present",
						"x": 274,
						"y": 114
					},
					{
						"map": "past",
						"x": 274,
						"y": 114
					}
				]
			},
			
			{
				"name": "South Shore",
				"access_rules": [
							"flute_generic",
							"$shore, shovel"
						],
				"sections": [
					{
						"name": "Dig up the dirt",
						"item_count": 1
					}
				],
				"map_locations": [
					{
						"map": "present",
						"x": 274,
						"y": 306
					}
				]
			},
			{
				"name": "Balloon Guy",
				"access_rules": [
							"$pop_balloon, feather, $lynna, currents",
							"$pop_balloon, feather, $shore, shooter",
							"$pop_balloon, feather, $shore, satchel, pegasusseeds, boomerang",
							"$pop_balloon, feather, $shore, bombs, boomerang",
							"$pop_balloon, feather, rickygloves",
							"$pop_balloon, feather, $ricky",
						],
				"sections": [
					{
						"name": "Gift",
						"item_count": 1
					},
					{
						"name": "3 seeds upgrade",
						"access_rules": [
							"$use_seeds, $seed_number:3"
						],
						"item_count": 1
					},
				],
				"map_locations": [
					{
						"map": "present",
						"x": 306,
						"y": 242
					}
				]
			},
			
		]
	},
	
	{	
		"name": "Lynna Village + Palace",
		"chest_unopened_img": "images/chest_past.png",
		"chest_opened_img": "images/chestpastopen.png",
		"color": "#ff7700",
		"access_rules": [
			"$lynna"
		],
		"children": [
			{
				"name": "Black Tower",
				"sections": [
					{
						"name": "Worker gift",
						"item_count": 1
					}
				],
				"map_locations": [
					{
						"map": "past",
						"x": 210,
						"y": 242
					}
				]
			},
			{
				"name": "Ambi's Palace tree",
				"sections": [
				  {
					"name": "Seeds",
					"access_rules": [
						//"{}",
						"$harvest_seeds"
					],
					"item_count": 0,
					"hosted_item": "tree_ambi"
				  },
				],
				"map_locations": [
				  {
					"map": "past",
					"x": 178,
					"y": 80
				  }
				]
			},
			{
				"name": "Ambi's Palace",
				"access_rules": [
					"$ambi_palace_hard"
				],
				"sections": [
					{
						"name": "Right side chest",
						"item_count": 1
					},
					{
						"name": "Rescue Nayru",
						"access_rules": [
							"$rescue_nayru_hard"
						],
						"item_count": 1
					},
				],
				"map_locations": [
					{
						"map": "past",
						"x": 210,
						"y": 17
					}
				]
			},
		]
	},

	{	
		"name": "Yoll Graveyard",
		"chest_unopened_img": "images/chest.png",
		"chest_opened_img": "images/chestopen.png",
		"color": "#0049bf",
		"access_rules": [
			"$use_seeds, emberseeds"
		],
		"children": [
			{
				"name": "Cheval's Grave",
				"sections": [
					{
						"name": "Test of speed",
						"capture_item": true,
						"access_rules": [
							"{flippers}",
							"{feather}",
							"bracelet, feather",
							"bracelet, flippers"
						],
						"item_count": 1
					},
					{
						"name": "Cheval's invention",
						"capture_item": true,
						"access_rules": [
							"{}",
							"flippers"
						],
						"item_count": 1
					},
				],
				"map_locations": [
					{
						"map": "present",
						"x": 370,
						"y": 178
					}
				]
			},
			{
				"name": "Grave Under Tree",
				"sections": [
					{
						"name": "Light the torches",
						"item_count": 1
					},
				],
				"map_locations": [
					{
						"map": "present",
						"x": 418,
						"y": 290
					}
				]
			},
			
			{
				"name": "Poe's grave",
				"access_rules": [
					"d1key, bracelet"
				],
				"sections": [
					{
						"name": "Clock gift",
						"item_count": 1
					},		  		
				],
				"map_locations": [
					{
						"map": "present",
						"x": 402,
						"y": 242
					}
				]
			},
			
			{
				"name": "Spirit's Grave",
				"access_rules": [
					"d1key"
				],
				"sections": [
				{
					"name": "Terrace\nchest",
					"access_rules": [
						// Can get every single chest in D1
						"$d1clear_hard",
						
						"$kill_zol_hard"
					],
					"item_count": 1
				},
				{
					"name": "Ghini\ndrop",
					"access_rules": [
						// Can get every single chest in D1
						"$d1clear_hard",
						
						"$kill_zol_hard"
					],
					"item_count": 1
				},
				{
					"name": "Crossroads\nchest",
					"access_rules": [
						// Can get every single chest in D1
						"$d1clear_hard",
						
						"$kill_zol_hard"
					],
					"item_count": 1
				},
				{
					"name": "Secret room\nchest",
					"access_rules": [
						// Can get every single chest in D1
						"$d1clear_hard",
						
						"$kill_zol_hard, $destroy_crystal"
					],
					"item_count": 1
				},
				{
					"name": "Wide room\nchest",
					"access_rules": [
						// Can get every single chest in D1
						"$d1clear_hard",
						
						"d1sk:2, $kill_zol_hard",
						"d1sk:1, [d1sk:2], $kill_zol_hard"
					],
					"item_count": 1
				},
				{
					"name": "Double button\nchest",
					"access_rules": [
						// Can get every single chest in D1
						"$d1clear_hard",
						
						"d1sk:2, $kill_zol_hard",
						"d1sk:1, [d1sk:2], $kill_zol_hard"
					],
					"item_count": 1
				},
				{
					"name": "Moving platform\nchest",
					"access_rules": [
						// Can get every single chest in D1
						"$d1clear_hard",
						
						"d1sk:2, $kill_zol_hard",
						"d1sk:1, [d1sk:2], $kill_zol_hard"
					],
					"item_count": 1
				},
				{
					"name": "Underground\nitem",
					"access_rules": [
						// Can get every single chest in D1
						"$d1clear_hard",
						
						"d1sk:3, $kill_zol_hard, $destroy_bush, $kill_giantghini_hard",
						"$destroy_pot"
					],
					"item_count": 1
				},
				{
					"name": "West side\nitem",
					"access_rules": [
						// Can get every single chest in D1
						"$d1clear_hard",
						
						"$destroy_pot"
					],
					"item_count": 1
				},
				{
					"name": "Pot\nitem",
					"access_rules": [
						// Can get every single chest in D1
						"$d1clear_hard",
						
						"$destroy_pot"
					],
					"item_count": 1
				},
				{
					"name": "Pumpkin Head\nreward",
					"access_rules": [
						// Can get every single chest in D1
						"$d1clear_hard",
						
						"d1bk, d1sk:2, $kill_zol_hard, $destroy_bush, $kill_pumpkinhead_hard",
						"d1bk, d1sk:1, [d1sk:2], $kill_zol_hard, $destroy_bush, $kill_pumpkinhead_hard",
					],
					"item_count": 1
				},
				{
					"name": "Eternal\nSpirit",
					"hosted_item": "d1",
					"access_rules": [
						// Can get every single chest in D1
						"$d1clear_hard",
						
						"d1bk, d1sk:2, $kill_zol_hard, $destroy_bush, $kill_pumpkinhead_hard",
						"d1bk, d1sk:1, [d1sk:2], $kill_zol_hard, $destroy_bush, $kill_pumpkinhead_hard",
					],
					"item_count": 0
				},
				{
					"name": "D1 small\nkeys",
					"hosted_item": "d1sk",
					"item_count": 0
				},
				{
					"name": "D1 boss\nkey",
					"hosted_item": "d1bk",
					"item_count": 0
				},
							  		
				],
				"map_locations": [
					{
						"map": "present",
						"x": 434,
						"y": 274
					}
				]
			},
		]
	},
	
	{	
		"name": "Fairies' Woods",
		"chest_unopened_img": "images/chest.png",
		"chest_opened_img": "images/chestopen.png",
		"color": "#0049bf",
		"access_rules": [
			"$lynna, ages",
			"$lynna, bracelet",
			"$lynna, hook1, [satchel], [scentseeds]",
			"$lynna, flippers",
			"$lynna, $dimitri",
			
			// From Nuun
			"$lynna, currents, nuun_ricky, $destroy_bush, $hit_lever",
			"$lynna, currents, nuun_ricky, $ricky",
			"$lynna, currents, $moosh",
			"$lynna, currents, nuun_moosh, feather, $hit_lever",
			"$lynna, currents, nuun_dimitri, $hit_lever"
		],
		"children": [
			{
				"name": "Fairies' Woods East",
				"access_rules": [
					"bracelet, currents",
					"ages",
					"feather",
					"$ricky",
					"$moosh",
					"hook1"
				],
				"sections": [
					{
						"name": "Pit chest",
						"item_count": 1
					}
				],
				"map_locations": [
					{
						"map": "present",
						"x": 146,
						"y": 274
					}
				]
			},
		]
	},
	
	{	
		"name": "Deku Forest",
		"chest_unopened_img": "images/chest_past.png",
		"chest_opened_img": "images/chestpastopen.png",
		"color": "#ff7700",
		"access_rules": [
			"bracelet",
			"ages"
		],
		"children": [
			{
				"name": "Deku Forest North",
				"sections": [
					{
						"name": "Side cave chest",
						"item_count": 1
					},
					{
						"name": "Mystery Seeds reward",
						"access_rules": [
							"mysteryseeds",
						],
						"item_count": 1
					},
				],
				"map_locations": [
					{
						"map": "past",
						"x": 82,
						"y": 242
					}
				]
			},
			{
				"name": "Path to the tree",
				"access_rules": [
					"bracelet, feather",
					"bracelet, hook1",
					"bracelet, emberseeds",
					"bracelet, ages",
					"bracelet, satchel, galeseeds"
				],
				"sections": [
					{
						"name": "Chest",
						"item_count": 1
					},
				],
				"map_locations": [
					{
						"map": "past",
						"x": 50,
						"y": 242
					}
				]
			},
			
			{
				"name": "Deku Forest tree",
				"access_rules": [
					"feather",
					"bracelet, hook1",
					"bracelet, emberseeds",
					"ages",
					"satchel, galeseeds"
				],
				"sections": [
				  {
					"name": "Seeds",
					"access_rules": [
						//"{}",
						"$harvest_seeds"
					],
					"item_count": 0,
					"hosted_item": "tree_deku"
				  },
				],
				"map_locations": [
				  {
					"map": "past",
					"x": 17,
					"y": 274
				  }
				]
			},
			
			{
				"name": "Wing Dungeon",
				"access_rules": [
					"bombs",
					"currents"
				],
				"sections": [
					{
						"name": "Bomb wall\nchest",
						"access_rules": [
							// Can get every single chest in D2
							"$d2clear_hard",
							
							"$kill_beetle_hard, bombs",
						],
						"item_count": 1
					},
					{
						"name": "Moblin\ndrop",
						"access_rules": [
							// Can get every single chest in D2
							"$d2clear_hard",
							
							"$kill_beetle_hard, $kill_hard",
						],
						"item_count": 1
					},
					{
						"name": "Rope\nchest",
						"access_rules": [
							// Can get every single chest in D2
							"$d2clear_hard",
							
							"d2sk:4, $kill_beetle_hard, $kill_hard",
							"d2sk:1, [d2sk:4], $kill_beetle_hard, $kill_hard",
						],
						"item_count": 1
					},
					{
						"name": "Rope bomb wall\nchest",
						"access_rules": [
							// Can get every single chest in D2
							"$d2clear_hard",
							
							"d2sk:4, $kill_beetle_hard, $kill_hard, bombs",
							"d2sk:1, [d2sk:4], $kill_beetle_hard, $kill_hard, bombs",
						],
						"item_count": 1
					},
					{
						"name": "After\nthwomp",
						"access_rules": [
							// Can get every single chest in D2
							"$d2clear_hard",
							
							"$kill_beetle_hard, $kill_swoop_hard, feather",
							
							"d2sk:2, $kill_beetle_hard, $kill_hard, $kill_swoop_hard",
						],
						"item_count": 1
					},
					{
						"name": "Thwomp\nshelf",
						"access_rules": [
							// Can get every single chest in D2
							"$d2clear_hard",
							
							"$kill_beetle_hard, $kill_swoop_hard, feather",
							"d2sk:2, $kill_beetle_hard, $kill_hard, $kill_swoop_hard, satchel, pegasusseeds, cane",
							"d2sk:2, $kill_beetle_hard, $kill_hard, $kill_swoop_hard, bombs, cane",
						],
						"item_count": 1
					},
					{
						"name": "Basement minecart\nchest",
						"access_rules": [
							// Can get every single chest in D2
							"$d2clear_hard",
							
							"$kill_beetle_hard, $kill_swoop_hard, feather, bombs, $hit_lever_minecart",
						],
						"item_count": 1
					},
					{
						"name": "Color tiles\ndrop",
						"access_rules": [
							// Can get every single chest in D2
							"$d2clear_hard",
							
							"$kill_beetle_hard, $kill_swoop_hard, feather",
						],
						"item_count": 1
					},
					{
						"name": "Moblin\nchest",
						"access_rules": [
							// Can get every single chest in D2
							"$d2clear_hard",
							
							"d2sk:3, $kill_beetle_hard, $kill_swoop_hard, feather",
							"d2sk:1, [d2sk:3], $kill_beetle_hard, $kill_swoop_hard, feather",
						],
						"item_count": 1
					},
					{
						"name": "Statue puzzle\ndrop",
						"access_rules": [
							// Can get every single chest in D2
							"$d2clear_hard",
							
							"d2sk:3, $kill_beetle_hard, $kill_swoop_hard, $hit_lever_minecart, cane, feather",
							"d2sk:1, [d2sk:3], $kill_beetle_hard, $kill_swoop_hard, $hit_lever_minecart, cane, feather",
							"d2sk:3, $kill_beetle_hard, $kill_swoop_hard, $hit_lever_minecart, bracelet, feather",
							"d2sk:1, [d2sk:3], $kill_beetle_hard, $kill_swoop_hard, $hit_lever_minecart, bracelet, feather",
							"d2sk:3, $kill_beetle_hard, $kill_swoop_hard, $hit_lever_minecart, hook1, $push_enemy, feather",
							"d2sk:1, [d2sk:3], $kill_beetle_hard, $kill_swoop_hard, $hit_lever_minecart, hook1, $push_enemy, feather",
						],
						"item_count": 1
					},
					{
						"name": "Color\nroom",
						"access_rules": [
							// Can get every single chest in D2
							"$d2clear_hard",
							
							"d2sk:5, $kill_beetle_hard, $kill_swoop_hard, cane, feather",
							"d2sk:2, [d2sk:5], $kill_beetle_hard, $kill_swoop_hard, cane, feather",
							"d2sk:5, $kill_beetle_hard, $kill_swoop_hard, bracelet, feather",
							"d2sk:2, [d2sk:5], $kill_beetle_hard, $kill_swoop_hard, bracelet, feather",
							"d2sk:5, $kill_beetle_hard, $kill_swoop_hard, hook1, $push_enemy, feather",
							"d2sk:2, [d2sk:5], $kill_beetle_hard, $kill_swoop_hard, hook1, $push_enemy, feather",
						],
						"item_count": 1
					},
					{
						"name": "Head Thwomp\nReward",
						"access_rules": [
							// Can get every single chest in D2
							"$d2clear_hard",
							
							"d2bk, d2sk:5, $kill_beetle_hard, $kill_swoop_hard, [bombs], cane, feather",
							"d2bk, d2sk:2, [d2sk:5], $kill_beetle_hard, $kill_swoop_hard, [bombs], cane, feather",
							"d2bk, d2sk:5, $kill_beetle_hard, $kill_swoop_hard, [bombs], bracelet, feather",
							"d2bk, d2sk:2, [d2sk:5], $kill_beetle_hard, $kill_swoop_hard, [bombs], bracelet, feather",
							"d2bk, d2sk:5, $kill_beetle_hard, $kill_swoop_hard, [bombs], hook1, $push_enemy, feather",
							"d2bk, d2sk:2, [d2sk:5], $kill_beetle_hard, $kill_swoop_hard, [bombs], hook1, $push_enemy, feather",
						],
						"item_count": 1
					},
					{
						"name": "Ancient\nWood",
						"hosted_item": "d2",
						"access_rules": [
							// Can get every single chest in D2
							"$d2clear_hard",
							
							"d2bk, d2sk:5, $kill_beetle_hard, $kill_swoop_hard, [bombs], cane, feather",
							"d2bk, d2sk:2, [d2sk:5], $kill_beetle_hard, $kill_swoop_hard, [bombs], cane, feather",
							"d2bk, d2sk:5, $kill_beetle_hard, $kill_swoop_hard, [bombs], bracelet, feather",
							"d2bk, d2sk:2, [d2sk:5], $kill_beetle_hard, $kill_swoop_hard, [bombs], bracelet, feather",
							"d2bk, d2sk:5, $kill_beetle_hard, $kill_swoop_hard, [bombs], hook1, $push_enemy, feather",
							"d2bk, d2sk:2, [d2sk:5], $kill_beetle_hard, $kill_swoop_hard, [bombs], hook1, $push_enemy, feather",
						],
						"item_count": 0
					},	
					{
						"name": "D2 small\nkeys",
						"hosted_item": "d2sk",
						"item_count": 0
					},
					{
						"name": "D2 boss\nkey",
						"hosted_item": "d2bk",
						"item_count": 0
					},					
				],
				"map_locations": [
					{
						"map": "present",
						"x": 114,
						"y": 274
					},
					{
						"map": "past",
						"x": 114,
						"y": 274
					},
				]
			},
			{
				"name": "Get bombs from Head Thwomp",
				"access_rules": [
					"d2bk, d2sk:5, $kill_beetle_hard, $kill_swoop_hard, cane, feather",
					"d2bk, d2sk:2, [d2sk:5], $kill_beetle_hard, $kill_swoop_hard, cane, feather",
					"d2bk, d2sk:5, $kill_beetle_hard, $kill_swoop_hard, bracelet, feather",
					"d2bk, d2sk:2, [d2sk:5], $kill_beetle_hard, $kill_swoop_hard, bracelet, feather",
					"d2bk, d2sk:5, $kill_beetle_hard, $kill_swoop_hard, hook1, $push_enemy, feather",
					"d2bk, d2sk:2, [d2sk:5], $kill_beetle_hard, $kill_swoop_hard, hook1, $push_enemy, feather",
				],
				"sections": [
				  {
					"name": "Use keys wisely",
					"item_count": 0,
					"hosted_item": "bombs"
				  },
				],
				"map_locations": [
				  {
					"map": "present",
					"x": 130,
					"y": 258
				  },
				  {
					"map": "past",
					"x": 130,
					"y": 258
				  },
				]
			},
		]
	},
	
	{	
		"name": "Crescent Island",
		"chest_unopened_img": "images/chest_past.png",
		"chest_opened_img": "images/chestpastopen.png",
		"color": "#ff7700",
		"access_rules": [
			"$crescent_past"
		],
		"children": [
			{
				"name": "Crystal cave",
				"access_rules": [
					"$crescent_past, $destroy_bush, feather, shovel",
					"$crescent_past, $destroy_bush, feather, $destroy_crystal",
				],
				"sections": [
					{
						"name": "Chest",
						"item_count": 1
					}
				],
				"map_locations": [
					{
						"map": "past",
						"x": 370,
						"y": 369
					}
				]
			},
			{
				"name": "Bomb cave",
				"access_rules": [
					"$crescent_past, bracelet, bombs",
				],
				"sections": [
					{
						"name": "Chest",
						"item_count": 1
					}
				],
				"map_locations": [
					{
						"map": "past",
						"x": 434,
						"y": 402
					}
				]
			},
			{
				"name": "Wild Tokay",
				"access_rules": [
					"{}",
					"$crescent_past, bracelet, bombs, rupees:10"
				],
				"sections": [
					{
						"name": "Minigame reward",
						"item_count": 1
					}
				],
				"map_locations": [
					{
						"map": "past",
						"x": 434,
						"y": 369
					}
				]
			},
			{
				"name": "Hidden Tokay",
				"access_rules": [
					"$lynna, mermaidsuit",
				],
				"sections": [
					{
						"name": "Old planks",
						"item_count": 1
					}
				],
				"map_locations": [
					{
						"map": "past",
						"x": 306,
						"y": 434
					}
				]
			},
			{
				"name": "Pot cave",
				"access_rules": [
					"$crescent_past, hook2",
				],
				"sections": [
					{
						"name": "Chest",
						"item_count": 1
					}
				],
				"map_locations": [
					{
						"map": "past",
						"x": 434,
						"y": 434
					}
				]
			},
			
			{
				"name": "Under Crescent Island",
				"chest_unopened_img": "images/chest.png",
				"chest_opened_img": "images/chestopen.png",
				"color": "#0049bf",
				"access_rules": [
					"$lynna, mermaidsuit",
				],
				"sections": [
					{
						"name": "Labyrinth chest",
						"item_count": 1
					}
				],
				"map_locations": [
					{
						"map": "present",
						"x": 402,
						"y": 322
					}
				]
			},
			{
				"name": "Crescent Island Tree Quest",
				"access_rules": [
					"$crescent_past, bracelet, seedling",
					"$crescent_past, ages, seedling",
				],
				"sections": [
					{
						"name": "Plant the seedling",
						"hosted_item": "crescenttree",
						"item_count": 0
					}
				],
				"map_locations": [
					{
						"map": "past",
						"x": 402,
						"y": 337
					}
				]
			},
			{
				"name": "Crescent Island tree",
				"access_rules": [
					"$crescent_past, bracelet, echoes, seedling, crescenttree",
					"$crescent_past, ages, seedling, crescenttree",
					"$crescent_past, satchel, galeseeds, mermaidsuit, seedling, crescenttree",
				],
				"sections": [
					{
						"name": "Seeds",
						"access_rules": [
							//"{}",
							"$harvest_seeds"
						],
						"hosted_item": "tree_island",
						"item_count": 0
					}
				],
				"map_locations": [
					{
						"map": "present",
						"x": 402,
						"y": 337
					}
				]
			},
			
			{
				"name": "Moonlit Grotto",
				"chest_unopened_img": "images/chest.png",
				"chest_opened_img": "images/chestopen.png",
				"color": "#0049bf",
				"access_rules": [
					"$crescent_present",
				],
				"sections": [
					{
						"name": "Pols Voice\nchest",
						"access_rules": [
							// Can get every single chest in D3
							"$d3clear_hard",
							
							"bombs",
						],
						"item_count": 1
					},
					{
						"name": "East statues\ndrop",
						"access_rules": [
							// Can get every single chest in D3
							"$d3clear_hard",
							
							"bombs, $kill_moldorm_hard",
							"bombs, bracelet",
						],
						"item_count": 1
					},
					{
						"name": "Armos\nchest",
						"access_rules": [
							// Can get every single chest in D3
							"$d3clear_hard",
							
							"d3sk:1",
						],
						"item_count": 1
					},
					{
						"name": "Six blocks\ndrop",
						"access_rules": [
							// Can get every single chest in D3
							"$d3clear_hard",
							
							"d3sk:1",
						],
						"item_count": 1
					},
					{
						"name": "Four Armos\ndrop",
						"access_rules": [
							// Can get every single chest in D3
							"$d3clear_hard",
							
							"d3sk:1",
						],
						"item_count": 1
					},
					{
						"name": "Bush room\nchest",
						"access_rules": [
							// Can get every single chest in D3
							"$d3clear_hard",
							
							"d3sk:3, $kill_hard",
							"d3sk:2, [d3sk:3], $kill_hard",
						],
						"item_count": 1
					},
					{
						"name": "Mimic room\nchest",
						"access_rules": [
							// Can get every single chest in D3
							"$d3clear_hard",
							
							"d3sk:4, $kill_hard",
							"d3sk:3, [d3sk:4], $kill_hard",
						],
						"item_count": 1
					},
					{
						"name": "Fallen spinner\nchest",
						"access_rules": [
							// Can get every single chest in D3
							"$d3clear_hard",
							
							"d3sk:1, shooter",
							"d3sk:1, boomerang",
							"d3sk:1, hook1",
						],
						"item_count": 1
					},
					{
						"name": "Torch\nchest",
						"access_rules": [
							// Can get every single chest in D3
							"$d3clear_hard",
							
							"d3sk:1, shooter, emberseeds",
							"d3sk:1, shooter, mysteryseeds",
						],
						"item_count": 1
					},
					{
						"name": "Moldorm\ndrop",
						"access_rules": [
							// Can get every single chest in D3
							"$d3clear_hard",
							
							// vanilla, through Subterror
							"d3sk:1, shooter, $kill_subterror_hard, $kill_moldorm_hard",
							"d3sk:1, boomerang, $kill_subterror_hard, $kill_moldorm_hard",
							"d3sk:1, hook1, $kill_subterror_hard, $kill_moldorm_hard",
							
							// through bridge, 2 keys min 4 by logic
							"d3sk:4, shooter, feather",
							"d3sk:2, [d3sk:4], shooter, feather",
							
							"d3sk:4, boomerang, feather",
							"d3sk:2, [d3sk:4], boomerang, feather",
							"d3sk:4, bracelet, ring_toss, feather]",
							"d3sk:2, [d3sk:4], bracelet, ring_toss, feather",
						],
						"item_count": 1
					},
					{
						"name": "Bridge\nchest",
						"access_rules": [
							// Can get every single chest in D3
							"$d3clear_hard",
							
							"d3sk:1, shooter",
							"d3sk:1, $max_jump:2",
							
							"d3sk:1, boomerang, feather",
							"d3sk:1, bracelet, ring_toss, feather",
							
							"d3sk:1, boomerang, satchel, pegasusseeds",
							"d3sk:1, bracelet, ring_toss, satchel, pegasusseeds",
						],
						"item_count": 1
					},
					{
						"name": "Right side\nchest",
						"access_rules": [
							// Can get every single chest in D3
							"$d3clear_hard",
							
							"d3sk:1, $kill_subterror_hard, shooter",
							"d3sk:1, $kill_subterror_hard, sword1",
						],
						"item_count": 1
					},
					{
						"name": "Shadow Hag\nReward",
						"access_rules": [
							// Can get every single chest in D3
							"$d3clear_hard",
							
							// jumping from Subterror
							// with Shooter
							"d3bk, d3sk:1, shooter, emberseeds, $kill_subterror_hard, feather",
							"d3bk, d3sk:1, shooter, scentseeds, $kill_subterror_hard, feather",

							// satchel + boomerang
							"d3bk, d3sk:1, satchel, emberseeds, feather, boomerang, $kill_subterror_hard",
							"d3bk, d3sk:1, satchel, scentseeds, feather, boomerang, $kill_subterror_hard",
							
							// satchel + sword (hard mode)
							"d3bk, d3sk:1, satchel, emberseeds, feather, sword1, hook1, $kill_subterror_hard",
							"d3bk, d3sk:1, satchel, scentseeds, feather, sword1, hook1, $kill_subterror_hard",
							"d3bk, d3sk:4, satchel, emberseeds, feather, sword1, bracelet, $kill_subterror_hard",
							"d3bk, d3sk:4, satchel, scentseeds, feather, sword1, bracelet, $kill_subterror_hard",
							"d3bk, d3sk:2, [d3sk:4], satchel, emberseeds, feather, sword1, bracelet, $kill_subterror_hard",
							"d3bk, d3sk:2, [d3sk:4], satchel, scentseeds, feather, sword1, bracelet, $kill_subterror_hard",

							// satchel + bomb jump to hit the switch (hard mode)
							"d3bk, d3sk:1, satchel, emberseeds, $max_jump:2, $kill_subterror_hard",
							"d3bk, d3sk:1, satchel, scentseeds, $max_jump:2, $kill_subterror_hard",
							"d3bk, d3sk:1, satchel, emberseeds, feather, bombs, hook1, $kill_subterror_hard",
							"d3bk, d3sk:1, satchel, scentseeds, feather, bombs, hook1, $kill_subterror_hard",
							"d3bk, d3sk:4, satchel, emberseeds, feather, bombs, bracelet, $kill_subterror_hard",
							"d3bk, d3sk:4, satchel, scentseeds, feather, bombs, bracelet, $kill_subterror_hard",
							"d3bk, d3sk:2, [d3sk:4], satchel, emberseeds, feather, bombs, bracelet, $kill_subterror_hard",
							"d3bk, d3sk:2, [d3sk:4], satchel, scentseeds, feather, bombs, bracelet, $kill_subterror_hard",
							
							// from the bridge area (much simpler)
							"d3bk, d3sk:4, shooter",
							"d3bk, d3sk:2, [d3sk:4], shooter",
							"d3bk, d3sk:4, boomerang, feather",
							"d3bk, d3sk:2, [d3sk:4], boomerang, feather",
							"d3bk, d3sk:4, boomerang, satchel, pegasusseeds",
							"d3bk, d3sk:2, [d3sk:4], boomerang, satchel, pegasusseeds",
						],
						"item_count": 1
					},
					{
						"name": "Echoing\nHowl",
						"hosted_item": "d3",
						"access_rules": [
							// Can get every single chest in D3
							"$d3clear_hard",
							
							// jumping from Subterror
							// with Shooter
							"d3bk, d3sk:1, shooter, emberseeds, $kill_subterror_hard, feather",
							"d3bk, d3sk:1, shooter, scentseeds, $kill_subterror_hard, feather",

							// satchel + boomerang
							"d3bk, d3sk:1, satchel, emberseeds, feather, boomerang, $kill_subterror_hard",
							"d3bk, d3sk:1, satchel, scentseeds, feather, boomerang, $kill_subterror_hard",
							
							// satchel + sword (hard mode)
							"d3bk, d3sk:1, satchel, emberseeds, feather, sword1, hook1, $kill_subterror_hard",
							"d3bk, d3sk:1, satchel, scentseeds, feather, sword1, hook1, $kill_subterror_hard",
							"d3bk, d3sk:4, satchel, emberseeds, feather, sword1, bracelet, $kill_subterror_hard",
							"d3bk, d3sk:4, satchel, scentseeds, feather, sword1, bracelet, $kill_subterror_hard",
							"d3bk, d3sk:2, [d3sk:4], satchel, emberseeds, feather, sword1, bracelet, $kill_subterror_hard",
							"d3bk, d3sk:2, [d3sk:4], satchel, scentseeds, feather, sword1, bracelet, $kill_subterror_hard",

							// satchel + bomb jump to hit the switch (hard mode)
							"d3bk, d3sk:1, satchel, emberseeds, $max_jump:2, $kill_subterror_hard",
							"d3bk, d3sk:1, satchel, scentseeds, $max_jump:2, $kill_subterror_hard",
							"d3bk, d3sk:1, satchel, emberseeds, feather, bombs, hook1, $kill_subterror_hard",
							"d3bk, d3sk:1, satchel, scentseeds, feather, bombs, hook1, $kill_subterror_hard",
							"d3bk, d3sk:4, satchel, emberseeds, feather, bombs, bracelet, $kill_subterror_hard",
							"d3bk, d3sk:4, satchel, scentseeds, feather, bombs, bracelet, $kill_subterror_hard",
							"d3bk, d3sk:2, [d3sk:4], satchel, emberseeds, feather, bombs, bracelet, $kill_subterror_hard",
							"d3bk, d3sk:2, [d3sk:4], satchel, scentseeds, feather, bombs, bracelet, $kill_subterror_hard",
							
							// from the bridge area (much simpler)
							"d3bk, d3sk:4, shooter",
							"d3bk, d3sk:2, [d3sk:4], shooter",
							"d3bk, d3sk:4, boomerang, feather",
							"d3bk, d3sk:2, [d3sk:4], boomerang, feather",
							"d3bk, d3sk:4, boomerang, satchel, pegasusseeds",
							"d3bk, d3sk:2, [d3sk:4], boomerang, satchel, pegasusseeds",
						],
						"item_count": 0
					},
					{
						"name": "D3 small\nkeys",
						"hosted_item": "d3sk",
						"item_count": 0
					},
					{
						"name": "D3 boss\nkey",
						"hosted_item": "d3bk",
						"item_count": 0
					},		  		
				],
				"map_locations": [
					{
						"map": "present",
						"x": 338,
						"y": 369
					},
				]
			},
			{
				"name": "Get scent seeds in D3's bridge rooms",
				"access_rules": [
					"$crescent_present",
				],
				"sections": [
				  {
					"name": "Respawnable bushes",
					"access_rules": [
						"d3sk:1, $use_seeds",
					],
					"item_count": 0,
					"hosted_item": "scentseeds"
				  },
				],
				"map_locations": [
				  {
					"map": "present",
					"x": 354,
					"y": 347
				},
				]
			},
		]
	},
	
	{	
		"name": "Nuun Highlands",
		"chest_unopened_img": "images/chest.png",
		"chest_opened_img": "images/chestopen.png",
		"color": "#0049bf",
		"access_rules": [
			"$nuun_hard"
		],
		"children": [
			// Moosh workers
			{	
				"name": "Rescue the carpenters (Moosh)",
				"access_rules": [
					"$moosh",
					"nuun_moosh, currents",
				],
				"sections": [
					{
						"name": "(4, 7)",
						"hosted_item": "carpenter1",
						"item_count": 0
					}
				],
				"map_locations": [
					{
						"map": "present",
						"x": 210,
						"y": 50
					},
					{
						"map": "past",
						"x": 210,
						"y": 50
					},
				]
			},
			{	
				"name": "Rescue the carpenters (Moosh)",
				"access_rules": [
					"$moosh",
					"nuun_moosh, currents",
				],
				"sections": [
					{
						"name": "(8, 7)",
						"hosted_item": "carpenter3",
						"item_count": 0
					}
				],
				"map_locations": [
					{
						"map": "present",
						"x": 242,
						"y": 50
					},
					{
						"map": "past",
						"x": 242,
						"y": 50
					},
				]
			},
			{	
				"name": "Rescue the carpenters (Moosh)",
				"access_rules": [
					"$moosh",
					"nuun_moosh, currents",
				],
				"sections": [
					{
						"name": "(5, 7)",
						"hosted_item": "carpenter2",
						"item_count": 0
					}
				],
				"map_locations": [
					{
						"map": "present",
						"x": 242,
						"y": 80
					},
					{
						"map": "past",
						"x": 242,
						"y": 80
					},
				]
			},

			// Ricky workers
			{	
				"name": "Rescue the carpenters (Ricky)",
				"access_rules": [
					"$ricky",
					"nuun_ricky, currents",
				],
				"sections": [
					{
						"name": "(4, 3)",
						"hosted_item": "carpenter1",
						"item_count": 0
					}
				],
				"map_locations": [
					{
						"map": "present",
						"x": 210,
						"y": 50
					},
					{
						"map": "past",
						"x": 210,
						"y": 50
					},
				]
			},
			{	
				"name": "Rescue the carpenters (Ricky)",
				"access_rules": [
					"$ricky",
					"nuun_ricky, currents",
				],
				"sections": [
					{
						"name": "(4, 7)",
						"hosted_item": "carpenter2",
						"item_count": 0
					}
				],
				"map_locations": [
					{
						"map": "present",
						"x": 242,
						"y": 80
					},
					{
						"map": "past",
						"x": 242,
						"y": 80
					},
				]
			},
			{	
				"name": "Rescue the carpenters (Ricky)",
				"access_rules": [
					"$ricky",
					"nuun_ricky, currents",
				],
				"sections": [
					{
						"name": "(5, 3)",
						"hosted_item": "carpenter3",
						"item_count": 0
					}
				],
				"map_locations": [
					{
						"map": "present",
						"x": 210,
						"y": 80
					},
					{
						"map": "past",
						"x": 210,
						"y": 80
					},
				]
			},
			
			{	
				"name": "Rescue the carpenters (Dimitri)",
				"access_rules": [
					"$dimitri",
					"nuun_dimitri, currents",
				],
				"sections": [
					{
						"name": "(5, 3)",
						"hosted_item": "carpenter3",
						"item_count": 0
					}
				],
				"map_locations": [
					{
						"map": "present",
						"x": 210,
						"y": 80
					},
					{
						"map": "past",
						"x": 210,
						"y": 80
					},
				]
			},
			{	
				"name": "Rescue the carpenters (Dimitri)",
				"access_rules": [
					"$dimitri",
					"nuun_dimitri, currents",
				],
				"sections": [
					{
						"name": "(9, 6)",
						"hosted_item": "carpenter2",
						"item_count": 0
					}
				],
				"map_locations": [
					{
						"map": "present",
						"x": 242,
						"y": 114
					},
					{
						"map": "past",
						"x": 242,
						"y": 114
					},
				]
			},
			{	
				"name": "Rescue the carpenters (Dimitri)",
				"access_rules": [
					"$dimitri",
					"nuun_dimitri, currents",
				],
				"sections": [
					{
						"name": "(6, 5)",
						"hosted_item": "carpenter1",
						"item_count": 0
					}
				],
				"map_locations": [
					{
						"map": "present",
						"x": 242,
						"y": 50
					},
					{
						"map": "past",
						"x": 242,
						"y": 50
					},
				]
			},
			
			
			{
				"name": "Nuun Highlands (Ricky)",
				"access_rules": [
					"$ricky",
					"nuun_ricky, currents"
				],
				"sections": [
					{
						"name": "Cave chest",
						"item_count": 1
					}
				],
				"map_locations": [
					{
						"map": "present",
						"x": 242,
						"y": 97
					}
				]
			},
			{
				"name": "Nuun Highlands (Dimitri)",
				"access_rules": [
					"$dimitri"
				],
				"sections": [
					{
						"name": "Cave chest",
						"item_count": 1
					}
				],
				"map_locations": [
					{
						"map": "present",
						"x": 242,
						"y": 97
					}
				]
			},
			{
				"name": "Nuun Highlands (Moosh)",
				"access_rules": [
					"$moosh",
					"nuun_moosh, currents",
					"nuun_moosh, $destroy_bush_flute, $max_jump:2"
				],
				"sections": [
					{
						"name": "Cave chest",
						"item_count": 1
					}
				],
				"map_locations": [
					{
						"map": "present",
						"x": 242,
						"y": 97
					}
				]
			},

			{
				"name": "Nuun Highlands",
				"access_rules": [
					"{$carpentersNotDone}"
				],
				"sections": [
					{
						"name": "Check Nuun Highlands",
						"hosted_item": "nuun_animal",
						"item_count": 0
					}
				],
				"map_locations": [
					{
						"map": "present",
						"x": 226,
						"y": 65
					}
				]
			},
		]
	},
	
	{	
		"name": "Symmetry City",
		"chest_unopened_img": "images/chest_past.png",
		"chest_opened_img": "images/chestpastopen.png",
		"color": "#ff7700",
		"access_rules": [
			"$nuun_hard, currents",
			"$nuun_hard, flute_generic",
		],
		"children": [
			{
				"name": "Symmetry City tree",
				"color": "#0049bf",
				"sections": [
					{
						"name": "Seeds",
						"access_rules": [
							//"{}",
							"$harvest_seeds",
							"repairednut, $dimitri, $use_seeds"
						],
						"hosted_item": "tree_symmetry",
						"item_count": 0
					}
				],
				"map_locations": [
					{
						"map": "present",
						"x": 114,
						"y": 50
					}
				]
			},
			{
				"name": "Symmetry City (North)",
				"access_rules": [
					"$destroy_bush, echoes",
					"ages",
				],
				"sections": [
					{
						"name": "Talk to the brothers",
						"item_count": 1
					},
				],
				"map_locations": [
					{
						"map": "past",
						"x": 114,
						"y": 30
					}
				]
			},
			
			{
				"name": "Tokkey's Composition",
				"access_rules": [
					"$destroy_bush, echoes, flippers",
					"ages, flippers",
				],
				"sections": [
					{
						"name": "Sick tunes",
						"item_count": 1
					},
				],
				"map_locations": [
					{
						"map": "past",
						"x": 50,
						"y": 17
					}
				]
			},
			
			{
				"name": "Talus Peaks",
				"chest_unopened_img": "images/chest.png",
				"chest_opened_img": "images/chestopen.png",
				"color": "#0049bf",
				"access_rules": [
					"ages",
					"$destroy_bush, currents, bracelet, flippers"
				],
				"sections": [
					{
						"name": "Chest before\nRestoration Wall",
						"item_count": 1
					},
				],
				"map_locations": [
					{
						"map": "past",
						"x": 114,
						"y": 210
					},
					{
						"map": "present",
						"x": 114,
						"y": 210
					}
				]
			},
			
			{
				"name": "Patch",
				"access_rules": [
					"$patch_nut_hard, tuninut, ages",
					"$patch_nut_hard, tuninut, $destroy_bush, currents, bracelet, flippers"
				],
				"sections": [
					{
						"name": "Restore\nthe nut",
						"hosted_item": "repairednut",
						"item_count": 0
					},
				],
				"map_locations": [
					{
						"map": "past",
						"x": 114,
						"y": 114
					},
				]
			},
			
			{
				"name": "Skull Dungeon",
				"chest_unopened_img": "images/chest.png",
				"chest_opened_img": "images/chestopen.png",
				"color": "#0049bf",
				"access_rules": [
					"repairednut"
				],
				"sections": [
					{
						"name": "Zol\nchest",
						"access_rules": [
							// Can get every single chest in D4
							"$d4clear_hard",
							
							"$kill_hard, feather",
							"$kill_hard, hook1",
							"$push_enemy, feather",
							"$push_enemy, hook1",
						],
						"item_count": 1
					},
					{
						"name": "Cube\nchest",
						"access_rules": [
							// Can get every single chest in D4
							"$d4clear_hard",
							
							"$kill_hard, feather",
							"$push_enemy, feather",
						],
						"item_count": 1
					},
					{
						"name": "Minecart\nchest",
						"access_rules": [
							// Can get every single chest in D4
							"$d4clear_hard",
							
							"d4sk:1, feather, $hit_lever",
						],
						"item_count": 1
					},
					{
						"name": "Moldorm switch\nchest",
						"access_rules": [
							// Can get every single chest in D4
							"$d4clear_hard",
							
							"d4sk:1, feather, shooter",
							"d4sk:1, feather, boomerang",
						],
						"item_count": 1
					},
					{
						"name": "Keese switch\nchest",
						"access_rules": [
							// Can get every single chest in D4
							"$d4clear_hard",
							
							"d4sk:2, feather, $hit_lever, bracelet, $kill_hard, shooter",
							"d4sk:2, feather, $hit_lever, bracelet, $kill_hard, boomerang",
						],
						"item_count": 1
					},
					{
						"name": "Color tiles\ndrop",
						"access_rules": [
							// Can get every single chest in D4
							"$d4clear_hard",
							
							"d4sk:3, feather, $hit_lever, bracelet, $kill_hard, shooter, sword1",
							"d4sk:3, feather, $hit_lever, bracelet, $kill_hard, shooter, emberseeds",
							"d4sk:3, feather, $hit_lever, bracelet, $kill_hard, shooter, scentseeds",
							"d4sk:3, feather, $hit_lever, bracelet, $kill_hard, shooter, galeseeds",
							"d4sk:3, feather, $hit_lever, bracelet, $kill_hard, boomerang, satchel, scentseeds",
							"d4sk:3, feather, $hit_lever, bracelet, $kill_hard, boomerang, ring_peace, bombs",
						],
						"item_count": 1
					},
					{
						"name": "Small floor\npuzzle reward",
						"access_rules": [
							// Can get every single chest in D4
							"$d4clear_hard",
							
							"d4sk:4, $kill_hard, feather, $hit_lever, shooter, bracelet, scentseeds, bombs",
							"d4sk:4, $kill_hard, feather, $hit_lever, shooter, bracelet, emberseeds, bombs",
							"d4sk:4, $kill_hard, feather, $hit_lever, shooter, bracelet, galeseeds, bombs",
							
							"d4sk:4, $kill_hard, feather, $hit_lever, boomerang, bracelet, bombs, sword1",
							"d4sk:4, $kill_hard, feather, $hit_lever, boomerang, bracelet, satchel, scentseeds, bombs",
							"d4sk:4, $kill_hard, feather, $hit_lever, boomerang, bracelet, ring_peace, bombs",
						],
						"item_count": 1
					},
					{
						"name": "Big floor\npuzzle reward",
						"access_rules": [
							// Can get every single chest in D4
							"$d4clear_hard",
							
							"d4sk:4, $kill_hard, feather, $hit_lever, shooter, bracelet, emberseeds, hook1",
							"d4sk:4, $kill_hard, feather, $hit_lever, shooter, bracelet, scentseeds, hook1",
							"d4sk:4, $kill_hard, feather, $hit_lever, shooter, bracelet, galeseeds, hook1",
							
							"d4sk:4, $kill_hard, feather, $hit_lever, boomerang, bracelet, satchel, scentseeds, hook1",
							"d4sk:4, $kill_hard, feather, $hit_lever, boomerang, bracelet, ring_peace, bombs, hook1",
							"d4sk:4, $kill_hard, feather, $hit_lever, boomerang, bracelet, hook1",
							
						],
						"item_count": 1
					},
					{
						"name": "Extremely out of\nthe way chest",
						"access_rules": [
							// Can get every single chest in D4
							"$d4clear_hard",
							
							"d4sk:5, $kill_hard, feather, $hit_lever, shooter, bracelet, emberseeds, hook1",
							"d4sk:5, $kill_hard, feather, $hit_lever, shooter, bracelet, scentseeds, hook1",
							"d4sk:5, $kill_hard, feather, $hit_lever, shooter, bracelet, galeseeds, hook1",
							
							"d4sk:5, $kill_hard, feather, $hit_lever, boomerang, bracelet, sword1, hook1",
							"d4sk:5, $kill_hard, feather, $hit_lever, boomerang, bracelet, satchel, scentseeds, hook1",
							"d4sk:5, $kill_hard, feather, $hit_lever, boomerang, bracelet, ring_peace, bombs, hook1",
						],
						"item_count": 1
					},
					{
						"name": "Eyesoar\nReward",
						"access_rules": [
							// Can get every single chest in D4
							"$d4clear_hard",
							
							"d4bk, d4sk:4, $kill_hard, feather, $hit_lever, shooter, bracelet, hook1, sword1",
							"d4bk, d4sk:4, $kill_hard, feather, $hit_lever, shooter, bracelet, hook1, $punch",
							"d4bk, d4sk:4, $kill_hard, feather, $hit_lever, boomerang, satchel, scentseeds, bracelet, hook1",
							"d4bk, d4sk:4, $kill_hard, feather, $hit_lever, boomerang, ring_peace, bracelet, hook1",
						],
						"item_count": 1
					},
					{
						"name": "Burning\nFlame",
						"hosted_item": "d4",
						"access_rules": [
							// Can get every single chest in D4
							"$d4clear_hard",
							
							"d4bk, d4sk:4, $kill_hard, feather, $hit_lever, shooter, bracelet, hook1, sword1",
							"d4bk, d4sk:4, $kill_hard, feather, $hit_lever, shooter, bracelet, hook1, $punch",
							"d4bk, d4sk:4, $kill_hard, feather, $hit_lever, boomerang, satchel, scentseeds, bracelet, hook1",
							"d4bk, d4sk:4, $kill_hard, feather, $hit_lever, boomerang, ring_peace, bracelet, hook1",
						],
						"item_count": 0
					},
					{
						"name": "D4 small\nkeys",
						"hosted_item": "d4sk",
						"item_count": 0
					},
					{
						"name": "D4 boss\nkey",
						"hosted_item": "d4bk",
						"item_count": 0
					},					
				],
				"map_locations": [
					{
						"map": "present",
						"x": 114,
						"y": 17
					},
				]
			},
		]
	},
	
	{	
		"name": "Rolling Ridge West",
		"chest_unopened_img": "images/chest.png",
		"chest_opened_img": "images/chestopen.png",
		"color": "#0049bf",
		"children": [
			{
				"name": "Goron Elder",
				"chest_unopened_img": "images/chest_past.png",
				"chest_opened_img": "images/chestpastopen.png",
				"color": "#ff7700",
				"access_rules": [
					"bombflower, feather, hook1",
					"bombflower, ages, hook1",
				],
				"sections": [
					{
						"name": "Blast him open",
						"item_count": 1
					}
				],
				"map_locations": [
					{
						"map": "past",
						"x": 274,
						"y": 80
					}
				]
			},
			{
				"name": "Rolling Ridge entrance",
				"access_rules": [
					"$west_ridge_present",
				],
				"sections": [
					{
						"name": "Bomb the\neast wall",
						"access_rules": [
							"bombs",
						],
						"item_count": 1
					},
					{
						"name": "Stairs\nchest",
						"item_count": 1
					},
					{
						"name": "Surface\nstairs",
						"item_count": 1
					},
				],
				"map_locations": [
					{
						"map": "present",
						"x": 274,
						"y": 65
					}
				]
			},
			{
				"name": "West Rolling Ridge tree",
				"color": "#ff7700",
				"access_rules": [
					"bombflower, feather, hook1",
					"currents, feather, hook1",
					"$west_ridge_present, bracelet, echoes",
					"$west_ridge_present, ages"
				],
				"sections": [
					{
						"name": "Seeds",
						"access_rules": [
							//"{}",
							"$harvest_seeds"
						],
						"hosted_item": "tree_moblin",
						"item_count": 0
					}
				],
				"map_locations": [
					{
						"map": "past",
						"x": 274,
						"y": 17
					}
				]
			},
			{
				"name": "Moblin Keep",
				"access_rules": [
					"$west_ridge_present",
				],
				"sections": [
					{
						"name": "Lower floor chest",
						"access_rules": [
							"feather, flippers",
						],
						"item_count": 1
					},
					{
						"name": "Defeat the boss",
						"access_rules": [
							"satchel, pegasusseeds, bracelet",
						],
						"item_count": 1
					},
				],
				"map_locations": [
					{
						"map": "present",
						"x": 306,
						"y": 17
					}
				]
			},
			
			{
				"name": "Crown Dungeon",
				"access_rules": [
					// Vanilla way, by beating Moblin Keep
					"$west_ridge_present, satchel, pegasusseeds, bracelet, feather, d5key", 
					
					// From East Ridge
					"$lynna, feather, mermaidsuit, hook1, bracelet, currents, d5key",
					"$lynna, ages, mermaidsuit, hook1, d5key",
				],
				"sections": [
					{
						"name": "West basement\nblue pegs chest",
						"access_rules": [
							// Can get every single chest in D5
							"$d5clear_hard",
							
							"$kill_hard, $hit_far_switch",
							"$kill_hard, bracelet",
							"$kill_hard, feather, cane, emberseeds",
							"$kill_hard, feather, cane, scentseeds",
							"$kill_hard, feather, cane, mysteryseeds",
						],
						"item_count": 1
					},
					{
						"name": "Eyes\nchest",
						"access_rules": [
							// Can get every single chest in D5
							"$d5clear_hard",
							
							"$kill_hard, shooter",
							"$kill_hard, $max_jump:2, mysteryseeds, $hit_far_switch",
							"$kill_hard, $max_jump:2, mysteryseeds, ring_toss, bracelet",
							"$kill_hard, $max_jump:2, mysteryseeds, cane",
						],
						"item_count": 1
					},
					{
						"name": "Dark room\nchest",
						"access_rules": [
							// Can get every single chest in D5
							"$d5clear_hard",
							
							"$kill_hard, $hit_switch",
							"$kill_hard, bracelet",
						],
						"item_count": 1
					},
					{
						"name": "Twin statues\npuzzle chest",
						"access_rules": [
							// Can get every single chest in D5
							"$d5clear_hard",
							
							// reach as normal
							"$kill_hard, $hit_switch, $destroy_pot, cane, feather, shooter",
							"$kill_hard, bracelet, $destroy_pot, cane, feather, shooter",
							
							// hit switch with a sword slash
							"$kill_hard, $hit_switch, $destroy_pot, cane, feather, sword1",
							"$kill_hard, bracelet, $destroy_pot, cane, feather, sword1",
							
							// hit switch with a long jump and drop a seed
							"$kill_hard, $hit_switch, $destroy_pot, cane, $max_jump:2, satchel, emberseeds",
							"$kill_hard, bracelet, $destroy_pot, cane, $max_jump:2, satchel, emberseeds",
							"$kill_hard, $hit_switch, $destroy_pot, cane, $max_jump:2, satchel, scentseeds",
							"$kill_hard, bracelet, $destroy_pot, cane, $max_jump:2, satchel, scentseeds",
							"$kill_hard, $hit_switch, $destroy_pot, cane, $max_jump:2, satchel, mysteryseeds",
							"$kill_hard, bracelet, $destroy_pot, cane, $max_jump:2, satchel, mysteryseeds",
							
							// hit switch with a bomb jump and drop a seed
							"$kill_hard, $hit_switch, $destroy_pot, cane, feather, bombs, satchel, emberseeds",
							"$kill_hard, bracelet, $destroy_pot, cane, feather, bombs, satchel, emberseeds",
							"$kill_hard, $hit_switch, $destroy_pot, cane, feather, bombs, satchel, scentseeds",
							"$kill_hard, bracelet, $destroy_pot, cane, feather, bombs, satchel, scentseeds",
							"$kill_hard, $hit_switch, $destroy_pot, cane, feather, bombs, satchel, mysteryseeds",
							"$kill_hard, bracelet, $destroy_pot, cane, feather, bombs, satchel, mysteryseeds",
						],
						"item_count": 1
					},
					{
						"name": "Chest before\n the boss",
						"access_rules": [
							// Can get every single chest in D5
							"$d5clear_hard",
							
							"$kill_hard, $hit_switch",
							"$kill_hard, bracelet",
						],
						"item_count": 1
					},
					{
						"name": "Three statues\npuzzle chest",
						"access_rules": [
							// Can get every single chest in D5
							"$d5clear_hard",
							
							"d5sk:5, $kill_hard, $hit_switch, cane",
							"d5sk:1, [d5sk:5], $kill_hard, $hit_switch, cane",
							"d5sk:5, $kill_hard, bracelet, cane",
							"d5sk:1, [d5sk:5], $kill_hard, bracelet, cane",
						],
						"item_count": 1
					},
					{
						"name": "Color Statues\npuzzle",
						"access_rules": [
							// Can get every single chest in D5
							"$d5clear_hard",
							
							"d5sk:5, $kill_hard, $hit_switch, shooter, emberseeds, feather",
							"d5sk:1, [d5sk:5], $kill_hard, $hit_switch, shooter, emberseeds, feather",
							"d5sk:5, $kill_hard, bracelet, shooter, emberseeds, feather",
							"d5sk:1, [d5sk:5], $kill_hard, bracelet, shooter, emberseeds, feather",
						],
						"item_count": 1
					},
					{
						"name": "Diamonds\nchest",
						"access_rules": [
							// Can get every single chest in D5
							"$d5clear_hard",
							
							"d5sk:2, $kill_hard, $hit_switch, feather, bracelet, cane, hook1",
							"d5sk:1, [d5sk:2], $kill_hard, $hit_switch, feather, bracelet, cane, hook1",
							"d5sk:2, $kill_hard, $hit_switch, feather, bracelet, sword1, hook1",
							"d5sk:1, [d5sk:2], $kill_hard, $hit_switch, feather, bracelet, sword1, hook1",
							"d5sk:2, $kill_hard, $hit_switch, $max_jump:2, bracelet, hook1",
							"d5sk:1, [d5sk:2], $kill_hard, $hit_switch, $max_jump:2, bracelet, hook1",
						],
						"item_count": 1
					},
					{
						"name": "Red chest after\nspike room",
						"access_rules": [
							// Can get every single chest in D5
							"$d5clear_hard",
							
							"d5sk:5, $kill_hard, feather, bracelet, cane, $hit_far_switch",
							"d5sk:4, [d5sk:5], $kill_hard, feather, bracelet, cane, $hit_far_switch",
							"d5sk:5, $kill_hard, feather, bracelet, sword1, hook1, $hit_far_switch",
							"d5sk:4, [d5sk:5], $kill_hard, feather, bracelet, sword1, hook1, $hit_far_switch",
							"d5sk:5, $kill_hard, $max_jump:2, bracelet, $hit_far_switch",
							"d5sk:4, [d5sk:5], $kill_hard, $max_jump:2, bracelet, $hit_far_switch",
							
							// key skip with peace ring or boomerang (not in logic, ever)
							"d5sk:3, [d5sk:5], $kill_hard, feather, bracelet, cane, $hit_far_switch, boomerang",
							"d5sk:3, [d5sk:5], $kill_hard, feather, bracelet, cane, $hit_far_switch, ring_peace, bombs",
							"d5sk:3, [d5sk:5], $kill_hard, feather, bracelet, sword1, hook1, $hit_far_switch, boomerang",
							"d5sk:3, [d5sk:5], $kill_hard, feather, bracelet, sword1, hook1, $hit_far_switch, ring_peace, bombs",
							"d5sk:3, [d5sk:5], $kill_hard, $max_jump:2, bracelet, $hit_far_switch, boomerang",
							"d5sk:3, [d5sk:5], $kill_hard, $max_jump:2, bracelet, $hit_far_switch, ring_peace, bombs",
						],
						"item_count": 1
					},
					{
						"name": "Isolated owl\npuzzle chest",
						"access_rules": [
							// Can get every single chest in D5
							"$d5clear_hard",
							
							"d5sk:5, $kill_hard, feather, bracelet, cane, $hit_far_switch",
							"d5sk:4, [d5sk:5], $kill_hard, feather, bracelet, cane, $hit_far_switch",
							"d5sk:5, $kill_hard, feather, bracelet, sword1, hook1, $hit_far_switch",
							"d5sk:4, [d5sk:5], $kill_hard, feather, bracelet, sword1, hook1, $hit_far_switch",
							"d5sk:5, $kill_hard, $max_jump:2, bracelet, $hit_far_switch",
							"d5sk:4, [d5sk:5], $kill_hard, $max_jump:2, bracelet, $hit_far_switch",
							
							// key skip with peace ring or boomerang (not in logic, ever)
							"d5sk:3, [d5sk:5], $kill_hard, feather, bracelet, cane, $hit_far_switch, boomerang",
							"d5sk:3, [d5sk:5], $kill_hard, feather, bracelet, cane, $hit_far_switch, ring_peace, bombs",
							"d5sk:3, [d5sk:5], $kill_hard, feather, bracelet, sword1, hook1, $hit_far_switch, boomerang",
							"d5sk:3, [d5sk:5], $kill_hard, feather, bracelet, sword1, hook1, $hit_far_switch, ring_peace, bombs",
							"d5sk:3, [d5sk:5], $kill_hard, $max_jump:2, bracelet, $hit_far_switch, boomerang",
							"d5sk:3, [d5sk:5], $kill_hard, $max_jump:2, bracelet, $hit_far_switch, ring_peace, bombs",
						],
						"item_count": 1
					},
					{
						"name": "Smog\nreward",
						"access_rules": [
							// Can get every single chest in D5
							"$d5clear_hard",
							
							"d5bk, $kill_hard, $hit_switch, sword1, cane",
							"d5bk, $kill_hard, bracelet, sword1, cane",
						],
						"item_count": 1
					},
					{
						"name": "Sacred\nSoil",
						"access_rules": [
							// Can get every single chest in D5
							"$d5clear_hard",
							
							"d5bk, $kill_hard, $hit_switch, sword1, cane",
							"d5bk, $kill_hard, bracelet, sword1, cane",
						],
						"hosted_item": "d5",
						"item_count": 0
					},
					{
						"name": "D5 small\nkeys",
						"hosted_item": "d5sk",
						"item_count": 0
					},
					{
						"name": "D5 boss\nkey",
						"hosted_item": "d5bk",
						"item_count": 0
					},					
				],
				"map_locations": [
					{
						"map": "present",
						"x": 338,
						"y": 17
					},
				]
			},
		]
	},
	
	{	
		"name": "Rolling Ridge East (Present)",
		"chest_unopened_img": "images/chest.png",
		"chest_opened_img": "images/chestopen.png",
		"color": "#0049bf",
		"children": [
			{
				"name": "Goron caves (present)",
				"sections": [
					{
						"name": "Goron\nDancing",
						"access_rules": [
							//from Lynna, swimming
							"$lynna, feather, mermaidsuit, currents",
							"$lynna, ages, mermaidsuit",
							
							//from the upper cave
							"$west_ridge_present, satchel, pegasusseeds, bracelet, feather",
						],
						"item_count": 1
					},
					{
						"name": "Trade the Brisket\nwith the stairs Goron",
						"access_rules": [
							//from Lynna, swimming
							"$lynna, feather, mermaidsuit, currents, emblem, brisket",
							"$lynna, ages, mermaidsuit, emblem, brisket",
							
							//from the upper cave
							"$west_ridge_present, satchel, pegasusseeds, bracelet, feather, emblem, brisket",
						],
						"item_count": 1
					},
					{
						"name": "Diamonds\nChest",
						"access_rules": [
							//from Lynna, swimming
							"$lynna, feather, mermaidsuit, currents, hook1",
							"$lynna, feather, mermaidsuit, currents, emblem, $max_jump:2",
							"$lynna, ages, mermaidsuit, hook1",
							
							//from the upper cave, requires emblem
							"$west_ridge_present, satchel, pegasusseeds, bracelet, feather, currents, hook1",
							"$west_ridge_present, satchel, pegasusseeds, bracelet, feather, currents, $max_jump:2",
						],
						"item_count": 1
					},
					{
						"name": "Big Bang\nminigame",
						"access_rules": [
							//from Lynna, swimming
							"$lynna, feather, mermaidsuit, currents, hook1, goronade",
							"$lynna, feather, mermaidsuit, currents, emblem, $max_jump:1, goronade",
							"$lynna, ages, mermaidsuit, hook1, goronade",
							
							//from the upper cave, requires emblem
							"$west_ridge_present, satchel, pegasusseeds, bracelet, feather, currents, hook1, goronade",
							"$west_ridge_present, satchel, pegasusseeds, bracelet, feather, currents, $max_jump:2, goronade",
						],
						"item_count": 1
					},
					{
						"name": "Highest floor\nchest",
						"access_rules": [
							//from Lynna, swimming
							"$lynna, feather, mermaidsuit, currents, hook1",
							"$lynna, feather, mermaidsuit, currents, emblem, $max_jump:1",
							"$lynna, ages, mermaidsuit, hook1",
							
							//from the upper cave, requires emblem
							"$west_ridge_present, satchel, pegasusseeds, bracelet, feather, currents, hook1",
							"$west_ridge_present, satchel, pegasusseeds, bracelet, feather, currents, $max_jump:2",
						],
						"item_count": 1
					},
				],

				"map_locations": [
					{
						"map": "present",
						"x": 434,
						"y": 97
					}
				]
			},
			{
				"name": "Target carts minigame",
				"access_rules": [
					//from Lynna, swimming
					"$lynna, feather, mermaidsuit, currents, hook1, currents",
					"$lynna, ages, mermaidsuit, hook1",
							
					//from Moblin cave
					"$west_ridge_present, satchel, pegasusseeds, bracelet, feather, hook1, currents",
				],
				"sections": [
					{
						"name": "First reward",
						"item_count": 1
					},
					{
						"name": "Second reward",
						"item_count": 1
					},
				],

				"map_locations": [
					{
						"map": "present",
						"x": 434,
						"y": 50
					}
				]
			},
			{
				"name": "D6 entrance",
				"access_rules": [
					"$lynna, feather, mermaidsuit, currents",
					"$lynna, ages, mermaidsuit",
				],
				"sections": [
					{
						"name": "Underwater chest",
						"item_count": 1
					},
				],

				"map_locations": [
					{
						"map": "present",
						"x": 386,
						"y": 97
					}
				]
			},
			{
				"name": "Mermaid's Cave (Present)",
				"access_rules": [
					//from Lynna, swimming
					"d6keyold, $lynna, feather, mermaidsuit, currents",
					"d6keyold, $lynna, ages, mermaidsuit",
							
					//from the upper cave
					"d6keyold, $west_ridge_present, satchel, pegasusseeds, bracelet, feather",
				],
				"sections": [
					{
						"name": "Diamonds\nchest",
						"access_rules": [
							// Can get every single chest in D6 Present
							"$d6clear_present_hard",
							
							"hook1"
						],
						"item_count": 1
					},
					{
						"name": "Rope cage\nchest",
						"access_rules": [
							// Can get every single chest in D6 Present
							"$d6clear_present_hard",
							
							"satchel, scentseeds, flippers, shooter",
							"satchel, scentseeds, flippers, boomerang",
							"satchel, scentseeds, $max_jump:2",
							
							"satchel, scentseeds, feather, shooter",
							"satchel, scentseeds, feather, boomerang",
							
							"satchel, scentseeds, hook1, shooter",
							"satchel, scentseeds, hook1, boomerang",
						],
						"item_count": 1
					},
					{
						"name": "Cube puzzle\nchest",
						"access_rules": [
							// Can get every single chest in D6 Present
							"$d6clear_present_hard",
							
							"shooter, bombs, hook1",
							"boomerang, bombs, hook1",
							"$max_jump:2, bombs, hook1",
						],
						"item_count": 1
					},
					{
						"name": "Spinner\nchest",
						"access_rules": [
							// Can get every single chest in D6 Present
							"$d6clear_present_hard",
							
							"d6key, bombs, cane, feather, shooter",
							"d6key, bombs, cane, feather, boomerang",,
							"d6key, bombs, cane, $max_jump:2",
							
							"d6key, bombs, cane, hook1, shooter",
							"d6key, bombs, cane, hook1, boomerang",
						],
						"item_count": 1
					},
					{
						"name": "Chest after\nVire",
						"access_rules": [
							// Can get every single chest in D6 Present
							"$d6clear_present_hard",
							
							"d6sk_present:3, d6key, bombs, cane, flippers, hook1",
							"d6sk_present:1, [d6sk_present:3], d6key, bombs, cane, flippers, hook1",
						],
						"item_count": 1
					},
					{
						"name": "Water channel\nchest",
						"access_rules": [
							// Can get every single chest in D6 Present
							"$d6clear_present_hard",
							
							"d6sk_present:3, d6key, bombs, shooter, emberseeds, hook1",
							"d6sk_present:1, [d6sk_present:3], d6key, bombs, shooter, emberseeds, hook1",
						],
						"item_count": 1
					},
					{
						"name": "Beamos\nchest",
						"access_rules": [
							// Can get every single chest in D6 Present
							"$d6clear_present_hard",
							
							"d6key, bombs, shooter, emberseeds, flippers, feather",
							"d6sk_present:2, d6key, bombs, shooter, emberseeds, hook1, feather",
							"d6sk_present:1, [d6sk_present:2], d6key, bombs, shooter, emberseeds, hook1, feather",
						],
						"item_count": 1
					},
					{
						"name": "RNG levers\nchest",
						"access_rules": [
							// Can get every single chest in D6 Present
							"$d6clear_present_hard",
							
							"d6sk_present:3, d6key, bombs, shooter, emberseeds, flippers, feather, bracelet, sword1",
							"d6sk_present:1, [d6sk_present:3], d6key, bombs, shooter, emberseeds, flippers, feather, bracelet, sword1",
							"d6sk_present:3, d6key, bombs, shooter, emberseeds, flippers, feather, bracelet, cane",
							"d6sk_present:1, [d6sk_present:3], d6key, bombs, shooter, emberseeds, flippers, feather, bracelet, cane",
							"d6sk_present:3, d6key, bombs, shooter, emberseeds, flippers, feather, bracelet, $punch",
							"d6sk_present:1, [d6sk_present:3], d6key, bombs, shooter, emberseeds, flippers, feather, bracelet, $punch",
							"d6sk_present:3, d6key, bombs, shooter, emberseeds, hook1, feather, bracelet",
							"d6sk_present:1, [d6sk_present:3], d6key, bombs, shooter, emberseeds, hook1, feather, bracelet",
						],
						"item_count": 1
					},
					{
						"name": "D6 present\nsmall keys",
						"hosted_item": "d6sk_present",
						"item_count": 0
					},
					{
						"name": "D6 boss\nkey",
						"hosted_item": "d6bk",
						"item_count": 0
					},
				],

				"map_locations": [
					{
						"map": "present",
						"x": 402,
						"y": 114
					}
				]
			},
		]
	},
	
	{	
		"name": "Rolling Ridge East (Past)",
		"chest_unopened_img": "images/chest_past.png",
		"chest_opened_img": "images/chestpastopen.png",
		"color": "#ff7700",
		"children": [
			{
				"name": "Goron caves (past)",
				"sections": [
					{
						"name": "Dancing with\nthe Letter",
						"access_rules": [
							//from Lynna, swimming
							"$lynna, feather, mermaidsuit, letter",
							"$lynna, ages, mermaidsuit, letter",
							
							//from the upper cave, requires emblem
							"$west_ridge_present, satchel, pegasusseeds, bracelet, feather, echoes, letter",
						],
						"item_count": 1
					},
					{
						"name": "Trade the Vase\nwith the stairs Goron",
						"access_rules": [
							//from Lynna, swimming
							"$lynna, feather, mermaidsuit, emblem, vase",
							"$lynna, ages, mermaidsuit, emblem, vase",
							
							//from the upper cave, requires emblem
							"$west_ridge_present, satchel, pegasusseeds, bracelet, feather, echoes, emblem, vase",
						],
						"item_count": 1
					},
					{
						"name": "Bush room\nchest",
						"access_rules": [
							//from Lynna, swimming
							"$lynna, feather, mermaidsuit, hook1",
							"$lynna, ages, mermaidsuit, hook1",
							
							//from the upper cave, requires emblem
							"$west_ridge_present, satchel, pegasusseeds, bracelet, feather, echoes, hook1",
						],
						"item_count": 1
					},
					{
						"name": "Trade Lava Juice\nwith the bush Goron",
						"access_rules": [
							//from Lynna, swimming
							"$lynna, feather, mermaidsuit, hook1, lavajuice",
							"$lynna, feather, mermaidsuit, emblem, lavajuice",
							"$lynna, ages, mermaidsuit, hook1, lavajuice",
							
							//from the upper cave, requires emblem
							"$west_ridge_present, satchel, pegasusseeds, bracelet, feather, echoes, hook1, lavajuice",
							"$west_ridge_present, satchel, pegasusseeds, bracelet, feather, ages, lavajuice",
						],
						"item_count": 1
					},
				],

				"map_locations": [
					{
						"map": "past",
						"x": 434,
						"y": 97
					}
				]
			},
			{
				"name": "East Ridge base",
				"access_rules": [
					//from Lynna, swimming
					"$lynna, feather, mermaidsuit",
					"$lynna, ages, mermaidsuit",
							
					//from the upper cave, requires emblem
					"$west_ridge_present, satchel, pegasusseeds, bracelet, feather",
				],
				"sections": [
					{
						"name": "Bombs chest",
						"access_rules": [
							"bombs"
						],
						"item_count": 1
					},
					{
						"name": "Diamonds chest",
						"access_rules": [
							"hook1"
						],
						"item_count": 1
					},
				],

				"map_locations": [
					{
						"map": "past",
						"x": 370,
						"y": 82
					}
				]
			},
			{
				"name": "Goron Head cave",
				"access_rules": [
					//from Lynna, swimming
					"$lynna, feather, mermaidsuit, hook1, bombs",
					"$lynna, ages, mermaidsuit, hook1, bombs",
							
					//from the upper cave, requires emblem
					"$west_ridge_present, satchel, pegasusseeds, bracelet, feather, bombs",
				],
				"sections": [
					{
						"name": "Chest",
						"item_count": 1
					},
				],

				"map_locations": [
					{
						"map": "past",
						"x": 434,
						"y": 17
					}
				]
			},
			{
				"name": "Shooting gallery",
				"access_rules": [
					//from Lynna, swimming
					"$lynna, feather, mermaidsuit, currents, hook1, sword1",
					"$lynna, ages, mermaidsuit, hook1, sword1",
							
					//from Moblin cave
					"$west_ridge_present, satchel, pegasusseeds, bracelet, feather, currents, hook1, sword1",
				],
				"sections": [
					{
						"name": "100 points",
						"item_count": 1
					},
				],

				"map_locations": [
					{
						"map": "past",
						"x": 434,
						"y": 50
					}
				]
			},
			{
				"name": "Get bombs in Goron Shooting Gallery",
				"access_rules": [
					//from Lynna, swimming
					"$lynna, feather, mermaidsuit, currents, hook1, currents, sword1",
					"$lynna, ages, mermaidsuit, hook1, sword1",
							
					//from Moblin cave
					"$west_ridge_present, satchel, pegasusseeds, bracelet, feather, currents, hook1, sword1",
				],
				"sections": [
				  {
					"name": "200 points",
					"item_count": 0,
					"hosted_item": "bombs"
				  },
				],
				"map_locations": [
				  {
					"map": "past",
					"x": 418,
					"y": 35
				},
				]
			},
			{
				"name": "East Rolling Ridge tree",
				"color": "#ff7700",
				"access_rules": [
					//from Lynna, swimming
					"$lynna, feather, mermaidsuit, currents, hook1, currents",
					"$lynna, ages, mermaidsuit, hook1",
					"$lynna, feather, mermaidsuit, hook1, satchel, galeseeds",
					"$lynna, feather, mermaidsuit, emblem, satchel, galeseeds",
							
					//from Moblin cave
					"$west_ridge_present, satchel, pegasusseeds, bracelet, feather, currents, hook1",
					"$west_ridge_present, satchel, pegasusseeds, bracelet, feather, satchel, galeseeds",
				],
				"sections": [
					{
						"name": "Seeds",
						"access_rules": [
							//"{}",
							"$harvest_seeds"
						],
						"hosted_item": "tree_ridge",
						"item_count": 0
					}
				],
				"map_locations": [
					{
						"map": "past",
						"x": 434,
						"y": 82
					}
				]
			},
			
			{
				"name": "Mermaid's Cave (Past)",
				"access_rules": [
					//from Lynna, swimming
					"d6key, $lynna, feather, mermaidsuit",
					"d6key, $lynna, ages, mermaidsuit",
							
					//from the upper cave, requires emblem?
					"d6key, $west_ridge_present, satchel, pegasusseeds, bracelet, feather, echoes",
				],
				"sections": [
					{
						"name": "Color room\nchest",
						"access_rules": [
							// Can get every single chest in D6 (both eras)
							"$d6clear_hard",
							
							"feather, $kill_gel"
						],
						"item_count": 1
					},
					{
						"name": "Right side\nWizzrobe chest",
						"access_rules": [
							// Can get every single chest in D6 (both eras)
							"$d6clear_hard",
							
							"bombs, $kill_wizzrobe_hard"
						],
						"item_count": 1
					},
					{
						"name": "Flooded room\nchest",
						"access_rules": [
							// Can get every single chest in D6 (both eras)
							"$d6clear_hard",
							
							"bombs, $use_seeds, emberseeds, flippers"
						],
						"item_count": 1
					},
					{
						"name": "Underwater Rope\nchest",
						"access_rules": [
							// Can get every single chest in D6 (both eras)
							"$d6clear_hard",
							
							"bombs, shooter, emberseeds, mermaidsuit",
						],
						"item_count": 1
					},
					{
						"name": "North candles\nchest",
						"access_rules": [
							// Can get every single chest in D6 (both eras)
							"$d6clear_hard",
							
							"shooter, emberseeds",
							"satchel, emberseeds, scentseeds",
							"satchel, emberseeds, feather",
							"satchel, emberseeds, cane, bracelet",
							"satchel, emberseeds, bombs",
						],
						"item_count": 1
					},
					{
						"name": "Underwater chest\nbefore boss",
						"access_rules": [
							// Can get every single chest in D6 (both eras)
							"$d6clear_hard",
							
							"bombs, $openD6wall_hard, mermaidsuit"
						],
						"item_count": 1
					},
					{
						"name": "Underwater diamonds\nchest",
						"access_rules": [
							// Can get every single chest in D6 (both eras)
							"$d6clear_hard",
							
							"d6sk_past:1, bombs, $openD6wall_hard, mermaidsuit, hook1",
						],
						"item_count": 1
					},
					{
						"name": "Octogon\nreward",
						"access_rules": [
							// Can get every single chest in D6 (both eras)
							"$d6clear_hard",
							
							"d6bk, d6sk_past:3, bombs, $openD6wall_hard, mermaidsuit, hook1, shooter"
						],
						"item_count": 1,
					},
					{
						"name": "Lonely\nPeak",
						"access_rules": [
							// Can get every single chest in D6 (both eras)
							"$d6clear_hard",
							
							"d6bk, d6sk_past:3, bombs, $openD6wall_hard, mermaidsuit, hook1, shooter"
						],
						"item_count": 0,
						"hosted_item": "d6"
					},
					{
						"name": "D6 past\nsmall keys",
						"hosted_item": "d6sk_past",
						"item_count": 0
					},
					{
						"name": "D6 boss\nkey",
						"item_count": 0,
						"hosted_item": "d6bk"
					},
				],

				"map_locations": [
					{
						"map": "past",
						"x": 402,
						"y": 114
					}
				]
			},
		]
	},
	
	{	
		"name": "Zora Seas",
		"chest_unopened_img": "images/chest.png",
		"chest_opened_img": "images/chestopen.png",
		"color": "#0049bf",
		"access_rules": [
			"mermaidsuit, ages, hook1",
		],
		"children": [
			{
				"name": "Zora Village tree",
				"sections": [
					{
						"name": "Seeds",
						"access_rules": [
							//"{}",
							"$harvest_seeds",
							"cleanseas, $dimitri"
						],
						"hosted_item": "tree_zora",
						"item_count": 0
					}
				],
				"map_locations": [
					{
						"map": "past",
						"x": 50,
						"y": 402
					},
					{
						"map": "present",
						"x": 50,
						"y": 402
					}
				]
			},
			{
				"name": "Zora Village",
				"sections": [
					{
						"name": "Isolated chest",
						"item_count": 1
					}
				],
				"map_locations": [
					{
						"map": "present",
						"x": 17,
						"y": 402
					}
				]
			},
			{
				"name": "Island cave",
				"access_rules": [
					"bombs, powerglove",
				],
				"sections": [
					{
						"name": "Sarcophagus chest",
						"item_count": 1
					}
				],
				"map_locations": [
					{
						"map": "present",
						"x": 17,
						"y": 352
					}
				]
			},
			{
				"name": "Zora Palace",
				"sections": [
					{
						"name": "Entrance\nchest",
						"item_count": 1
					},
					{
						"name": "Cure King Zora\nin the past",
						"access_rules": [
							// Access to Syrup's Shop in Yoll Graveyard to buy a potion
							// In hard logic, this part is not necessary, just get it from Maple
						],
						"item_count": 1
					},
					{
						"name": "Present King Zora\npermission",
						"access_rules": [
							"cleanseas",
							"cleanseas"
						],
						"hosted_item": "enterjabu",
						"item_count": 0
					}
				],
				"map_locations": [
					{
						"map": "present",
						"x": 50,
						"y": 352
					}
				]
			},
			{
				"name": "Cursed fairy",
				"color": "#ff7700",
				"sections": [
					{
						"name": "Clean the seas",
						"hosted_item": "cleanseas",
						"access_rules": [
							"powder"
						],
						"item_count": 0
					},
				],
				"map_locations": [
					{
						"map": "past",
						"x": 146,
						"y": 337
					}
				]
			},
			{
				"name": "Fairy's coast",
				"sections": [
					{
						"name": "Lonely chest",
						"item_count": 1
					},
				],
				"map_locations": [
					{
						"map": "present",
						"x": 50,
						"y": 322
					}
				]
			},
			{
				"name": "Library (present)",
				"access_rules": [
					"librarykey",
				],
				"sections": [
					{
						"name": "Free item",
						"item_count": 1
					},
				],
				"map_locations": [
					{
						"map": "present",
						"x": 178,
						"y": 337
					}
				]
			},
			{
				"name": "Library (past)",
				"chest_unopened_img": "images/chest_past.png",
				"chest_opened_img": "images/chestpastopen.png",
				"color": "#ff7700",
				"access_rules": [
					"librarykey",
				],
				"sections": [
					{
						"name": "Not so free item",
						"capture_item": true,
						"access_rules": [
							"{}",
							"book",
							"satchel, pegasusseeds, bombs"
						],
						"item_count": 1
					},
				],
				"map_locations": [
					{
						"map": "past",
						"x": 178,
						"y": 337
					}
				]
			},
			{
				"name": "Zora Seas South",
				"access_rules": [
					"cleanseas",
				],
				"sections": [
					{
						"name": "Lonely chest",
						"item_count": 1
					},
				],
				"map_locations": [
					{
						"map": "present",
						"x": 178,
						"y": 434
					}
				]
			},
			{
				"name": "Fisher's Island",
				"chest_unopened_img": "images/chest_past.png",
				"chest_opened_img": "images/chestpastopen.png",
				"color": "#ff7700",
				"access_rules": [
					"hook2",
				],
				"sections": [
					{
						"name": "Underwater cave",
						"item_count": 1
					},
				],
				"map_locations": [
					{
						"map": "past",
						"x": 178,
						"y": 402
					}
				]
			},
			
			{
				"name": "Jabu Jabu's Belly",
				"access_rules": [
					"enterjabu",
				],
				"sections": [
					{
						"name": "Crab\nchest",
						"access_rules": [
							// Can get every single chest in D7
							"$d7clear_hard",
							
							"$kill_underwater_hard",
							"$drainD7, $kill_hard"
						],
						"item_count": 1
					},
					{
						"name": "Diamonds\ndrop",
						"access_rules": [
							// Can get every single chest in D7
							"$d7clear_hard",
							
							"hook1"
						],
						"item_count": 1
					},
					{
						"name": "Spikes\nchest",
						"access_rules": [
						],
						"item_count": 1
					},
					{
						"name": "Pots\nchest",
						"access_rules": [
							// Can get every single chest in D7
							"$d7clear_hard",
							
							"$drainD7, hook1"
						],
						"item_count": 1
					},
					{
						"name": "Boxed\nchest",
						"access_rules": [
							// Can get every single chest in D7
							"$d7clear_hard",
							
							"$drainD7"
						],
						"item_count": 1
					},
					{
						"name": "East wing\nMoldorm chest",
						"access_rules": [
							// Can get every single chest in D7
							"$d7clear_hard",
							
							"hook2",
							"$refillD7, cane",
						],
						"item_count": 1
					},
					{
						"name": "Chest before\nmidboss",
						"access_rules": [
							// Can get every single chest in D7
							"$d7clear_hard",
							
							"hook2",
							"$refillD7, cane",
						],
						"item_count": 1
					},
					{
						"name": "Chest after\nmidboss",
						"access_rules": [
							// Can get every single chest in D7
							"$d7clear_hard",
							
							"d7sk:7, hook2, feather, sword1",
							"d7sk:1, [d7sk:7], hook2, feather, sword1",
							"d7sk:7, hook2, feather, boomerang",
							"d7sk:1, [d7sk:7], hook2, feather, boomerang",
							"d7sk:7, hook2, feather, shooter, scentseeds",
							"d7sk:1, [d7sk:7], feather, shooter, scentseeds",
							
							"d7sk:7, $drainD7, cane, feather, sword1",
							"d7sk:1, [d7sk:7], $drainD7, cane, feather, sword1",
							"d7sk:7, $drainD7, cane, feather, boomerang",
							"d7sk:1, [d7sk:7], $drainD7, cane, feather, boomerang",
							"d7sk:7, $drainD7, cane, feather, shooter, scentseeds",
							"d7sk:1, [d7sk:7], $drainD7, cane, feather, shooter, scentseeds",
						],
						"item_count": 1
					},
					{
						"name": "Flower\nroom",
						"access_rules": [
							// Can get every single chest in D7
							"$d7clear_hard",
							
							"hook2",
						],
						"item_count": 1
					},
					{
						"name": "Cane + hook\npuzzle chest",
						"access_rules": [
							// Can get every single chest in D7
							"$d7clear_hard",
							
							"$drainD7, cane, hook2"
						],
						"item_count": 1
					},
					{
						"name": "West wing\nchest",
						"access_rules": [
							// Can get every single chest in D7
							"$d7clear_hard",
							
							"$floodD7, hook2"
						],
						"item_count": 1
					},
					{
						"name": "3F SE terrace\nchest",
						"access_rules": [
							// Can get every single chest in D7
							"$d7clear_hard",
							
							"$floodD7"
						],
						"item_count": 1
					},
					{
						"name": "3F past one\nkey door",
						"access_rules": [
							// Can get every single chest in D7
							"$d7clear_hard",
							
							"d7sk:5, $drainD7, hook2",
							"d7sk:3, [d7sk:5], $drainD7, hook2"
						],
						"item_count": 1
					},
					{
						"name": "3F past all\nkey doors",
						"access_rules": [
							// Can get every single chest in D7
							"$d7clear_hard",
							
							"d7sk:7, $floodD7",
							"d7sk:5, [d7sk:7], $floodD7",
						],
						"item_count": 1
					},
					{
						"name": "Plasmarine\nreward",
						"access_rules": [
							// Can get every single chest in D7
							"$d7clear_hard",
							
							"d7bk, $floodD7"
						],
						"item_count": 1,
					},
					{
						"name": "Rolling\nSea",
						"access_rules": [
							// Can get every single chest in D7
							"$d7clear_hard",
							
							"d7bk, $floodD7"
						],
						"item_count": 0,
						"hosted_item": "d7"
					},
					{
						"name": "D7\nsmall keys",
						"hosted_item": "d7sk",
						"item_count": 0
					},
					{
						"name": "D7 boss\nkey",
						"item_count": 0,
						"hosted_item": "d7bk"
					},
				],

				"map_locations": [
					{
						"map": "present",
						"x": 17,
						"y": 322
					}
				]
			},
			{
				"name": "After Jabu Jabu",
				"access_rules": [
					"d7"
				],
				"sections": [
					{
						"name": "Zora reward",
						"item_count": 1
					},
				],
				"map_locations": [
					{
						"map": "present",
						"x": 17,
						"y": 337
					}
				]
			},
			
		]
	},
	
	{	
		"name": "Sea of Storms/No Return",
		"chest_unopened_img": "images/chest_past.png",
		"chest_opened_img": "images/chestpastopen.png",
		"color": "#ff7700",
		"children": [
			{
				"name": "Sea of Storms",
				"access_rules": [
					"$lynna, mermaidsuit, zorascale",
				],
				"sections": [
					{
						"name": "Underwater cave",
						"item_count": 1
					}
				],
				"map_locations": [
					{
						"map": "past",
						"x": 242,
						"y": 402
					}
				]
			},
			{
				"name": "Pirate ship",
				"access_rules": [
					"$lynna, mermaidsuit, zorascale",
				],
				"sections": [
					{
						"name": "Captain's reward",
						"item_count": 1
					}
				],
				"map_locations": [
					{
						"map": "past",
						"x": 226,
						"y": 386
					}
				]
			},
			{
				"name": "Sea of No Return",
				"access_rules": [
					"$crescent_past, eyeball, $kill_hard, $destroy_pot, bombs, mermaidsuit, feather, powerglove",
				],
				"sections": [
					{
						"name": "Sarcophagus chest",
						"item_count": 1
					}
				],
				"map_locations": [
					{
						"map": "past",
						"x": 434,
						"y": 210
					}
				]
			},
			
			{
				"name": "Ancient Tomb",
				"access_rules": [
					"$crescent_past, eyeball, $kill_hard, $destroy_pot, bombs, cane, mermaidsuit, feather",
				],
				"sections": [
					{
						"name": "Cracked blocks\nchest",
						"access_rules": [
						],
						"item_count": 1
					},
					{
						"name": "Ghini stairs\nchest",
						"access_rules": [
							// Can get every single chest in D8
							"$d8clear_hard",
							
							"d8sk:1, hook1, shooter, emberseeds",
						],
						"item_count": 1
					},
					{
						"name": "B1F NW\nchest",
						"access_rules": [
							// Can get every single chest in D8
							"$d8clear_hard",
							
							"d8sk:1, hook1, shooter, emberseeds",
						],
						"item_count": 1
					},
					{
						"name": "Blue pegs\nchest",
						"access_rules": [
							// Can get every single chest in D8
							"$d8clear_hard",
							
							"d8sk:2, hook1, shooter, emberseeds",
						],
						"item_count": 1
					},
					{
						"name": "Blade trap\nchest",
						"access_rules": [
							// Can get every single chest in D8
							"$d8clear_hard",
							
							"d8sk:2, hook1, shooter, emberseeds",
						],
						"item_count": 1
					},
					{
						"name": "Stalfos\nitem",
						"access_rules": [
							// Can get every single chest in D8
							"$d8clear_hard",
							
							"d8sk:2, hook1, shooter, emberseeds",
						],
						"item_count": 1
					},
					{
						"name": "Floor puzzle\nreward",
						"access_rules": [
							// Can get every single chest in D8
							"$d8clear_hard",
							
							"d8sk:5, hook1, shooter, emberseeds",
							"d8sk:3, [d8sk:5], hook1, shooter, emberseeds",
						],
						"item_count": 1
					},
					{
						"name": "Sarcophagus\nchest",
						"access_rules": [
							// Can get every single chest in D8
							"$d8clear_hard",
							
							"d8sk:2, hook1, shooter, emberseeds, powerglove",
						],
						"item_count": 1
					},
					{
						"name": "B2F Maze\nchest",
						"access_rules": [
							// Can get every single chest in D8
							"$d8clear_hard",
							
							"d8sk:4, hook1, shooter, emberseeds, sword1",
							"d8sk:3, [d8sk:4], hook1, shooter, emberseeds, sword1",
						],
						"item_count": 1
					},
					{
						"name": "Lowest floor\ndiamonds chest",
						"access_rules": [
							// Can get every single chest in D8
							"$d8clear_hard",
							
							"d8sk:4, hook1, shooter, emberseeds, sword1, powerglove",
							"d8sk:3, [d8sk:4], hook1, shooter, emberseeds, sword1, powerglove",
						],
						"item_count": 1
					},
					{
						"name": "Tile room\nchest",
						"access_rules": [
							// Can get every single chest in D8
							"$d8clear_hard",
							
							"d8sk:4, hook1, shooter, emberseeds, sword1, feather",
							"d8sk:3, [d8sk:4], hook1, shooter, emberseeds, sword1, feather",
						],
						"item_count": 1
					},
					
					{
						"name": "NW slate\nchest",
						"access_rules": [
							// Can get every single chest in D8
							"$d8clear_hard",
							
							"d8sk:4, hook1, shooter, emberseeds, sword1",
							"d8sk:3, [d8sk:4], hook1, shooter, emberseeds, sword1",
						],
						"item_count": 1
					},
					{
						"name": "SW slate\nchest",
						"access_rules": [
							// Can get every single chest in D8
							"$d8clear_hard",
							
							"d8sk:5, hook1, shooter, emberseeds, sword1, bracelet",
							"d8sk:4, [d8sk:5], hook1, shooter, emberseeds, sword1, bracelet",
						],
						"item_count": 1
					},
					{
						"name": "SE slate\nchest",
						"access_rules": [
							// Can get every single chest in D8
							"$d8clear_hard",
							
							"d8sk:4, hook1, shooter, emberseeds, sword1, feather",
							"d8sk:3, [d8sk:4], hook1, shooter, emberseeds, sword1, feather",
						],
						"item_count": 1
					},
					{
						"name": "NE slate\nchest",
						"access_rules": [
							// Can get every single chest in D8
							"$d8clear_hard",
							
							"d8sk:4, hook1, shooter, emberseeds, sword1, feather, flippers",
							"d8sk:3, [d8sk:4], hook1, shooter, emberseeds, sword1, feather, flippers",
						],
						"item_count": 1
					},
					
					{
						"name": "Ramrock\nreward",
						"access_rules": [
							// Can get every single chest in D8
							"$d8clear_hard",
							
							"d8bk, d8sk:4, slates:4, hook1, shooter, emberseeds, scentseeds, bombs, powerglove, sword1, feather",
							"d8bk, d8sk:3, [d8sk:4], slates:4, hook1, shooter, emberseeds, scentseeds, bombs, powerglove, sword1, feather",
						],
						"item_count": 1,
					},
					{
						"name": "Falling\nStar",
						"access_rules": [
							// Can get every single chest in D8
							"$d8clear_hard",
							
							"d8bk, d8sk:4, slates:4, hook1, shooter, emberseeds, scentseeds, bombs, powerglove, sword1, feather",
							"d8bk, d8sk:3, [d8sk:4], slates:4, hook1, shooter, emberseeds, scentseeds, bombs, powerglove, sword1, feather",
						],
						"item_count": 0,
						"hosted_item": "d8"
					},
					{
						"name": "D8\nsmall keys",
						"hosted_item": "d8sk",
						"item_count": 0
					},
					{
						"name": "D8\nslates",
						"hosted_item": "slates",
						"item_count": 0
					},
					{
						"name": "D8 boss\nkey",
						"item_count": 0,
						"hosted_item": "d8bk"
					},
				],

				"map_locations": [
					{
						"map": "past",
						"x": 402,
						"y": 178
					}
				]
			},
		]
	},
]