﻿{
  "type": "array",
  "background": "#212121",
  "margin": "0",
  "content": [
    {
      "type": "array",
      "dropshadow": true,
      "orientation": "vertical",
      "content": [
        {
          "type": "array",
          "dropshadow": true,
          "orientation": "vertical",
          "content": [
            {
              "type": "array",
              "orientation": "vertical",
              "content": [
                {
                  "type": "array",
                  "orientation": "horizontal",
                  "content": [
                    {
                      "type": "itemgrid",
                      "h_alignment": "center",
                      "item_margin": "1,0,3,10",
                      "rows": [
                        [ "bowandarrows", "boomerangs", "hookshot", "bombs", "powder", "mushroom", "dp_bigkey" ],
                        [ "firerod", "icerod", "bombos", "ether", "quake", "shovel", "tr_bigkey" ],
                        [ "lamp", "hammer", "ocarina", "net", "book", "pearl", "gt_bigkey" ],
                        [ "bottle", "somaria", "byrna", "cape", "mirror", "aga", "aga2" ],
                        [ "lift1", "boots", "flippers", "halfmagic", "owsword", "shield", "armor" ]
                      ]
                    },
                    {
                      "type": "array",
                      "orientation": "vertical",
                      "content": [
                        {
                          "type": "array",
                          "orientation": "horizontal",
                          "content": [
                            {
                              "type": "itemgrid",
                              "margin": "0,2",
                              "h_alignment": "center",
                              "item_margin": "1,2",
                              "item_height": 16,
                              "item_width": 20,
                              "rows": [
                                [ "ep_label", "easternpalace" ],
                                [ "dp_label", "desertpalace"],
                                [ "toh_label", "towerofhera" ],
                                [ "pod_label", "palaceofdarkness"],
                                [ "sp_label", "swamppalace" ],
                                [ "sw_label", "skullwoods" ],
                                [ "tt_label", "thievestown" ],
                                [ "ip_label", "icepalace" ],
                                [ "mm_label", "miserymire" ],
                                [ "tr_label", "turtlerock" ]
                              ]
                            }
                          ]
                        }
                      ]
                    }
                  ]
                }
              ]
            }
          ]
        }
      ]
    }
  ]
}