﻿{
	"layouts": {
	  "shared_item_grid":{
        "type": "array",
        "orientation": "horizontal",
        // Need 2 items in this array [Menu Items Array, Key Items/Essences Array]
        "content": [
        
          // Menu Items
          {
            "type": "array",
            "orientation": "vertical",
            // need 1 for menu items (itemgrid), 1 for satchel/seeds([item, itemgrid]), 1 for rod/seasons ([item,itemgrid])
            "content": [
              
              // Most Menu Items
              {
                "type": "itemgrid",
                "item_size": 32,
                "item_margin": "10,0,5,10",
                "rows": [
                  ["sword1", "shield"],
                  ["strength1", "feather"],
                  ["shooter", "switchhook"],
                  ["cane", "shovel"],
				  ["flippers", "bombs"],
                  ["harp", "boomerang"],
					["flute_generic", "nuun_ricky"]				  
                ]
              },
              
              // Satchel/Seeds
              {
                "type": "array",
                "orientation": "horizontal",
                "margin": "10,0,0,0",
                "content": [
                  {
                    "type": "item",
                    "item": "satchel",
                    "item_size": 40
                  },
                  
                  {
                    "type": "itemgrid",
                    "item_size": 25,
                    "margin": "1,-1,0,0",
                    "item_margin": "0, 0, 0, -10",
                    "h_alignment": "center",
                    "rows": [
                      ["emberseeds", "mysteryseeds"],
                      ["scentseeds"],
                      ["pegasusseeds", "galeseeds"]
                    ]
                  }
                ]
              },    
            ],
          },
		  
		  // Rings
			  {
                "type": "itemgrid",
                "item_size": 32,
				"v_alignment": "center",
				"item_margin": "0, 10, 0, 10",
                "rows": [
				  ["ring_fist"], 
				  ["ring_expert"],
				  ["ring_energy"],
				  ["ring_toss"],
				  ["ring_peace"],
                ]
              },
        
          // Key Items/Essences
          {
            "type": "array",
            "orientation": "vertical",
            // [Items, Keys/Jewels, Essences, Dungeon Items]
            "content": [
              // Items
              {
                "type": "itemgrid",
                "item_size": 32,
				"h_alignment": "center",
                "rows": [
                  ["rope", "chart", "rickygloves", "seedling", "bombflower", "zorascale"],
                ]
              },
			 
			  
			  {
                "type": "array",
                "orientation": "horizontal",
				"h_alignment": "center",
                "margin": "0,0,0,0",
                "content": [
				  
				  {
                    "type": "item",
                    "item": "emblem",
                    "width": 32,
                    "height": 32
                  },
				  
				  {
                    "type": "item",
                    "item": "letter",
                    "width": 32,
                    "height": 32
                  },
                  
                  {
                    "type": "itemgrid",
                    "item_size": 18,
                    "margin": "3,-2,0,0",
                    "item_margin": "0,0,0,0",
                    "rows": [
                      ["lavajuice"],
                      ["vase"]
                    ]
                  },
				  
				  {
                    "type": "itemgrid",
                    "item_size": 18,
                    "margin": "3,-2,0,0",
                    "item_margin": "0,0,0,0",
                    "rows": [
                      ["goronade"],
                      ["brisket"]
                    ]
                  },
				  
				  {
                    "type": "item",
                    "item": "librarykey",
                    "width": 32,
                    "height": 32
                  },
				  
				  {
                    "type": "item",
                    "item": "book",
                    "width": 32,
                    "height": 32
                  },
				  
				  {
                    "type": "item",
                    "item": "powder",
                    "width": 32,
                    "height": 32
                  },
	  
                ]
              },
			  
			  {
                "type": "itemgrid",
                "item_size": 32,
				"h_alignment": "center",
				"item_margin": "0, 0, 0, -5",
                "rows": [
				  ["d1key", "tuninut", "d5key", "d6key", "d6keyold", "eyeball"]
                ]
              },
			  {
				"type": "array",
				"orientation": "vertical",
				"content": [
					{
						"type": "array",
						"orientation": "horizontal",
						"h_alignment": "center",
						"margin": "0,40,0,0",
						"content": [
							{
								"type": "item",
								"item": "d1",
								"margin": "10,0,10,0",
								"width": 32,
								"height": 32
							},
							{
								"type": "item",
								"item": "d2",
								"margin": "10,0,10,0",
								"width": 32,
								"height": 32
							},
							{
								"type": "item",
								"item": "d3",
								"margin": "10,0,10,0",
								"width": 32,
								"height": 32
							},
							{
								"type": "item",
								"item": "d4",
								"margin": "10,0,10,0",
								"width": 32,
								"height": 32
							},
						]
					},
					{
						"type": "array",
						"orientation": "horizontal",
						"h_alignment": "center",
						"content": [
							{
								"type": "item",
								"item": "d1sk",
								"width": 24,
								"height": 24
							},
							{
								"type": "item",
								"item": "d1bk",
								"margin": "0,0,2,0",
								"width": 24,
								"height": 24
							},
							{
								"type": "item",
								"item": "d2sk",
								"margin": "2,0,0,0",
								"width": 24,
								"height": 24
							},
							{
								"type": "item",
								"item": "d2bk",
								"margin": "0,0,2,0",
								"width": 24,
								"height": 24
							},
							{
								"type": "item",
								"item": "d3sk",
								"margin": "2,0,0,0",
								"width": 24,
								"height": 24
							},
							{
								"type": "item",
								"item": "d3bk",
								"margin": "0,0,2,0",
								"width": 24,
								"height": 24
							},
							{
								"type": "item",
								"item": "d4sk",
								"margin": "2,0,0,0",
								"width": 24,
								"height": 24
							},
							{
								"type": "item",
								"item": "d4bk",
								"width": 24,
								"height": 24
							},
						]
					},
					{
						"type": "array",
						"orientation": "horizontal",
						"h_alignment": "center",
						"margin": "0,20,0,0",
						"content": [
							{
								"type": "item",
								"item": "d5",
								"margin": "10,0,10,0",
								"width": 32,
								"height": 32
							},
							{
								"type": "item",
								"item": "d6",
								"margin": "10,0,10,0",
								"width": 32,
								"height": 32
							},
							{
								"type": "item",
								"item": "d7",
								"margin": "10,0,10,0",
								"width": 32,
								"height": 32
							},
							{
								"type": "item",
								"item": "d8",
								"margin": "10,0,10,0",
								"width": 32,
								"height": 32
							},
						]
					},
					{
						"type": "array",
						"orientation": "horizontal",
						"h_alignment": "center",
						"content": [
							{
								"type": "item",
								"item": "d5sk",
								"width": 24,
								"height": 24
							},
							{
								"type": "item",
								"item": "d5bk",
								"margin": "0,0,2,0",
								"width": 24,
								"height": 24
							},
							{
								"type": "item",
								"item": "d6sk_past",
								"margin": "2,0,0,0",
								"width": 24,
								"height": 24
							},
							{
								"type": "item",
								"item": "d6bk",
								"margin": "0,0,2,0",
								"width": 24,
								"height": 24
							},
							{
								"type": "item",
								"item": "d7sk",
								"margin": "2,0,0,0",
								"width": 24,
								"height": 24
							},
							{
								"type": "item",
								"item": "d7bk",
								"margin": "0,0,2,0",
								"width": 24,
								"height": 24
							},
							{
								"type": "item",
								"item": "d8sk",
								"margin": "2,0,0,0",
								"width": 24,
								"height": 24
							},
							{
								"type": "item",
								"item": "d8bk",
								"width": 24,
								"height": 24
							},
						]
					},
					{
						"type": "array",
						"orientation": "horizontal",
						"h_alignment": "center",
						"content": [
							{
								"type": "item",
								"item": "d0sk",
								"width": 24,
								"height": 24
							},
							{
								"type": "item",
								"item": "d0bk",
								"margin": "0,0,2,0",
								"width": 24,
								"height": 24
							},
							{
								"type": "item",
								"item": "d6sk_present",
								"margin": "2,0,0,0",
								"width": 24,
								"height": 24
							},
							{
								"type": "item",
								"item": "d0bk",
								"margin": "0,0,2,0",
								"width": 24,
								"height": 24
							},
							{
								"type": "item",
								"item": "d0sk",
								"margin": "2,0,0,0",
								"width": 24,
								"height": 24
							},
							{
								"type": "item",
								"item": "d0bk",
								"margin": "0,0,2,0",
								"width": 24,
								"height": 24
							},
							{
								"type": "item",
								"item": "slates",
								"margin": "2,0,0,0",
								"width": 24,
								"height": 24
							},
							{
								"type": "item",
								"item": "d0bk",
								"width": 24,
								"height": 24
							},
						]
					},
					
					/*{
						"type": "array",
						"orientation": "horizontal",
						"h_alignment": "center",
						"content": [
							{
								"type": "item",
								"item": "d0sk",
								"margin": "0,0,12,0",
								"width": 24,
								"height": 24
							},
							{
								"type": "item",
								"item": "d6sk_present",
								"margin": "15,0,10,0",
								"width": 24,
								"height": 24
							},
							{
								"type": "item",
								"item": "d0sk",
								"margin": "0,0,25,0",
								"width": 24,
								"height": 24
							},
							{
								"type": "item",
								"item": "slates",
								"margin": "25,0,0,0",
								"width": 24,
								"height": 24
							},
						]
					},*/
				]
				
			  },
			  
			  // Aesthetically pleasing circle of essences
			  /*{
                "type": "itemgrid",
                "h_alignment": "center",
                "item_margin": "6,10,6,6",
                "margin": "0,3,0,0",
                "item_size": 40,
                "rows": [
                  ["d1", "d2"],
                  ["d8","","","d3"],
                  ["d7","","","d4"],
                  ["d6","d5"]
                ]
              },
            
              // Dungeon BKs
              {
                "type": "itemgrid",
                "h_alignment": "center",
                "item_margin": "0,0,0,0",
                "margin": "0,-86,0,0",
                "item_size": 32,
                "rows": [
                  ["d1bk", "d2bk"],
                  ["d8bk","","","d3bk"],
                  ["d7bk","","","d4bk"],
                  ["d6bk","d5bk"]
                ]
              },*/
			  
			  
          
            ] 
          }
        ]    
    },
	
	"tracker_capture_item": {
        "type": "container",
        "content": {
            "type": "itemgrid",
            "h_alignment": "center",
            "item_margin": "1,2",
            "rows": [
                ["sword1", "shield", "feather", "boomerang", "harp", "shooter", "satchel"],
				["bracelet", "hook1", "shovel", "somaria", "flute_generic", "flippers", "bombs"],
				["rope", "chart", "rickygloves", "seedling", "bombflower", "zorascale", "librarykey"],
				["emblem", "letter", "lavajuice", "goronade", "vase", "brisket", "book"],
				["d1key", "tuninut", "d5key", "d6key", "d6keyold", "powder", "eyeball"],
            ]
        }
    },
	
	"tracker_default": {
      "type": "container",
      "background": "#595959",
      "content": {
        "type": "dock",
		"dock": "bottom",
        "dropshadow": true,
        "content": [
			{
                    "type": "dock",
                    "dock": "bottom",
                    "content": [
                        {
							"type": "group",
							"header": "Key Items/Essences",
							"margin": "0,0,3,0",
                            "dock": "left",
                            "content": {
                                "type": "layout",
								"margin": 0,
								"key": "shared_item_grid"
                            }
                        },
                        {
                            "type": "group",
                            "header": "Pinned Locations",
                            "content": {
                                "type": "recentpins",
                                "style": "wrap",
                                "h_alignment": "stretch",
                                "v_alignment": "stretch",
                                "orientation": "horizontal",
                                "compact": true
                            }
                        }
                    ]
            },
			{
				//"type": "map"
				
				"type": "tabbed",
                "dock": "top",
				"max_height": 400,
                "tabs": [
                  {
                    "title": "Labrynna",
                    "icon": "images/song_ages.png",
                    "content": {
						"type": "array",
						"orientation": "horizontal",
						"h_alignment": "center",
						"content": [
							{
								"type": "map",
								"maps": [
									"present",
								]
							},
							{
								"type": "map",
								"maps": [
									"past",
								]
							},
						]
                    }
                  },
                  
				  {
                    "title": "Hints",
                    "icon": "images/owl_closed.png",
                    "content": {
                      "type": "array",
						"orientation": "horizontal",
						"h_alignment": "center",
						"content": [
							{
								"type": "map",
								"maps": [
									"owls_present",
								]
							},
							{
								"type": "map",
								"maps": [
									"owls_past",
								]
							},
						]
                    }
                  },
                ]
			}
        ]
      }
    }
  }
}


