﻿[
	{
		"name": "Subrosia",
		"chest_unopened_img": "images/chest.png",
		"chest_opened_img": "images/chestopen.png",
		"children": [
			{
				"name": "Temple of Seasons",
				"color": "#ff3c00",
				"access_rules": [
					// Rosa portal, including sequence breaks
					"$use_seeds, emberseeds, $destroy_bush",
					"$scent_tree, $cross_natzu, $natzu_to_suburbs, $suburbs_to_fountain",
					"$mount_cucco, $cucco_to_sunken, $natzu_to_suburbs, $suburbs_to_fountain, $destroy_bush",
					
					// Swamp portal
					"$south_swamp, flippers, bracelet, $temple_to_beach",
					"$south_swamp, $dimitri, bracelet, $temple_to_beach",
					
					// Mountain portal
					"$portal_mountain, $hns_to_beach, $temple_to_beach",
					"$portal_village, $hns_to_beach, $temple_to_beach",
					"$portal_mountain, $temple_to_hns",
					"$portal_village, $temple_to_hns",
					
					// Lake portal
					"$portal_lake, $max_jump:1, $furnace_to_beach",
					
					// Remains portal
					"$portal_remains, $remains_to_temple"
				],
				"children": [
					{
						"name": "Main chamber",
						"sections": [
						  {
							"name": "Rod of Seasons item",
							"item_count": 1
						  }
						],
						"map_locations": [
						  {
							"map": "subrosia",
							"x": 204,
							"y": 12
						  }
						]
					},
					{
						"name": "Summer tower",
						"sections": [
						  {
							"name": "Summer spirit item",
							"access_rules": [
								"$beach, ribbon, bracelet"
							],
							"item_count": 1
						  }
						],
						"map_locations": [
						  {
							"map": "subrosia",
							"x": 182,
							"y": 12
						  }
						]
					},
					{
						"name": "Fall tower",
						"sections": [
						  {
							"name": "Fall spirit item",
							"access_rules": [
								// Rosa portal, including sequence breaks
								"$village_to_suburbs, $destroy_bush, $temple_to_beach, $beach_to_furnace, bracelet, $max_jump:1",
								"$scent_tree, $cross_natzu, $natzu_to_suburbs, $suburbs_to_fountain, $temple_to_beach, $beach_to_furnace, bracelet, $max_jump:1",
								"$mount_cucco, $cucco_to_sunken, $natzu_to_suburbs, $suburbs_to_fountain, $destroy_bush, $temple_to_beach, $beach_to_furnace, bracelet, $max_jump:1",
								
								// Swamp portal
								"$beach, $beach_to_furnace, bracelet, $max_jump:1",
								//"$beach, $beach_to_furnace",
								
								// Mountain portal
								"$portal_mountain, $hns_to_beach, $beach_to_furnace, bracelet, $max_jump:1",
								"$portal_village, $hns_to_beach, $beach_to_furnace, bracelet, $max_jump:1",
								"$portal_mountain, $temple_to_hns, $beach_to_furnace, bracelet, $max_jump:1",
								"$portal_village, $temple_to_hns, $beach_to_furnace, bracelet, $max_jump:1",
								
								// Lake portal
								"$portal_lake, $max_jump:1, bracelet",
								
								// Remains portal
								"$portal_remains, $remains_to_temple, $beach_to_furnace, bracelet, $max_jump:1"
							],
							"item_count": 1
						  }
						],
						"map_locations": [
						  {
							"map": "subrosia",
							"x": 225,
							"y": 12
						  }
						]
					},
					{
						"name": "Winter tower",
						"sections": [
						  {
							"name": "Winter spirit item",
							"access_rules": [
								"$hit_far_switch",
								"$max_jump:1"
							],
							"item_count": 1
						  }
						],
						"map_locations": [
						  {
							"map": "subrosia",
							"x": 225,
							"y": 54
						  }
						]
					},
					{
						"name": "Subrosian Smithy",
						"sections": [
						  {
							"name": "Deliver the Hard Ore",
							"access_rules": [
								"hardore"
							],
							"item_count": 1
						  },
						  {
							"name": "Polish the Rusty Bell",
							"access_rules": [
								"rustybell"
							],
							"hosted_item": "polishedbell",
							"item_count": 0
						  }
						],
						"map_locations": [
						  {
							"map": "subrosia",
							"x": 75,
							"y": 75
						  }
						]
					},
				]
			},
			{
				"name": "Northern region",
				"color": "#ff3c00",
				"access_rules": [
					// Rosa portal, including sequence breaks
					"$use_seeds, emberseeds, $destroy_bush",
					"$scent_tree, $cross_natzu, $natzu_to_suburbs, $suburbs_to_fountain",
					"$mount_cucco, $cucco_to_sunken, $natzu_to_suburbs, $suburbs_to_fountain, $destroy_bush",
					
					// Swamp portal
					"$south_swamp, flippers, bracelet, $temple_to_beach",
					"$south_swamp, $dimitri, bracelet, $temple_to_beach",
					
					// Mountain portal
					"$portal_mountain, $hns_to_beach, $temple_to_beach",
					"$portal_village, $hns_to_beach, $temple_to_beach",
					"$portal_mountain, $temple_to_hns",
					"$portal_village, $temple_to_hns",
					
					// Lake portal
					"$portal_lake, $max_jump:1, $furnace_to_beach",
					
					// Remains portal
					"$portal_remains, $remains_to_temple"
				],
				"children": [
					{
						"name": "Subrosian dancing",
						"sections": [
						  {
							"name": "┏(-_-)┓┏(-_-)┛\n┗(-_- )┓┗(-_-)┛",
							"item_count": 1
						  }
						],
						"map_locations": [
						  {
							"map": "subrosia",
							"x": 97,
							"y": 54
						  }
						]
					},
					{
						"name": "Cave in the mountain",
						"sections": [
						  {
							"name": "Chest",
							"access_rules": [
								"$temple_to_bridge"
							],
							"item_count": 1
						  }
						],
						"map_locations": [
						  {
							"map": "subrosia",
							"x": 33,
							"y": 33
						  }
						]
					},
				]
			},
			{
				"name": "Southern region",
				"color": "#ff3c00",
				"access_rules": [
					// Rosa portal, including sequence breaks
					"$village_to_suburbs, $destroy_bush, $temple_to_beach",
					"$scent_tree, $cross_natzu, $natzu_to_suburbs, $suburbs_to_fountain, $temple_to_beach",
					"$mount_cucco, $cucco_to_sunken, $natzu_to_suburbs, $suburbs_to_fountain, $destroy_bush, $temple_to_beach",
					
					// Swamp portal
					"$portal_swamp",
					
					// Mountain portal
					"$portal_mountain, $hns_to_beach",
					"$portal_village, $hns_to_beach",
					"$portal_mountain, $temple_to_hns",
					"$portal_village, $temple_to_hns",
					
					// Lake portal
					"$portal_lake, $max_jump:1, $furnace_to_beach",
					
					// Remains portal
					"$portal_remains, $remains_to_temple"
				],
				"children": [
					{
						"name": "Subrosian seaside",
						"sections": [
						  {
							"name": "Star Ore item",
							"access_rules": [
								"shovel"
							],
							"item_count": 1
						  }
						],
						"map_locations": [
						  {
							"map": "subrosia",
							"x": 130,
							"y": 150
						  }
						]
					},
					{
						"name": "Subrosian market",
						"sections": [
						  {
							"name": "Exchange \nStar Ore",
							"access_rules": [
								"{}", "starore"
							],
							"capture_item": true,
							"item_count": 1
						  },
						  {
							"name": "Second item \n(20 + 10 ember seeds)",
							"access_rules": [
								"{}", "[shovel], emberseeds",
							],
							"capture_item": true,
							"item_count": 1
						  },
						  {
							"name": "Fifth item \n(5)",
							"access_rules": [
								"{}", "[shovel]",
							],
							"capture_item": true,
							"item_count": 1
						  },
						],
						"map_locations": [
						  {
							"map": "subrosia",
							"x": 119,
							"y": 97
						  }
						]
					},
					{
						"name": "Get pegasus seeds \nin the Subrosian Market",
						"sections": [
						  {
							"name": "25 ore chunks",
							"access_rules": [
								"[pegasusseeds], shield1"
							],
							"hosted_item": "pegasusseeds",
							"item_count": 0
						  }
						],
						"map_locations": [
						  {
							"map": "subrosia",
							"x": 112,
							"y": 90
						  }
						]
					},
					{
						"name": "Rosa's world tour",
						"sections": [
						  {
							"name": "Open the cave",
							"access_rules": [
								"$max_jump:1, ribbon"
							],
							"item_count": 1
						  }
						],
						"map_locations": [
						  {
							"map": "subrosia",
							"x": 54,
							"y": 33
						  }
						]
					},
					{
						"name": "Furnace area",
						"access_rules": [
							// Rosa portal, including sequence breaks
							"$village_to_suburbs, $destroy_bush, $temple_to_beach, $beach_to_furnace",
							"$scent_tree, $cross_natzu, $natzu_to_suburbs, $suburbs_to_fountain, $temple_to_beach, $beach_to_furnace",
							"$mount_cucco, $cucco_to_sunken, $natzu_to_suburbs, $suburbs_to_fountain, $destroy_bush, $temple_to_beach, $beach_to_furnace",
							
							// Swamp portal
							"$beach_to_furnace",
							//"$beach, $beach_to_furnace",
							
							// Mountain portal
							"$portal_mountain, $hns_to_beach, $beach_to_furnace",
							"$portal_village, $hns_to_beach, $beach_to_furnace",
							"$portal_mountain, $temple_to_hns, $beach_to_furnace",
							"$portal_village, $temple_to_hns, $beach_to_furnace",
							
							// Lake portal
							"$portal_lake, $max_jump:1",
							
							// Remains portal
							"$portal_remains, $remains_to_temple, $beach_to_furnace"
						],
						"sections": [
						  {
							"name": "Isolated chest",
							"access_rules": [
								"cape",
								"magnet"
							],
							"item_count": 1
						  }
						],
						"map_locations": [
						  {
							"map": "subrosia",
							"x": 182,
							"y": 118
						  }
						]
					},
					{
						"name": "Great Furnace",
						"access_rules": [
							// Rosa portal, including sequence breaks
							"$village_to_suburbs, $destroy_bush, $temple_to_beach, $beach_to_furnace",
							"$scent_tree, $cross_natzu, $natzu_to_suburbs, $suburbs_to_fountain, $temple_to_beach, $beach_to_furnace",
							"$mount_cucco, $cucco_to_sunken, $natzu_to_suburbs, $suburbs_to_fountain, $destroy_bush, $temple_to_beach, $beach_to_furnace",
							
							// Swamp portal
							"$south_swamp, flippers, bracelet, $beach_to_furnace",
							"$south_swamp, $dimitri, bracelet, $beach_to_furnace",
							
							// Mountain portal
							"$portal_mountain, $hns_to_beach, $beach_to_furnace",
							"$portal_village, $hns_to_beach, $beach_to_furnace",
							"$portal_mountain, $temple_to_hns, $beach_to_furnace",
							"$portal_village, $temple_to_hns, $beach_to_furnace",
							
							// Lake portal
							"$portal_lake, $max_jump:1",
							
							// Remains portal
							"$portal_remains, $remains_to_temple, $beach_to_furnace"
						],
						"sections": [
						  {
							"name": "Fuse the ores",
							"access_rules": [
								"$max_jump:1, bracelet, blueore, redore",
							],
							"item_count": 1
						  }
						],
						"map_locations": [
						  {
							"map": "subrosia",
							"x": 204,
							"y": 97
						  }
						]
					},
				]
			},
			{
				"name": "Western region",
				"color": "#ff3c00",
				"access_rules": [
					//"$hns",
					
					// Rosa portal, including sequence breaks
					"$village_to_suburbs, $destroy_bush, $temple_to_hns",
					"$scent_tree, $cross_natzu, $natzu_to_suburbs, $suburbs_to_fountain, $temple_to_hns",
					"$mount_cucco, $cucco_to_sunken, $natzu_to_suburbs, $suburbs_to_fountain, $destroy_bush, $temple_to_hns",
						
					// Swamp portal
					"$south_swamp, flippers, bracelet, $temple_to_hns",
					"$south_swamp, $dimitri, bracelet, $temple_to_hns",
					
					// Mountain portal
					"$portal_mountain, $max_jump:1",
					"$portal_village, $max_jump:1",
					
					// Lake portal
					"$portal_lake, $furnace_to_beach, $temple_to_beach, $temple_to_hns",
					
					// Remains portal
					"$portal_remains, $remains_to_temple, $temple_to_hns"
				],
				"children": [
					{
						"name": "Subrosian Wilds",
						"sections": [
						  {
							"name": "Pits chest",
							"access_rules": [
								"$max_jump:3",
								"magnet",
							],
							"item_count": 1
						  }
						],
						"map_locations": [
						  {
							"map": "subrosia",
							"x": 33,
							"y": 97
						  }
						]
					},
					{
						"name": "Spring tower",
						"sections": [
						  {
							"name": "Spring spirit item",
							"access_rules": [
								"$max_jump:1"
							],
							"item_count": 1
						  }
						],
						"map_locations": [
						  {
							"map": "subrosia",
							"x": 182,
							"y": 54
						  }
						]
					},
				]
			},
			{
				"name": "Sword and Shield Maze",
				"color": "#ff3c00",
				"access_rules": [
					"$scent_tree, $enter_remains, $portal_remains, bombs, $portal_d8"
				],
				"sections": [
				  {
					"name": "Eye\ndrop",
					"access_rules": [
						// Can get every single chest in D8
						"$d8clear",
						
						"$destroy_pot, $shoot_seeds",
						"$destroy_pot, $max_jump:1, satchel, emberseeds, [$shoot_seeds]",
						"$destroy_pot, $max_jump:1, satchel, scentseeds, [$shoot_seeds]",
						"$destroy_pot, $max_jump:1, satchel, mysteryseeds, [$shoot_seeds]",
					],
					"item_count": 1
				  },
				  {
					"name": "Three eyes \nchest",
					"access_rules": [
						// Can get every single chest in D8
						"$d8clear",
						
						"$max_jump:1, slingshot2",
						"$max_jump:1, satchel, emberseeds, [slingshot2]",
						"$max_jump:1, satchel, mysteryseeds, [slingshot2]",
						"$max_jump:1, satchel, scentseeds, [slingshot2]",
					],
					"item_count": 1
				  },
				  {
					"name": "Hardhat room\ndrop",
					"access_rules": [
						// Can get every single chest in D8
						"$d8clear",
						
						"$kill_magunesu, $kill_hardhat_magnet",
					],
					"item_count": 1
				  },
				  {
					"name": "Spike room \nchest",
					"access_rules": [
						// Can get every single chest in D8
						"$d8clear",
						
						"d8sk:1, $kill_magunesu, $max_jump:3",
						"d8sk:1, $kill_magunesu, $max_jump:2, [$max_jump:3]",
					],
					"item_count": 1
				  },
				  {
					"name": "Wait for \nthe Armos",
					"access_rules": [
						// Can get every single chest in D8
						"$d8clear",
						
						"d8sk:2, $kill_magunesu, $max_jump:3",
						"d8sk:2, $kill_magunesu, $max_jump:2, [$max_jump:3]",
					],
					"item_count": 1
				  },
				  {
					"name": "Chest surrounded \nby Armos",
					"access_rules": [
						// Can get every single chest in D8
						"$d8clear",
						
						"d8sk:2, $kill_magunesu, $max_jump:3, magnet",
						"d8sk:2, $kill_magunesu, $max_jump:2, magnet, [$max_jump:3]",
					],
					"item_count": 1
				  },
				  {
					"name": "Spinner\nchest",
					"access_rules": [
						// Can get every single chest in D8
						"$d8clear",
						
						"d8sk:2, $kill_magunesu, $max_jump:3, magnet",
						"d8sk:2, $kill_magunesu, $max_jump:2, magnet, [$max_jump:3]",
					],
					"item_count": 1
				  },
				  {
					"name": "Cracked blocks\nchest",
					"access_rules": [
						// Can get every single chest in D8
						"$d8clear",
						
						"d8sk:2, $kill_magunesu, $max_jump:3, magnet, bombs, slingshot2",
						"d8sk:2, $kill_magunesu, $max_jump:3, magnet, bombs, satchel, emberseeds, [slingshot2]",
						"d8sk:2, $kill_magunesu, $max_jump:3, magnet, bombs, satchel, scentseeds, [slingshot2]",
						"d8sk:2, $kill_magunesu, $max_jump:3, magnet, bombs, satchel, mysteryseeds, [slingshot2]",
						
						"d8sk:2, $kill_magunesu, $max_jump:2, magnet, bombs, slingshot2, [$max_jump:3]",
						"d8sk:2, $kill_magunesu, $max_jump:2, magnet, bombs, satchel, emberseeds, [slingshot2], [$max_jump:3]",
						"d8sk:2, $kill_magunesu, $max_jump:2, magnet, bombs, satchel, scentseeds, [slingshot2], [$max_jump:3]",
						"d8sk:2, $kill_magunesu, $max_jump:2, magnet, bombs, satchel, mysteryseeds, [slingshot2], [$max_jump:3]",
						
					],
					"item_count": 1
				  },
				  {
					"name": "Chest after \nPols Voice",
					"access_rules": [
						// Can get every single chest in D8
						"$d8clear",
						
						"[d8sk:3], $kill_magunesu, $max_jump:3, magnet, [slingshot2], [emberseeds], [magicboomerang], $kill_keese, $kill_polsvoice_pit",
						"[d8sk:3], $kill_magunesu, $max_jump:2, [$max_jump:3], [slingshot2], [emberseeds], [magicboomerang], $kill_keese, $kill_polsvoice_pit",
						"[d8sk:3], $kill_magunesu, $max_jump:4, magnet, [slingshot2], [emberseeds], $kill_keese, $kill_polsvoice_pit",
					],
					"item_count": 1
				  },
				  {
					"name": "Ghost Armos\ndrop",
					"access_rules": [
						// Can get every single chest in D8
						"$d8clear",
						
						"d8sk:4, $kill_magunesu, $max_jump:3, magnet, slingshot2, emberseeds, bombs",
						"d8sk:1, [d8sk:4], $kill_magunesu, $max_jump:4, bombs, [slingshot2], [emberseeds]",
						"d8sk:4, $kill_magunesu, $max_jump:2, [$max_jump:3], magnet, slingshot2, emberseeds, bombs",
					],
					"item_count": 1
				  },
				  {
					"name": "SE lava\nchest",
					"access_rules": [
						// Can get every single chest in D8
						"$d8clear",
						
						"d8sk:4, $kill_magunesu, $max_jump:3, magnet, slingshot2, emberseeds, bracelet",
						"d8sk:1, [d8sk:4], $kill_magunesu, $max_jump:4, bracelet, [slingshot2], [emberseeds]",
						"d8sk:4, $kill_magunesu, $max_jump:2, [$max_jump:3], magnet, slingshot2, emberseeds, bracelet",
					],
					"item_count": 1
				  },
				  {
					"name": "NE lava \nchest",
					"access_rules": [
						// Can get every single chest in D8
						"$d8clear",
						
						"d8sk:4, $kill_magunesu, $max_jump:3, magnet, slingshot2, emberseeds, bracelet",
						"d8sk:1, [d8sk:4], $kill_magunesu, $max_jump:4, bracelet, [slingshot2], [emberseeds]",
						"d8sk:4, $kill_magunesu, $max_jump:2, [$max_jump:3], magnet, slingshot2, emberseeds, bracelet",
					],
					"item_count": 1
				  },
				  {
					"name": "SW lava \nchest",
					"access_rules": [
						// Can get every single chest in D8
						"$d8clear",
						
						"d8sk:4, $kill_magunesu, $max_jump:3, magnet, slingshot2, emberseeds",
						"d8sk:1, [d8sk:4], $kill_magunesu, $max_jump:4, [slingshot2], [emberseeds]",
						"d8sk:4, $kill_magunesu, $max_jump:2, [$max_jump:3], magnet, slingshot2, emberseeds",
					],
					"item_count": 1
				  },
				  
				  {
					"name": "Medusa Head \nreward",
					"access_rules": [
						// Can get every single chest in D8
						"$d8clear",
						
						"d8bk, d8sk:7, $kill_magunesu, $max_jump:3, magnet, slingshot2, emberseeds, magicboomerang, $hit_lever, bracelet, $kill_medusahead",
						"d8bk, d8sk:7, $kill_magunesu, $max_jump:2, [$max_jump:3], magnet, slingshot2, emberseeds, magicboomerang, $hit_lever, bracelet, $kill_medusahead",
						"d8bk, d8sk:7, $kill_magunesu, $max_jump:4, magnet, slingshot2, emberseeds, $hit_lever, bracelet, $kill_medusahead",
						"d8bk, d8sk:4, [d8bk:7], $kill_magunesu, $max_jump:4, bombs, bracelet, $kill_medusahead, [slingshot2], [emberseeds]",
					],
					"item_count": 1
				  },
				  {
					"name": "Changing \nSeasons",
					"access_rules": [
						// Can get every single chest in D8
						"$d8clear",
						
						"d8bk, d8sk:7, $kill_magunesu, $max_jump:3, magnet, slingshot2, emberseeds, magicboomerang, $hit_lever, bracelet, $kill_medusahead",
						"d8bk, d8sk:7, $kill_magunesu, $max_jump:2, [$max_jump:3], magnet, slingshot2, emberseeds, magicboomerang, $hit_lever, bracelet, $kill_medusahead",
						"d8bk, d8sk:7, $kill_magunesu, $max_jump:4, magnet, slingshot2, emberseeds, $hit_lever, bracelet, $kill_medusahead",
						"d8bk, d8sk:4, [d8bk:7], $kill_magunesu, $max_jump:4, bracelet, $kill_medusahead, [slingshot2], [emberseeds]",
					],
					"hosted_item": "d8",
					"item_count": 0
				  },
				  {
					"name": "D8 small\nkeys",
					"hosted_item": "d8sk",
					"item_count": 0
				  },
				  {
					"name": "D8 boss \nkey",
					"hosted_item": "d8bk",
					"item_count": 0
				  },
				],
				"map_locations": [
				  {
					"map": "subrosia",
					"x": 12,
					"y": 12
				  },
				  {
					"map": "holodrum",
					"x": 194,
					"y": 25
				  }
				]
			},
			{
				"name": "Get mystery seeds in \nD8's Frypolar room",
				"color": "#ff3c00",
				"access_rules": [
					"$scent_tree, $enter_remains, $portal_remains, bombs, $portal_d8"
				],
				"sections": [
				  {
					"name": "Respawnable bushes",
					"access_rules": [
						"[mysteryseeds], $destroy_bush_respawn, $kill_magunesu, $destroy_pot, $shoot_seeds, $max_jump:3, $kill_hardhat_magnet, magnet",
					],
					"hosted_item": "mysteryseeds",
					"item_count": 0
				  }
				],
				"map_locations": [
				  {
					"map": "subrosia",
					"x": 19,
					"y": 19
				  },
				  {
					"map": "holodrum",
					"x": 210,
					"y": 40
				  }
				]
			},
		]
	}
]