﻿[
	/// USABLE ITEMS ///

  // Swords
  // Master Sword is not randomized yet
  {
  "name": "Sword",
  "type": "progressive",
  "stages": [
	  {
		"img": "images/sword1.png",
		"codes": "sword1, herosword"
	  },
	  {
		"img": "images/sword2.png",
		"codes": "sword2, noblesword"
	  },
	  //{
		//"img": "images/sword3.png",
		//"codes": "sword3, mastersword"
	  //},
	]
  },
  
  // Shields
  // Mirror Shield is not randomized yet
  {
  "name": "Shield",
  "type": "progressive",
  "stages": [
	  {
		"img": "images/shield1.png",
		"codes": "shield1, shield"
	  },
	  {
		"img": "images/shield2.png",
		"codes": "shield2, ironshield"
	  },
	  //{
		//"img": "images/shield3.png",
		//"codes": "shield3, mirrorshield"
	  //},
	]
  },
  
  // Power Bracelet
  {
    "name": "Power Bracelet",
    "type": "toggle",
    "img": "images/strength.png",
    "codes": "bracelet, strength"
  },
  
  // Feather/Cape
  {
  "name": "Roc's items",
  "type": "progressive",
  "stages": [
	  {
		"img": "images/feather1.png",
		"codes": "feather1, feather, rocfeather"
	  },
	  {
		"img": "images/feather2.png",
		"codes": "feather2, cape, roccape"
	  },
	]
  },
  
  // Slingshot
  {
  "name": "Slingshot",
  "type": "progressive",
  "stages": [
	  {
		"img": "images/slingshot1.png",
		"codes": "slingshot1, seedslingshot"
	  },
	  {
		"img": "images/slingshot2.png",
		"codes": "slingshot2, hss, hyperslingshot"
	  },
	]
  },
  
  // Magnet Glove
  {
    "name": "Magnet Glove",
    "type": "toggle",
    "img": "images/glove0.png",
    "codes": "magnet, glove"
  },
  
  // Boomerang
  {
  "name": "Boomerang",
  "type": "progressive",
  "stages": [
	  {
		"img": "images/rang1.png",
		"codes": "boomerang1, boomerang"
	  },
	  {
		"img": "images/rang2.png",
		"codes": "boomerang2, magicboomerang"
	  },
	]
  },
  
  // Shovel
  {
    "name": "Shovel",
    "type": "toggle",
    "img": "images/shovel.png",
    "codes": "shovel"
  },
  
  // Flute
  // Maybe unnecessary, but to show your favorite animal companion :)
  {
  "name": "Flute",
  "type": "progressive",
  "allow_disabled": false,
  "stages": [
	  {
		"img": "images/flute1.png",
		"codes": "flute",
		"img_mods": "@disabled",
		"inherit_codes": false
	  },
	  {
		"img": "images/flute2.png",
		"codes": "moosh, mooshflute",
		"inherit_codes": false
	  },
	  {
		"img": "images/flute3.png",
		"codes": "ricky, rickyflute",
		"inherit_codes": false
	  },
	  {
		"img": "images/flute4.png",
		"codes": "dimitri, dimitriflute",
		"inherit_codes": false
	  },
	]
  },
  
  // Fool's Ore
  {
    "name": "Fool's Ore",
    "type": "toggle",
    "img": "images/foolsore.png",
    "codes": "ore, foolsore, bestweapon"
  },
  
  // Seed Satchel
  {
    "name": "Seed Satchel",
    "type": "toggle",
    "img": "images/satchel.png",
    "codes": "satchel, seedsatchel"
  },
  
  // Season's Rod
  {
    "name": "Season's Rod",
    "type": "static",
    "img": "images/rod.png",
    "codes": "rod, seasonsrod"
  },
  
  
  /// PROGRESS ITEMS (chronological) ///
  
  // Gnarled Key
  {
    "name": "Gnarled Key",
    "type": "toggle",
    "img": "images/keygnarled.png",
    "codes": "d1key, gnarledkey"
  },
  
  // Ricky's Gloves
  {
    "name": "Ricky's Glove",
    "type": "toggle",
    "img": "images/rickygloves.png",
    "codes": "rickygloves"
  },
  
  // Star Ore
  {
    "name": "Star Ore",
    "type": "toggle",
    "img": "images/starore.png",
    "codes": "star, starore"
  },
  
  // Ribbon
  {
    "name": "Ribbon",
    "type": "toggle",
    "img": "images/ribbon.png",
    "codes": "ribbon"
  },
  
  // Floodgate Key
  {
    "name": "Floodgate Key",
    "type": "toggle",
    "img": "images/keyflood.png",
    "codes": "d3key, floodkey"
  },
  
  // Flippers
  {
    "name": "Flippers",
    "type": "toggle",
    "img": "images/flippers.png",
    "codes": "flippers"
  },
  
  // Master's Plaque
  {
    "name": "Master's Plaque",
    "type": "toggle",
    "img": "images/plaque.png",
    "codes": "plaque, masterplaque"
  },
  
  // Banana
  {
    "name": "Banana",
    "type": "toggle",
    "img": "images/banana.png",
    "codes": "banana"
  },
  
  // Dragon Key
  {
    "name": "Dragon Key",
    "type": "toggle",
    "img": "images/keydragon.png",
    "codes": "d4key, dragonkey"
  },
  
  // Bomb Flower
  {
    "name": "Bomb Flower",
    "type": "toggle",
    "img": "images/bombflower.png",
    "codes": "bombflower"
  },
  
  // Rusty Bell
  {
    "name": "Rusty Bell",
    "type": "toggle",
    "img": "images/bell.png",
    "codes": "bell, rustybell"
  },
  
  /// MISC ITEMS THAT LEAD TO SOMETHING///
  
  // Member's Card
  {
    "name": "Member's Card",
    "type": "toggle",
    "img": "images/membercard.png",
    "codes": "card, memberscard"
  },
  
  // Hard Ore
  {
    "name": "Member's Card",
    "type": "toggle",
    "img": "images/orehard.png",
    "codes": "hardore"
  },
  
  // Blue Ore
  {
    "name": "Member's Card",
    "type": "toggle",
    "img": "images/oreblue.png",
    "codes": "blueore"
  },
  
  // Red Ore
  {
    "name": "Member's Card",
    "type": "toggle",
    "img": "images/orered.png",
    "codes": "redore"
  },
  
  
  /// SEEDS ///
  
  // Ember
  {
    "name": "Ember Seeds",
    "type": "toggle",
    "img": "images/seedember.png",
    "codes": "emberseeds"
  },
  
  // Mystery
  {
    "name": "Mystery Seeds",
    "type": "toggle",
    "img": "images/seedmystery.png",
    "codes": "mysteryseeds"
  },
  
  // Scent
  {
    "name": "Scent Seeds",
    "type": "toggle",
    "img": "images/seedscent.png",
    "codes": "scentseeds"
  },
  
  // Pegasus
  {
    "name": "Pegasus Seeds",
    "type": "toggle",
    "img": "images/seedpegasus.png",
    "codes": "pegasusseeds"
  },
  
  // Gale
  {
    "name": "Gale Seeds",
    "type": "toggle",
    "img": "images/seedgale.png",
    "codes": "galeseeds"
  },
  
  /// JEWELS ///
  
  // Round
  {
    "name": "Round Jewel",
    "type": "toggle",
    "img": "images/jewelround.png",
    "codes": "roundjewel"
  },
  
  // Pyramid
  {
    "name": "Pyramid Jewel",
    "type": "toggle",
    "img": "images/jeweltriangle.png",
    "codes": "pyramidjewel"
  },
  
  // Square
  {
    "name": "Square Jewel",
    "type": "toggle",
    "img": "images/jewelsquare.png",
    "codes": "squarejewel"
  },
  
  // X
  {
    "name": "X Jewel",
    "type": "toggle",
    "img": "images/jewelx.png",
    "codes": "xjewel"
  },
  
  /// SEASONS ///
  
  // Summer
  {
  "name": "Summer season",
  "type": "progressive",
  "allow_disabled": false,
  "stages": [
	  {
		"img": "images/seasonsummer0.png",
		
	  },
	  {
		"img": "images/seasonsummer1.png",
		"codes": "summer"
	  },
	]
  },
  
  // Fall
  {
  "name": "Fall season",
  "type": "progressive",
  "allow_disabled": false,
  "stages": [
	  {
		"img": "images/seasonfall0.png",
		
	  },
	  {
		"img": "images/seasonfall1.png",
		"codes": "fall"
	  },
	]
  },
  
  // Spring
  {
  "name": "Spring season",
  "type": "progressive",
  "allow_disabled": false,
  "stages": [
	  {
		"img": "images/seasonspring0.png",
		
	  },
	  {
		"img": "images/seasonspring1.png",
		"codes": "spring"
	  },
	]
  },
  
  // Winter
  {
  "name": "Winter season",
  "type": "progressive",
  "allow_disabled": false,
  "stages": [
	  {
		"img": "images/seasonwinter0.png",
		
	  },
	  {
		"img": "images/seasonwinter1.png",
		"codes": "winter"
	  },
	]
  },
  
  /// DUNGEONS ///
  
  // D1
  {
    "name": "Gnarled Root Dungeon",
    "type": "toggle",
    "img": "images/D1.png",
    "codes": "d1, gnarledroot"
  },
  
  // D2
  {
    "name": "Snake's Remains",
    "type": "toggle",
    "img": "images/D2.png",
    "codes": "d2, snakeremains"
  },
  
  // D3
  {
    "name": "Poison Moth's Lair",
    "type": "toggle",
    "img": "images/D3.png",
    "codes": "d3, poisonmoth"
  },
  
  // D4
  {
    "name": "Dancing Dragon Dungeon",
    "type": "toggle",
    "img": "images/D4.png",
    "codes": "d4, dancingdragon"
  },
  
  // D5
  {
    "name": "Unicorn's Cave",
    "type": "toggle",
    "img": "images/D5.png",
    "codes": "d5, unicorncave"
  },
  
  // D6
  {
    "name": "Ancient Ruins",
    "type": "toggle",
    "img": "images/D6.png",
    "codes": "d6, ancientruins"
  },
  
  // D7
  {
    "name": "Explorer's Crypt",
    "type": "toggle",
    "img": "images/D7.png",
    "codes": "d7, explorercrypt"
  },
  
  // D8
  {
    "name": "Sword & Shield Maze",
    "type": "toggle",
    "img": "images/D8.png",
    "codes": "d8, swordandshield"
  },
  
  
  
  /// SEASON SELECTORS
  
  {
    "name": "North Horon label",
    "type": "static",
    "img": "images/north_label.png",
    "codes": "north_label"
  },
  
  {
    "name": "North Horon season",
    "type": "progressive",
    "allow_disabled": false,
	"loop": true,
    "stages": [
	  {
		"img": "images/selector_neutral.png",
		"codes": "season_northhoron",
		"inherit_codes": false
	  },
	  {
		"img": "images/selector_winter.png",
		"codes": "north_winter",
		"inherit_codes": false
	  },
	  {
		"img": "images/selector_spring.png",
		"codes": "north_spring",
		"inherit_codes": false
	  },
	  {
		"img": "images/selector_summer.png",
		"codes": "north_summer",
		"inherit_codes": false
	  },
	  {
		"img": "images/selector_fall.png",
		"codes": "north_fall",
		"inherit_codes": false
	  },
	]
  },
  
  {
    "name": "Eastern Suburbs label",
    "type": "static",
    "img": "images/suburbs_label.png",
    "codes": "suburbs_label"
  },
  
  {
    "name": "Eastern Suburbs season",
    "type": "progressive",
    "allow_disabled": false,
	"loop": true,
    "stages": [
	  {
		"img": "images/selector_neutral.png",
		"codes": "season_eastsuburbs",
		"inherit_codes": false
	  },
	  {
		"img": "images/selector_winter.png",
		"codes": "suburbs_winter",
		"inherit_codes": false
	  },
	  {
		"img": "images/selector_spring.png",
		"codes": "suburbs_spring",
		"inherit_codes": false
	  },
	  {
		"img": "images/selector_summer.png",
		"codes": "suburbs_summer",
		"inherit_codes": false
	  },
	  {
		"img": "images/selector_fall.png",
		"codes": "suburbs_fall",
		"inherit_codes": false
	  },
	]
  },
  
  {
    "name": "Woods of Winter label",
    "type": "static",
    "img": "images/wow_label.png",
    "codes": "wow_label"
  },
  
  {
    "name": "Woods of Winter season",
    "type": "progressive",
    "allow_disabled": false,
	"loop": true,
    "stages": [
	  {
		"img": "images/selector_neutral.png",
		"codes": "season_woodsofwinter",
		"inherit_codes": false
	  },
	  {
		"img": "images/selector_winter.png",
		"codes": "wow_winter",
		"inherit_codes": false
	  },
	  {
		"img": "images/selector_spring.png",
		"codes": "wow_spring",
		"inherit_codes": false
	  },
	  {
		"img": "images/selector_summer.png",
		"codes": "wow_summer",
		"inherit_codes": false
	  },
	  {
		"img": "images/selector_fall.png",
		"codes": "wow_fall",
		"inherit_codes": false
	  },
	]
  },
  
  {
    "name": "Holodrum Plain label",
    "type": "static",
    "img": "images/plain_label.png",
    "codes": "plain_label"
  },
  
  {
    "name": "Holodrum Plain season",
    "type": "progressive",
    "allow_disabled": false,
	"loop": true,
    "stages": [
	  {
		"img": "images/selector_neutral.png",
		"codes": "season_holodrumplain",
		"inherit_codes": false
	  },
	  {
		"img": "images/selector_winter.png",
		"codes": "plain_winter",
		"inherit_codes": false
	  },
	  {
		"img": "images/selector_spring.png",
		"codes": "plain_spring",
		"inherit_codes": false
	  },
	  {
		"img": "images/selector_summer.png",
		"codes": "plain_summer",
		"inherit_codes": false
	  },
	  {
		"img": "images/selector_fall.png",
		"codes": "plain_fall",
		"inherit_codes": false
	  },
	]
  },
  
  {
    "name": "Spool Swamp label",
    "type": "static",
    "img": "images/swamp_label.png",
    "codes": "swamp_label"
  },
  
  {
    "name": "Spool Swamp season",
    "type": "progressive",
    "allow_disabled": false,
	"loop": true,
    "stages": [
	  {
		"img": "images/selector_neutral.png",
		"codes": "season_spoolswamp",
		"inherit_codes": false
	  },
	  {
		"img": "images/selector_winter.png",
		"codes": "swamp_winter",
		"inherit_codes": false
	  },
	  {
		"img": "images/selector_spring.png",
		"codes": "swamp_spring",
		"inherit_codes": false
	  },
	  {
		"img": "images/selector_summer.png",
		"codes": "swamp_summer",
		"inherit_codes": false
	  },
	  {
		"img": "images/selector_fall.png",
		"codes": "swamp_fall",
		"inherit_codes": false
	  },
	]
  },
  
  {
    "name": "Sunken City label",
    "type": "static",
    "img": "images/sunken_label.png",
    "codes": "sunken_label"
  },
  
  {
    "name": "Sunken City season",
    "type": "progressive",
    "allow_disabled": false,
	"loop": true,
    "stages": [
	  {
		"img": "images/selector_neutral.png",
		"codes": "season_sunkencity",
		"inherit_codes": false
	  },
	  {
		"img": "images/selector_winter.png",
		"codes": "sunken_winter",
		"inherit_codes": false
	  },
	  {
		"img": "images/selector_spring.png",
		"codes": "sunken_spring",
		"inherit_codes": false
	  },
	  {
		"img": "images/selector_summer.png",
		"codes": "sunken_summer",
		"inherit_codes": false
	  },
	  {
		"img": "images/selector_fall.png",
		"codes": "sunken_fall",
		"inherit_codes": false
	  },
	]
  },
  
  {
    "name": "Western Coast label",
    "type": "static",
    "img": "images/coast_label.png",
    "codes": "coast_label"
  },
  
  {
    "name": "Western Coast season",
    "type": "progressive",
    "allow_disabled": false,
	"loop": true,
    "stages": [
	  {
		"img": "images/selector_neutral.png",
		"codes": "season_coast",
		"inherit_codes": false
	  },
	  {
		"img": "images/selector_winter.png",
		"codes": "coast_winter",
		"inherit_codes": false
	  },
	  {
		"img": "images/selector_spring.png",
		"codes": "coast_spring",
		"inherit_codes": false
	  },
	  {
		"img": "images/selector_summer.png",
		"codes": "coast_summer",
		"inherit_codes": false
	  },
	  {
		"img": "images/selector_fall.png",
		"codes": "coast_fall",
		"inherit_codes": false
	  },
	]
  },
  
  {
    "name": "Temple Remains label",
    "type": "static",
    "img": "images/temple_label.png",
    "codes": "temple_label"
  },
  
  {
    "name": "Temple Remains season",
    "type": "progressive",
    "allow_disabled": false,
	"loop": true,
    "stages": [
	  {
		"img": "images/selector_neutral.png",
		"codes": "season_templeremains",
		"inherit_codes": false
	  },
	  {
		"img": "images/selector_winter.png",
		"codes": "temple_winter",
		"inherit_codes": false
	  },
	  {
		"img": "images/selector_spring.png",
		"codes": "temple_spring",
		"inherit_codes": false
	  },
	  {
		"img": "images/selector_summer.png",
		"codes": "temple_summer",
		"inherit_codes": false
	  },
	  {
		"img": "images/selector_fall.png",
		"codes": "temple_fall",
		"inherit_codes": false
	  },
	]
  },
  
  {
    "name": "Natzu label",
    "type": "static",
    "img": "images/natzu_label.png",
    "codes": "natzu_label"
  },
  
  {
    "name": "Natzu animal",
    "type": "progressive",
    "allow_disabled": false,
	"loop": true,
    "stages": [
	  {
		"img": "images/ricky.png",
		"codes": "natzu_ricky",
		"inherit_codes": false
	  },
	  {
		"img": "images/moosh.png",
		"codes": "natzu_moosh",
		"inherit_codes": false
	  },
	  {
		"img": "images/dimitri.png",
		"codes": "natzu_dimitri",
		"inherit_codes": false
	  },
	]
  },
  
]