﻿[
	/// USABLE ITEMS ///

  // Swords
  // Master Sword is not randomized yet
  {
  "name": "Sword",
  "type": "progressive",
  "allow_disabled": false,
  "stages": [
	  {
		"img": "images/sword1.png",
		"img_mods": "@disabled",
	  },
	  {
		"img": "images/sword1.png",
		"codes": "sword1, herosword"
	  },
	  {
		"img": "images/sword2.png",
		"codes": "sword2, noblesword"
	  },
	  //{
		//"img": "images/sword3.png",
		//"codes": "sword3, mastersword"
	  //},
	]
  },
  
  // Shields
  // Shields are currently not randomized but could be useful if Shovel is not accessible
  {
  "name": "Shield",
  "type": "progressive",
  "allow_disabled": false,
  "stages": [
	  {
		"img": "images/shield1.png",
		"img_mods": "@disabled",
	  },
	  {
		"img": "images/shield1.png",
		"codes": "shield1, shield"
	  },
	  //{
		//"img": "images/shield2.png",
		//"codes": "shield2, ironshield"
	  //},
	  //{
		//"img": "images/shield3.png",
		//"codes": "shield3, mirrorshield"
	  //},
	]
  },
  
  // Power Bracelet
  {
    "name": "Power Bracelet",
    "type": "toggle",
    "img": "images/strength.png",
    "codes": "bracelet, strength"
  },
  
  // Feather/Cape
  {
  "name": "Roc's items",
  "type": "progressive",
  "allow_disabled": false,
  "stages": [
	  {
		"img": "images/feather1.png",
		"img_mods": "@disabled",
	  },
	  {
		"img": "images/feather1.png",
		"codes": "feather1, feather, rocfeather"
	  },
	  {
		"img": "images/feather2.png",
		"codes": "feather2, cape, roccape"
	  },
	]
  },
  
  // Slingshot
  {
  "name": "Slingshot",
  "type": "progressive",
  "allow_disabled": false,
  "stages": [
	  {
		"img": "images/slingshot1.png",
		"img_mods": "@disabled",
	  },
	  {
		"img": "images/slingshot1.png",
		"codes": "slingshot1, seedslingshot"
	  },
	  {
		"img": "images/slingshot2.png",
		"codes": "slingshot2, hss, hyperslingshot"
	  },
	]
  },
  
  // Magnet Glove
  {
    "name": "Magnet Glove",
    "type": "toggle",
    "img": "images/glove0.png",
    "codes": "magnet, glove"
  },
  
  // Boomerang
  {
  "name": "Boomerang",
  "type": "progressive",
  "allow_disabled": false,
  "stages": [
	  {
		"img": "images/rang1.png",
		"img_mods": "@disabled",
	  },
	  {
		"img": "images/rang1.png",
		"codes": "boomerang1, boomerang"
	  },
	  {
		"img": "images/rang2.png",
		"codes": "boomerang2, magicboomerang"
	  },
	]
  },
  
  // Shovel
  {
    "name": "Shovel",
    "type": "toggle",
    "img": "images/shovel.png",
    "codes": "shovel"
  },
  
  // Flute
  // Maybe unnecessary, but to show your favorite animal companion :)
  {
  "name": "Flute",
  "type": "progressive",
  "allow_disabled": false,
  "stages": [
	  {
		"img": "images/flute1.png",
		"img_mods": "@disabled",
	  },
	  {
		"img": "images/flute1.png",
		"codes": "flute"
	  },
	  {
		"img": "images/flute2.png",
		"codes": "moosh, mooshflute"
	  },
	  {
		"img": "images/flute3.png",
		"codes": "ricky, rickyflute"
	  },
	  {
		"img": "images/flute4.png",
		"codes": "dimitri, dimitriflute"
	  },
	]
  },
  
  // Fool's Ore
  {
    "name": "Fool's Ore",
    "type": "toggle",
    "img": "images/foolsore.png",
    "codes": "ore, foolsore, bestweapon"
  },
  
  // Seed Satchel
  {
    "name": "Seed Satchel",
    "type": "toggle",
    "img": "images/satchel.png",
    "codes": "satchel, seedsatchel"
  },
  
  // Season's Rod
  {
    "name": "Season's Rod",
    "type": "toggle",
    "img": "images/rod.png",
    "codes": "rod, seasonsrod"
  },
  
  
  /// PROGRESS ITEMS (chronological) ///
  
  // Gnarled Key
  {
    "name": "Gnarled Key",
    "type": "toggle",
    "img": "images/keygnarled.png",
    "codes": "d1key, gnarledkey"
  },
  
  // Ricky's Gloves
  {
    "name": "Ricky's Glove",
    "type": "toggle",
    "img": "images/rickygloves.png",
    "codes": "rickygloves"
  },
  
  // Star Ore
  {
    "name": "Star Ore",
    "type": "toggle",
    "img": "images/starore.png",
    "codes": "star, starore"
  },
  
  // Ribbon
  {
    "name": "Ribbon",
    "type": "toggle",
    "img": "images/ribbon.png",
    "codes": "ribbon"
  },
  
  // Floodgate Key
  {
    "name": "Floodgate Key",
    "type": "toggle",
    "img": "images/keyflood.png",
    "codes": "d3key, floodkey"
  },
  
  // Flippers
  {
    "name": "Flippers",
    "type": "toggle",
    "img": "images/flippers.png",
    "codes": "flippers"
  },
  
  // Master's Plaque
  {
    "name": "Master's Plaque",
    "type": "toggle",
    "img": "images/plaque.png",
    "codes": "plaque, masterplaque"
  },
  
  // Banana
  {
    "name": "Banana",
    "type": "toggle",
    "img": "images/banana.png",
    "codes": "banana"
  },
  
  // Dragon Key
  {
    "name": "Dragon Key",
    "type": "toggle",
    "img": "images/keydragon.png",
    "codes": "d4key, dragonkey"
  },
  
  // Bomb Flower
  {
    "name": "Bomb Flower",
    "type": "toggle",
    "img": "images/bombflower.png",
    "codes": "bombflower"
  },
  
  // Rusty Bell
  {
    "name": "Rusty Bell",
    "type": "toggle",
    "img": "images/bell.png",
    "codes": "bell, rustybell"
  },
  
  /// SEEDS ///
  
  // Ember
  {
    "name": "Ember Seeds",
    "type": "toggle",
    "img": "images/seedember.png",
    "codes": "emberseeds"
  },
  
  // Mystery
  {
    "name": "Mystery Seeds",
    "type": "toggle",
    "img": "images/seedmystery.png",
    "codes": "mysteryseeds"
  },
  
  // Scent
  {
    "name": "Scent Seeds",
    "type": "toggle",
    "img": "images/seedscent.png",
    "codes": "scentseeds"
  },
  
  // Pegasus
  {
    "name": "Pegasus Seeds",
    "type": "toggle",
    "img": "images/seedpegasus.png",
    "codes": "pegasusseeds"
  },
  
  // Gale
  {
    "name": "Gale Seeds",
    "type": "toggle",
    "img": "images/seedgale.png",
    "codes": "galeseeds"
  },
  
  /// JEWELS ///
  
  // Round
  {
    "name": "Round Jewel",
    "type": "toggle",
    "img": "images/jewelround.png",
    "codes": "roundjewel"
  },
  
  // Pyramid
  {
    "name": "Pyramid Jewel",
    "type": "toggle",
    "img": "images/jeweltriangle.png",
    "codes": "pyramidjewel"
  },
  
  // Square
  {
    "name": "Square Jewel",
    "type": "toggle",
    "img": "images/jewelsquare.png",
    "codes": "squarejewel"
  },
  
  // X
  {
    "name": "X Jewel",
    "type": "toggle",
    "img": "images/jewelx.png",
    "codes": "xjewel"
  },
  
  /// SEASONS ///
  
  // Summer
  {
  "name": "Summer season",
  "type": "progressive",
  "allow_disabled": false,
  "stages": [
	  {
		"img": "images/seasonsummer0.png",
		
	  },
	  {
		"img": "images/seasonsummer1.png",
		"codes": "summer"
	  },
	]
  },
  
  // Fall
  {
  "name": "Fall season",
  "type": "progressive",
  "allow_disabled": false,
  "stages": [
	  {
		"img": "images/seasonfall0.png",
		
	  },
	  {
		"img": "images/seasonfall1.png",
		"codes": "fall"
	  },
	]
  },
  
  // Spring
  {
  "name": "Spring season",
  "type": "progressive",
  "allow_disabled": false,
  "stages": [
	  {
		"img": "images/seasonspring0.png",
		
	  },
	  {
		"img": "images/seasonspring1.png",
		"codes": "spring"
	  },
	]
  },
  
  // Winter
  {
  "name": "Winter season",
  "type": "progressive",
  "allow_disabled": false,
  "stages": [
	  {
		"img": "images/seasonwinter0.png",
		
	  },
	  {
		"img": "images/seasonwinter1.png",
		"codes": "winter"
	  },
	]
  },
  
  /// DUNGEONS ///
  
  // D1
  {
    "name": "Gnarled Root Dungeon",
    "type": "toggle",
    "img": "images/D1.png",
    "codes": "d1, gnarledroot"
  },
  {
    "name": "Satchel Location",
    "type": "progressive",
    "allow_disabled": false,
    "stages": [
	  {
		"img": "images/chest.png",
		"codes": "d1chest"
	  },
	  {
		"img": "images/chestopen.png",
	  },
	]
  },
  
  // D2
  {
    "name": "Snake's Remains",
    "type": "toggle",
    "img": "images/D2.png",
    "codes": "d2, snakeremains"
  },
  {
    "name": "Bracelet Location",
    "type": "progressive",
    "allow_disabled": false,
    "stages": [
	  {
		"img": "images/chest.png",
		"codes": "d2chest"
	  },
	  {
		"img": "images/chestopen.png",
	  },
	]
  },
  
  // D3
  {
    "name": "Poison Moth's Lair",
    "type": "toggle",
    "img": "images/D3.png",
    "codes": "d3, poisonmoth"
  },
  {
    "name": "Feather Location",
    "type": "progressive",
    "allow_disabled": false,
    "stages": [
	  {
		"img": "images/chest.png",
		"codes": "d3chest"
	  },
	  {
		"img": "images/chestopen.png",
	  },
	]
  },
  
  // D4
  {
    "name": "Dancing Dragon Dungeon",
    "type": "toggle",
    "img": "images/D4.png",
    "codes": "d4, dancingdragon"
  },
  {
    "name": "Slingshot Location",
    "type": "progressive",
    "allow_disabled": false,
    "stages": [
	  {
		"img": "images/chest.png",
		"codes": "d4chest"
	  },
	  {
		"img": "images/chestopen.png",
	  },
	]
  },
  
  // D5
  {
    "name": "Unicorn's Cave",
    "type": "toggle",
    "img": "images/D5.png",
    "codes": "d5, unicorncave"
  },
  {
    "name": "Magnet Glove Location",
    "type": "progressive",
    "allow_disabled": false,
    "stages": [
	  {
		"img": "images/chest.png",
		"codes": "d5chest"
	  },
	  {
		"img": "images/chestopen.png",
	  },
	]
  },
  
  // D6
  {
    "name": "Ancient Ruins",
    "type": "toggle",
    "img": "images/D6.png",
    "codes": "d6, ancientruins"
  },
  {
    "name": "Magic Boomerang Location",
    "type": "progressive",
    "allow_disabled": false,
    "stages": [
	  {
		"img": "images/chest.png",
		"codes": "d6chest"
	  },
	  {
		"img": "images/chestopen.png",
	  },
	]
  },
  
  // D7
  {
    "name": "Explorer's Crypt",
    "type": "toggle",
    "img": "images/D7.png",
    "codes": "d7, explorercrypt"
  },
  {
    "name": "Cape Location",
    "type": "progressive",
    "allow_disabled": false,
    "stages": [
	  {
		"img": "images/chest.png",
		"codes": "d7chest"
	  },
	  {
		"img": "images/chestopen.png",
	  },
	]
  },
  
  // D8
  {
    "name": "Sword & Shield Maze",
    "type": "toggle",
    "img": "images/D8.png",
    "codes": "d8, swordandshield"
  },
  {
    "name": "Hyper Slingshot Location",
    "type": "progressive",
    "allow_disabled": false,
    "stages": [
	  {
		"img": "images/chest.png",
		"codes": "d8chest"
	  },
	  {
		"img": "images/chestopen.png",
	  },
	]
  },
  
  
  
  /// SEASON SELECTORS
  
  {
    "name": "North Horon season",
    "type": "progressive",
    "allow_disabled": false,
    "stages": [
	  {
		"img": "images/selector_winter.png",
		"codes": "season_northhoron, north_winter"
	  },
	  {
		"img": "images/selector_spring.png",
		"codes": "season_northhoron, north_spring"
	  },
	  {
		"img": "images/selector_summer.png",
		"codes": "season_northhoron, north_summer"
	  },
	  {
		"img": "images/selector_fall.png",
		"codes": "season_northhoron, north_fall"
	  },
	]
  },
  
  {
    "name": "Eastern Suburbs season",
    "type": "progressive",
    "allow_disabled": false,
    "stages": [
	  {
		"img": "images/selector_winter.png",
		"codes": "season_eastsuburbs, suburbs_winter"
	  },
	  {
		"img": "images/selector_spring.png",
		"codes": "season_eastsuburbs, suburbs_spring"
	  },
	  {
		"img": "images/selector_summer.png",
		"codes": "season_eastsuburbs, suburbs_summer"
	  },
	  {
		"img": "images/selector_fall.png",
		"codes": "season_eastsuburbs, suburbs_fall"
	  },
	]
  },
  
  {
    "name": "Woods of Winter season",
    "type": "progressive",
    "allow_disabled": false,
    "stages": [
	  {
		"img": "images/selector_winter.png",
		"codes": "season_woodsofwinter, wow_winter"
	  },
	  {
		"img": "images/selector_spring.png",
		"codes": "season_woodsofwinter, wow_spring"
	  },
	  {
		"img": "images/selector_summer.png",
		"codes": "season_woodsofwinter, wow_summer"
	  },
	  {
		"img": "images/selector_fall.png",
		"codes": "season_woodsofwinter, wow_fall"
	  },
	]
  },
  
  {
    "name": "Holodrum Plain season",
    "type": "progressive",
    "allow_disabled": false,
    "stages": [
	  {
		"img": "images/selector_winter.png",
		"codes": "season_holodrumplain, plain_winter"
	  },
	  {
		"img": "images/selector_spring.png",
		"codes": "season_holodrumplain, plain_spring"
	  },
	  {
		"img": "images/selector_summer.png",
		"codes": "season_holodrumplain, plain_summer"
	  },
	  {
		"img": "images/selector_fall.png",
		"codes": "season_holodrumplain, plain_fall"
	  },
	]
  },
  
  {
    "name": "Spool Swamp season",
    "type": "progressive",
    "allow_disabled": false,
    "stages": [
	  {
		"img": "images/selector_winter.png",
		"codes": "season_spoolswamp, swamp_winter"
	  },
	  {
		"img": "images/selector_spring.png",
		"codes": "season_spoolswamp, swamp_spring"
	  },
	  {
		"img": "images/selector_summer.png",
		"codes": "season_spoolswamp, swamp_summer"
	  },
	  {
		"img": "images/selector_fall.png",
		"codes": "season_spoolswamp, swamp_fall"
	  },
	]
  },
  
  {
    "name": "Sunken City season",
    "type": "progressive",
    "allow_disabled": false,
    "stages": [
	  {
		"img": "images/selector_winter.png",
		"codes": "season_sunkencity, sunken_winter"
	  },
	  {
		"img": "images/selector_spring.png",
		"codes": "season_sunkencity, sunken_spring"
	  },
	  {
		"img": "images/selector_summer.png",
		"codes": "season_sunkencity, sunken_summer"
	  },
	  {
		"img": "images/selector_fall.png",
		"codes": "season_sunkencity, sunken_fall"
	  },
	]
  },
  
  {
    "name": "Western Coast season",
    "type": "progressive",
    "allow_disabled": false,
    "stages": [
	  {
		"img": "images/selector_winter.png",
		"codes": "coast_winter"
	  },
	  {
		"img": "images/selector_spring.png",
		"codes": "coast_spring"
	  },
	  {
		"img": "images/selector_summer.png",
		"codes": "coast_summer"
	  },
	  {
		"img": "images/selector_fall.png",
		"codes": "coast_fall"
	  },
	]
  },
  
  {
    "name": "Temple Remains season",
    "type": "progressive",
    "allow_disabled": false,
    "stages": [
	  {
		"img": "images/selector_winter.png",
		"codes": "season_templeremains, temple_winter"
	  },
	  {
		"img": "images/selector_spring.png",
		"codes": "season_templeremains, temple_spring"
	  },
	  {
		"img": "images/selector_summer.png",
		"codes": "season_templeremains, temple_summer"
	  },
	  {
		"img": "images/selector_fall.png",
		"codes": "season_templeremains, temple_fall"
	  },
	]
  },
  
]