﻿[

	{
		"name": "requirements",
		"sections": [
			{
				"name": "bushes",
				"access_rules": [
				  "sword1",
				  "sword2",
				  "bracelet",
				  "magicboomerang",
				  "satchel, emberseeds",
				  // "@requirements/shoot seeds, galeseeds"
				],
				"item_count": 1
			},
			{
				"name": "mushrooms",
				"access_rules": [
				  "bracelet",
				  "magicboomerang"
				],
				"item_count": 1
			},
			{
				"name": "pots",
				"access_rules": [
				  "bracelet",
				  "sword2"
				],
				"item_count": 1
			},
			{
				"name": "bombs",
				"access_rules": [
				  "sword1",
				  "sword2",
				  "boomerang",
				  "magicboomerang"
				],
				"item_count": 1
			},
			{
				"name": "rupees",
				"access_rules": [
				  "sword1",
				  "sword2",
				  "boomerang",
				  "magicboomerang"
				],
				"item_count": 1
			},
			{
				"name": "levers",
				"access_rules": [
				  "sword1",
				  "sword2",
				  "rod",
				  "foolsore",
				  "boomerang",
				  "magicboomerang",
				  "slingshot",
				  "emberseeds",
				  "scentseeds"
				],
				"item_count": 1
			},
			{
				"name": "far switch",
				"access_rules": [
				  "sword2",
				  "boomerang1",
				  "boomerang2",
				  "@requirements/shoot seeds",
				  "@requirements/bombs"
				],
				"item_count": 1
			},
			{
				"name": "flip beetles",
				"access_rules": [
				  "shovel",
				  "shield1",
				  "shield2"
				],
				"item_count": 1
			},
			{
				"name": "damage",
				"access_rules": [
				  "sword1",
				  "sword2",
				  "foolsore"
				],
				"item_count": 1
			},
			{
				"name": "shoot seeds",
				"access_rules": [
				  "slingshot1",
				  "slingshot2"
				],
				"item_count": 1
			},
			{
				"name": "jump",
				"access_rules": [
				  "feather",
				  "cape"
				],
				"item_count": 1
			},
			{
				"name": "jump 3",
				"access_rules": [
				  "feather, pegasusseeds",
				  "cape"
				],
				"item_count": 1
			},
			{
				"name": "jump max",
				"access_rules": [
				  "cape, satchel, pegasusseeds"
				],
				"item_count": 1
			},
			
		]
	},
	
	{
		"name": "portal",
		"sections": [
			{
				"name": "rosa portal",
				"access_rules": [
				  "@requirements/bushes"
				],
				"item_count": 1
			},
			{
				"name": "swamp portal",
				"access_rules": [
				  "bracelet"
				],
				"item_count": 1
			},
			{
				"name": "cucko portal",
				"access_rules": [
				  "@requirements/jump"
				],
				"item_count": 1
			},
			{
				"name": "lake portal",
				"access_rules": [
				  "@requirements/bushes, @requirements/jump, flippers, north_winter/north_spring/north_fall/winter/spring/fall",
				  "@requirements/bushes, cape, north_summer, winter",
				  "cape, flippers, north_winter/north_spring/north_fall/winter/spring/fall",
				  "magnet, @requirements/jump, flippers",
				],
				"item_count": 1
			},
			{
				"name": "village portal",
				"access_rules": [
				  "magicboomerang",
				  "cape",
				  "@requirements/jump, @requirements/levers",
				],
				"item_count": 1
			},
			{
				"name": "remains portal",
				"access_rules": [
				  "winter/temple_winter, shovel, @requirements/bushes, cape",
				  "temple_autumn, winter, shovel, @requirements/bushes",
				],
				"item_count": 1
			},
			{
				"name": "d8 portal",
				"access_rules": [
				  "@portal/remains portal, temple_summer/summer, cape/magnet",
				],
				"item_count": 1
			},
		]
	},
	
	{
		"name": "area",
		"sections": [
			/// Holodrum
			{
				"name": "suburbs",
				"access_rules": [
				  "satchel, emberseeds",
				  "@requirements/shoot seeds, emberseeds",
				  "@portal/rosa portal"
				],
				"item_count": 1
			},
			{
				"name": "woods",
				"access_rules": [
				  "@area/suburbs, suburbs_winter/winter",
				],
				"item_count": 1
			},
			{
				"name": "D2 area",
				"access_rules": [
				  "@area/suburbs, bracelet, @requirements/jump",
				  "@area/suburbs, bracelet, suburbs_spring/suburbs_summer/suburbs_fall, flippers",
				  "@area/suburbs, bracelet, suburbs_winter/winter, shovel",
				],
				"item_count": 1
			},
			{
				"name": "D2 A",
				"access_rules": [
				  "@area/D2 area, @requirements/bushes",
				],
				"item_count": 1
			},
			{
				"name": "D2 B",
				"access_rules": [
				  "@area/D2 area, wow_summer, bracelet",
				],
				"item_count": 1
			},
			{
				"name": "D2 B reverse",
				"access_rules": [
				  "@area/D2 A, @requirements/damage, satchel, emberseeds",
				  "@area/D2 A, @requirements/damage, @requirements/shoot seeds, emberseeds",
				],
				"item_count": 1
			},
			{
				"name": "plain",
				"access_rules": [
				  "@requirements/bushes, bracelet",
				  "@requirements/bushes, flippers",
				],
				"item_count": 1
			},
			{
				"name": "plain stump",
				"access_rules": [
				  "@requirements/bushes, bracelet, plain_winter",
				  "@requirements/bushes, flippers",
				  "@requirements/bushes, @requirements/jump",
				  "@requirements/bushes, flute",
				],
				"item_count": 1
			},
			{
				"name": "swamp",
				"access_rules": [
				  "@area/plain, @area/plain stump, plain_summer/summer/cape/flute",
				],
				"item_count": 1
			},
			{
				"name": "dry swamp",
				"access_rules": [
				  "@area/swamp, @requirements/levers, d3key, bracelet, satchel, pegasus",
				  "@area/swamp, @requirements/levers, d3key, bracelet, cape",
				  "@area/swamp, @requirements/levers, d3key, bracelet, flippers",
				],
				"item_count": 1
			},
			{
				"name": "south swamp",
				"access_rules": [
				  "@area/dry swamp, flippers",
				  "@area/dry swamp, flute",
				  "@area/dry swamp, @requirements/jump 3",
				  "@area/plain, flippers",
				  "@area/plain stump, @requirements/bushes, flippers",
				  "@portal/swamp portal, bracelet"
				],
				"item_count": 1
			},
			{
				"name": "D3",
				"access_rules": [
				  "@area/dry swamp, summer/swamp_summer",
				],
				"item_count": 1
			},
			{
				"name": "sunken city stairs",
				"access_rules": [
				  "@area/suburbs, @requirements/jump",
				  "@area/suburbs, suburbs_spring/suburbs_summer/suburbs_fall, flippers",
				  "@area/suburbs, suburbs_winter/winter",
				],
				"item_count": 1
			},
			{
				"name": "sunken city",
				"access_rules": [
				  "@area/sunken city stairs, @requirements/jump",
				  "@area/plain, flippers, flute",
				  "@area/plain, @requirements/jump max, flute",
				  "@area/mount cucco, flippers"
				],
				"item_count": 1
			},
			{
				"name": "mount cucco",
				"access_rules": [
				  "@area/sunken city, sunken_summer, flippers",
				  "@portal/cucko portal",
				  "@area/goron mountain, shovel, bracelet"
				],
				"item_count": 1
			},
			{
				"name": "goron mountain",
				"access_rules": [
				  "@area/mount cucco, shovel, bracelet",
				  "@area/plain, flippers",
				  "@area/temple remains, @requirements/jump 3, flippers",
				],
				"item_count": 1
			},
			{
				"name": "D5 area",
				"access_rules": [
				  "@requirements/bushes, @requirements/jump, north_winter",
				  "@requirements/bushes, @requirements/jump, north_summer, winter",
				  "@requirements/bushes, @requirements/jump, north_summer, spring/fall, flippers",
				  "@requirements/bushes, @requirements/jump, north_spring/spring/north_fall/fall, flippers",
				],
				"item_count": 1
			},
			{
				"name": "tarm ruins",
				"access_rules": [
				  "@area/swamp, roundjewel, squarejewel, pyramidjewel, xjewel",
				],
				"item_count": 1
			},
			{
				"name": "temple remains",
				"access_rules": [
				  "@area/plain, @requirements/jump 3",
				],
				"item_count": 1
			},
			
			
			/// Subrosia
			{
				"name": "temple",
				"access_rules": [
					"@portal/rosa portal",
					"@area/beach, starore",
					"@area/beach, @requirements/jump",
					"@area/hns, @requirements/jump max",
					"@area/bridge, @requirements/jump",
				],
				"item_count": 1
			},
			{
				"name": "beach",
				"access_rules": [
					"@portal/swamp portal",
					"@area/hns, bracelet, @requirements/jump 3",
					"@area/hns, bracelet, @requirements/jump, magnet",
					"@area/furnace, cape",
					"@area/furnace, @requirements/jump, magnet",
					"@area/furnace, @requirements/jump 3, bracelet",
					"@area/temple, @requirements/jump",
				],
				"item_count": 1
			},
			{
				"name": "hns",
				"access_rules": [
					"@portal/cucko portal",
					"@area/pirate captain, @requirements/jump",
					"@area/temple, @requirements/jump max",
				],
				"item_count": 1
			},
			{
				"name": "furnace",
				"access_rules": [
					"@portal/lake portal",
					"@area/beach, cape",
					"@area/beach, magnet",
				],
				"item_count": 1
			},
			{
				"name": "pirate captain",
				"access_rules": [
				  "@portal/village portal",
				  "@portal/cucko portal, @requirements/jump",
				],
				"item_count": 1
			},
			{
				"name": "bridge",
				"access_rules": [
					"@area/temple, @requirements/jump",
					"@portal/remains portal, cape, bracelet",
					"@area/hns, @requirements/jump max",
				],
				"item_count": 1
			},
		]
	},
	
	{
		"name": "Holodrum",
		"chest_unopened_img": "images/chest.png",
		"chest_opened_img": "images/chestopen.png",
		"children": [
			{
				"name": "Horon Village",
				"color": "#ff3c00",
				"children": [
					{
						"name": "Maku Tree",
						"access_rules": [
							"sword1",
							"sword2",
							"rod",
							"foolsore"
						],
						"sections": [
						  {
							"name": "Maku Tree gift",
							"item_count": 1
						  }
						],
						"map_locations": [
						  {
							"map": "holodrum",
							"x": 407,
							"y": 534
						  }
						]
					},
					{
						"name": "Mushroom chest",
						"access_rules": [
							"@requirements/bushes, @requirements/mushrooms",
						],
						"sections": [
						  {
							"name": "Enter during Fall",
							"item_count": 1
						  }
						],
						"map_locations": [
						  {
							"map": "holodrum",
							"x": 237,
							"y": 662
						  }
						]
					},
					{
						"name": "Dr. Left's House",
						"sections": [
						  {
							"name": "Pond chest",
							"access_rules": [
								"@requirements/bombs"
							],
							"item_count": 1
						  }
						],
						"map_locations": [
						  {
							"map": "holodrum",
							"x": 407,
							"y": 662
						  }
						]
					},
				]
			},
			{
				"name": "Western Coast",
				"color": "#ff3c00",
				"children": [
					{
						"name": "Hero's Cave",
						"sections": [
						  {
							"name": "Sword chest",
							"item_count": 1
						  },
						  {
							"name": "Side entrance chest",
							"access_rules": [
								"@@requirements/bushes"
							],
							"item_count": 1
						  },
						],
						"map_locations": [
						  {
							"map": "holodrum",
							"x": 194,
							"y": 578
						  }
						]
					},
					{
						"name": "The Black Beast",
						"access_rules": [
							"@requirements/shoot seeds, @requirements/damage, mysteryseeds",
						],
						"sections": [
						  {
							"name": "Kill the beast",
							"item_count": 1
						  },
						],
						"map_locations": [
						  {
							"map": "holodrum",
							"x": 194,
							"y": 662
						  }
						]
					},
					{
						"name": "Pirate area",
						"access_rules": [
							"@area/pirate captain, bell",
						],
						"sections": [
						  {
							"name": "Coast chest",
							"item_count": 1
						  },
						],
						"map_locations": [
						  {
							"map": "holodrum",
							"x": 152,
							"y": 620
						  }
						]
					},
					{
						"name": "Abandoned house",
						"access_rules": [
							"@area/pirate captain, bell",
						],
						"sections": [
						  {
							"name": "Bed chest",
							"item_count": 1
						  },
						],
						"map_locations": [
						  {
							"map": "holodrum",
							"x": 109,
							"y": 578
						  }
						]
					},
					{
						"name": "Explorer's Crypt",
						"access_rules": [
							"@area/pirate captain, bell, @requirements/jump 3, coast_winter, shovel",
							"@area/pirate captain, bell, @requirements/jump 3, coast_winter, spring/summer/fall",
							"@area/pirate captain, bell, coast_summer/summer",
						],
						"sections": [
						  {
							"name": "Chest in bombable wall",
							"item_count": 1
						  },
						  {
							"name": "Chest before first poe",
							"access_rules": [
								"@requirements/damage"
							],
							"item_count": 1
						  },
						  {
							"name": "Chest up trampoline before second poe",
							"access_rules": [
								"requirements/jump"
							],
							"item_count": 1
						  },
						  {
							"name": "Cape chest",
							"access_rules": [
								"@requirements/jump, @requirements/damage, @requirements/shoot seeds, emberseeds, satchel, pegasusseeds, flippers, magnet",
								"cape, @requirements/damage, @requirements/shoot seeds, emberseeds, satchel, pegasusseeds, flippers"
							],
							"item_count": 1
						  },
						  {
							"name": "Stair maze chest",
							"access_rules": [
								"cape, @requirements/damage, @requirements/shoot seeds, emberseeds, satchel, pegasusseeds, flippers",
							],
							"item_count": 1
						  },
						],
						"map_locations": [
						  {
							"map": "holodrum",
							"x": 25,
							"y": 578
						  }
						]
					},
				]
			},
			{
				"name": "North Horon",
				"color": "#ff3c00",
				"children": [
					{
						"name": "Eyeglass Lake",
						"access_rules": [
							"requirements/jump, north_fall",
							"requirements/jump, @requirements/bushes, fall",
							"cape"
						],
						"sections": [
						  {
							"name": "Chest",
							"item_count": 1
						  },
						],
						"map_locations": [
						  {
							"map": "holodrum",
							"x": 366,
							"y": 492
						  }
						]
					},
					{
						"name": "Dry the lake",
						"sections": [
						  {
							"name": "Bomb cave",
							"access_rules": [
								"@requirements/bushes, @requirements/jump, @requirements/bombs, north_summer/summer, flippers",
							],
							"item_count": 1
						  },
						],
						"map_locations": [
						  {
							"map": "holodrum",
							"x": 324,
							"y": 448
						  }
						]
					},
					{
						"name": "Dry the lake",
						"access_rules": [
								"@area/D5 area, summer, bracelet",
							],
						"sections": [
						  {
							"name": "Rock cave chest",
							"item_count": 1
						  },
						],
						"map_locations": [
						  {
							"map": "holodrum",
							"x": 449,
							"y": 448
						  }
						]
					},
					{
						"name": "Gnarled Root Dungeon",
						"access_rules": [
							"@requirements/bushes, d1key"
						],
						"sections": [
							{
								"name": "Stalfos chest",
								"access_rules": [
										"@requirements/damage"
									],
								"item_count": 1
							},
							{
								"name": "Far west chest",
								"access_rules": [
										"@requirements/damage"
									],
								"item_count": 1
							},
							{
								"name": "Lever chest",
								"access_rules": [
										"@requirements/damage"
									],
								"item_count": 1
							},
							{
								"name": "Minecart chest",
								"access_rules": [
										"@lrequirements/damage"
									],
								"item_count": 1
							},
							{
								"name": "Underground item",
								"access_rules": [
										"@requirements/damage, @requirements/bombs"
									],
								"item_count": 1
							},
							  		
						],
						"map_locations": [
						  {
							"map": "holodrum",
							"x": 281,
							"y": 407
						  }
						]
					},
					{
					// LOGIC IS IMPROVABLE
						"name": "Unicorn's Cave",
						"access_rules": [
							"@area/D5 area, @requirements/mushrooms, north_fall/fall"
						],
						"sections": [
						  {
							"name": "East gibdo room chest",
								"access_rules": [
									"@requirements/damage, @requirements/jump, flippers",
									"@requirements/damage, @requirements/jump 3",
									"@requirements/bombs, @requirements/jump, magnet",
								],
							"item_count": 1
						  },
						  {
							"name": "Magnet glove chest",
							"access_rules": [
									"@requirements/damage, @requirements/jump, flippers",
									"@requirements/damage, @requirements/jump max",
									"@requirements/bombs, @requirements/jump, magnet, flippers",
									"@requirements/bombs, @requirements/jump max, magnet",
								],
							"item_count": 1
						  },
						  {
							"name": "Moving floors chest",
							"access_rules": [
									"@requirements/damage",
								],
							"item_count": 1
						  },
						  {
							"name": "First ball room chest",
							"access_rules": [
									"magnet",
									"@requirements/damage, @requirements/jump, @requirements/bombs, flippers",
									"@requirements/damage, @requirements/jump 3, @requirements/bombs",
								],
							"item_count": 1
						  },
						],
						"map_locations": [
						  {
							"map": "holodrum",
							"x": 449,
							"y": 364
						  }
						]
					},
				]
			},
			{
				"name": "Eastern Suburbs",
				"access_rules": [
					"@area/Eastern Suburbs"
				],
				"color": "#ff3c00",
				"children": [
					{
						"name": "Spring stairs",
						"sections": [
						  {
							"name": "Chest",
							"access_rules": [
								"suburbs_spring/spring, bracelet, @requirements/jump max",
								"suburbs_spring/spring, bracelet, magnet",
							],
							"item_count": 1
						  }
						],
						"map_locations": [
						  {
							"map": "holodrum",
							"x": 534,
							"y": 534
						  }
						]
					},
				]
			},
			{
				"name": "Woods of Winter",
				"color": "#ff3c00",
				"children": [
					{
						"name": "Moblin Road",
						"sections": [
						  {
							"name": "Bomb the cave open",
							"access_rules": [
								"@area/woods, @requirements/bombs, @requirements/bushes, wow_spring/wow_summer/wow_fall/spring/summer/fall",
							],
							"item_count": 1
						  },
						],
						"map_locations": [
						  {
							"map": "holodrum",
							"x": 578,
							"y": 322
						  }
						]
					},
					{
						"name": "Waterfall cave",
						"sections": [
						  {
							"name": "Chest between Sunken City and Moblin Road",
							"access_rules": [
								"@area/woods, cape",
								"@area/woods, flippers",
							],
							"item_count": 1
						  },
						],
						"map_locations": [
						  {
							"map": "holodrum",
							"x": 621,
							"y": 300
						  }
						]
					},
					{
						"name": "Holly's House",
						"sections": [
						  {
							"name": "Be Santa Claus",
							"access_rules": [
								"@area/woods, wow_winter/winter",
							],
							"item_count": 1
						  },
						],
						"map_locations": [
						  {
							"map": "holodrum",
							"x": 663,
							"y": 322
						  }
						]
					},
					{
						"name": "Outside D2",
						"sections": [
						  {
							"name": "Lone chest",
							"access_rules": [
								"@area/D2 B",
								"@area/D2 B reverse",
							],
							"item_count": 1
						  },
						  {
							"name": "Mushroom cave chest",
							"access_rules": [
								"@area/D2 B reverse, @requirements/mushrooms, fall, cape/magnet",
								"@area/D2 area, wow_summer, @requirements/mushrooms, fall, cape/magnet",
							],
							"item_count": 1
						  },
						],
						"map_locations": [
						  {
							"map": "holodrum",
							"x": 621,
							"y": 364
						  }
						]
					},
					{
						"name": "Snake's Remains",
						"access_rules": [
							"@area/D2 area",
						],
						"sections": [
						  {
							"name": "Hole room chest",
							"access_rules": [
								"@area/D2 A",
								"@are/D2 B, @requirements/damage, bracelet",
							],
							"item_count": 1
						  },
						  {
							"name": "Block rectangle chest",
							"access_rules": [
								"@area/D2 A, @requirements/damage, satchel, emberseeds",
								"@area/D2 A, @requirements/damage, @requirements/shoot seeds, emberseeds",
								"@area/D2 B, @requirements/damage, bracelet",
							],
							"item_count": 1
						  },
						  {
							"name": "Chest surrounded by pots",
							"access_rules": [
								"@area/D2 A, @requirements/pots, satchel, emberseeds",
								"@area/D2 A, @requirements/pots, @requirements/shoot seeds, emberseeds",
								"@area/D2 B, @requirements/pots, bracelet",
							],
							"item_count": 1
						  },
						  {
							"name": "Bracelet chest",
							"access_rules": [
								"@area/D2 A, @requirements/damage, satchel, emberseeds",
								"@area/D2 A, @requirements/damage, @requirements/shoot seeds, emberseeds",
								"@area/D2 B, @requirements/damage, bracelet",
							],
							"item_count": 1
						  },
						  {
							"name": "Chest before Facade",
							"access_rules": [
								"@area/D2 A, @requirements/bombs, bracelet, satchel, emberseeds",
								"@area/D2 A, @requirements/bombs, bracelet, @requirements/shoot seeds, emberseeds",
								"@area/D2 B, @requirements/bombs, bracelet",
							],
							"item_count": 1
						  },
						],
						"map_locations": [
						  {
							"map": "holodrum",
							"x": 578,
							"y": 364
						  }
						]
					},
				]
			},
			{
				"name": "Holodrum Plain",
				"access_rules": [
					"@area/plain"
				],
				"color": "#ff3c00",
				"children": [
					{
						"name": "Blaino",
						"sections": [
						  {
							"name": "(ง •̀_•́)ง",
							"access_rules": [
								"@requirements/rupees",
							],
							"item_count": 1
						  },
						],
						"map_locations": [
						  {
							"map": "holodrum",
							"x": 366,
							"y": 322
						  }
						]
					},
					{
						"name": "Cave behind mushrooms",
						"sections": [
						  {
							"name": "Upper ledge chest",
							"access_rules": [
								"@requirements/mushrooms, plain_fall, flippers",
								"@requirements/mushrooms, @area/plain stump, fall, flippers",
							],
							"item_count": 1
						  },
						],
						"map_locations": [
						  {
							"map": "holodrum",
							"x": 323,
							"y": 364
						  }
						]
					},
					{
						"name": "Old man",
						"sections": [
						  {
							"name": "Round jewel item",
							"access_rules": [
								"flippers",
							],
							"item_count": 1
						  },
						],
						"map_locations": [
						  {
							"map": "holodrum",
							"x": 237,
							"y": 492
						  }
						]
					},
					{
						"name": "Flooded Cave",
						"sections": [
						  {
							"name": "Octo Ring chest",
							"access_rules": [
								"flippers",
							],
							"item_count": 1
						  },
						],
						"map_locations": [
						  {
							"map": "holodrum",
							"x": 152,
							"y": 492
						  }
						]
					},
				]
			},
			{
				"name": "Spool Swamp",
				"color": "#ff3c00",
				"children": [
					{
						"name": "Floodgate Keeper",
						"sections": [
						  {
							"name": "Flooded item",
							"access_rules": [
								"@area/swamp, @requirements/levers",
								"@area/swamp, bracelet"
							],
							"item_count": 1
						  },
						],
						"map_locations": [
						  {
							"map": "holodrum",
							"x": 109,
							"y": 279
						  }
						]
					},
					{
						"name": "Poison Moth's Lair",
						"access_rules": [
							"@area/D3"
						],
						"sections": [
						  {
							"name": "Pols Voice chest",
							"access_rules": [
								"@requirements/flip beetles, @requirements/damage",
							],
							"item_count": 1
						  },
						  {
							"name": "Secret bombable wall chest",
							"access_rules": [
								"@requirements/flip beetles, @requirements/damage, @requirements/bombs",
							],
							"item_count": 1
						  },
						  {
							"name": "Feather chest",
							"access_rules": [
								"@requirements/flip beetles, @requirements/damage",
							],
							"item_count": 1
						  },
						  {
							"name": "Water room chest",
							"access_rules": [
								"@requirements/flip beetles, @requirements/damage",
							],
							"item_count": 1
						  },
						  {
							"name": "Dumb compass chest",
							"access_rules": [
								"@requirements/flip beetles, @requirements/damage, @requirements/jump",
							],
							"item_count": 1
						  },
						  {
							"name": "Chest before Omuai",
							"access_rules": [
								"@requirements/flip beetles, @requirements/damage, @requirements/jump",
							],
							"item_count": 1
						  },
						  
						],
						"map_locations": [
						  {
							"map": "holodrum",
							"x": 25,
							"y": 279
						  }
						]
					},
					{
						"name": "Square Jewel cave",
						"sections": [
						  {
							"name": "Square Jewel item",
							"access_rules": [
								"@area/south swamp, swamp_winter, shovel/flute, @requirements/bombs",
								"@area/south swamp, @area/dry swamp, winter, shovel/flute, @requirements/bombs",
							],
							"item_count": 1
						  },
						],
						"map_locations": [
						  {
							"map": "holodrum",
							"x": 109,
							"y": 534
						  }
						]
					},
				]
			},
			{
				"name": "Moblin's Keep",
				"color": "#ff3c00",
				"children": [
					{
						"name": "Lone staircase",
						"sections": [
						  {
							"name": "Moving platforms chest",
							"access_rules": [
								"@area/plain, flippers"
							],
							"item_count": 1
						  },
						  
						],
						"map_locations": [
						  {
							"map": "holodrum",
							"x": 407,
							"y": 195
						  }
						]
					},
					{
						"name": "Moblin's Keep",
						"sections": [
						  {
							"name": "Ruins chest",
							"access_rules": [
								"@area/sunken city stairs, flippers",
								"@area/sunken city stairs, @requirements/jump max",
								"@area/Holodrum Plain, flippers, flute",
								"@area/Holodrum Plain, @requirements/jump max, flute",
							],
							"item_count": 1
						  },
						],
						"map_locations": [
						  {
							"map": "holodrum",
							"x": 493,
							"y": 237
						  }
						]
					},
				]
			},
			{
				"name": "Sunken City Area",
				"color": "#ff3c00",
				"children": [
					{
						"name": "Waterfalls",
						"sections": [
						  {
							"name": "Master's Plaque item",
							"access_rules": [
								"@area/sunken city, @requirements/bombs, sword1/sword2, @requirements/jump",
								"@area/sunken city, @requirements/bombs, sword1/sword2, flippers"
							],
							"item_count": 1
						  },
						  {
							"name": "The master",
							"access_rules": [
								"@area/sunken city, @requirements/bombs, plaque",
							],
							"item_count": 1
						  },
						  {
							"name": "Chest opposite to the master",
							"access_rules": [
								"@area/sunken city, @requirements/bombs",
							],
							"item_count": 1
						  },
						],
						"map_locations": [
						  {
							"map": "holodrum",
							"x": 621,
							"y": 110
						  }
						]
					},
					{
						"name": "Sunken City cliffs",
						"sections": [
						  {
							"name": "Climb the vines",
							"access_rules": [
								"@area/sunken city, @requirements/bushes, flippers, sunken_summer/summer",
							],
							"item_count": 1
						  },
						],
						"map_locations": [
						  {
							"map": "holodrum",
							"x": 662,
							"y": 195
						  }
						]
					},
					{
						"name": "Mt. Cucko peak",
						"sections": [
						  {
							"name": "Banana",
							"access_rules": [
								"@area/mount cucco, @requirements/jump, spring/sunken_spring, sword1/sword2/foolsore",
							],
							"item_count": 1
						  },
						],
						"map_locations": [
						  {
							"map": "holodrum",
							"x": 662,
							"y": 25
						  }
						]
					},
					{
						"name": "Talon's Cave",
						"sections": [
						  {
							"name": "Chest past mushroom",
							"access_rules": [
								"@area/mount cucco, spring/sunken_spring",
							],
							"item_count": 1
						  },
						],
						"map_locations": [
						  {
							"map": "holodrum",
							"x": 493,
							"y": 68
						  }
						]
					},
					{
						"name": "Dancing Dragon Dungeon",
						"access_rules": [
								"@area/mount cucco, spring/sunken_spring, summer, d4key, flippers",
								"@area/mount cucco, spring/sunken_spring, summer, d4key, @requirements/jump",
							],
						"sections": [
						  {
							"name": "Chest before minecart",
							"access_rules": [
								"flippers",
								"@requirements/jump max",
							],
							"item_count": 1
						  },
						  {
							"name": "Alternate path chest",
							"access_rules": [
								"@requirements/bombs, flippers",
								"@requirements/bombs, @requirements/jump max",
							],
							"item_count": 1
						  },
						  {
							"name": "Chest in bombable wall",
							"access_rules": [
								"@requirements/bombs, @requirements/levers, flippers",
								"@requirements/bombs, @requirements/levers, @requirements/jump max",
							],
							"item_count": 1
						  },
						  {
							"name": "Slingshot chest",
							"access_rules": [
								"@requirements/bombs, @requirements/levers, flippers, @requirements/jump",
								"@requirements/bombs, @requirements/levers, @requirements/jump max",
							],
							"item_count": 1
						  },
						  
						],
						"map_locations": [
						  {
							"map": "holodrum",
							"x": 578,
							"y": 68
						  }
						]
					},
					{
						"name": "D4 Underwater passage",
						"sections": [
						  {
							"name": "Pyramid jewel item",
							"access_rules": [
								"@area/mount cucco, spring/sunken_spring, flippers",
							],
							"item_count": 1
						  },
						],
						"map_locations": [
						  {
							"map": "holodrum",
							"x": 598,
							"y": 50
						  }
						]
					},
				]
			},
			{
				"name": "Goron Mountain",
				"color": "#ff3c00",
				"children": [
					{
						"name": "Moosh area",
						"sections": [
						  {
							"name": "Dragon Key item",
							"access_rules": [
								"@area/mount cucco, banana",
								"@area/mount cucco, cape",
							],
							"item_count": 1
						  },
						],
						"map_locations": [
						  {
							"map": "holodrum",
							"x": 449,
							"y": 68
						  }
						]
					},
					{
						"name": "Goron Caves",
						"sections": [
						  {
							"name": "Lava room chest",
							"access_rules": [
								"@area/goron mountain, @requirements/bombs, cape",
							],
							"item_count": 1
						  },
						],
						"map_locations": [
						  {
							"map": "holodrum",
							"x": 386,
							"y": 88
						  }
						]
					},
				]
			},
			{
				"name": "Tarm Ruins",
				"access_rules": [
					"@area/tarm ruins"
				],
				"color": "#ff3c00",
				"children": [
					{
						"name": "Noble Sword pedestal",
						"sections": [
						  {
							"name": "Winter->W->Fall->W->Spring->W->Summer->W",
							"access_rules": [
								"@requirements/mushrooms, winter, spring, summer, fall"
							],
							"item_count": 1
						  },
						  
						],
						"map_locations": [
						  {
							"map": "holodrum",
							"x": 25,
							"y": 195
						  }
						]
					},
					{
						"name": "Tree behind mushrooms",
						"sections": [
						  {
							"name": "Chest down the stairs",
							"access_rules": [
								"@requirements/mushrooms, satchel, emberseeds, winter, spring, summer, fall",
								"@requirements/mushrooms, @requirements/shoot seeds, emberseeds, winter, spring, summer, fall"
							],
							"item_count": 1
						  },
						  
						],
						"map_locations": [
						  {
							"map": "holodrum",
							"x": 25,
							"y": 68
						  }
						]
					},
					{
						"name": "Ancient Ruins",
						"access_rules": [
								"@requirements/mushrooms, @requirements/bushes, winter, spring, summer, fall"
							],
						"sections": [
						  {
							"name": "Crumbling floor chest",
							"item_count": 1
						  },
						  {
							"name": "Moving platforms left side chest",
							"item_count": 1
						  },
						  {
							"name": "Gibdo room chest",
							"access_rules": [
								"@requirements/jump 3"
							],
							"item_count": 1
						  },
						  {
							"name": "Armos chest",
							"access_rules": [
								"@requirements/jump 3, @requirements/bombs"
							],
							"item_count": 1
						  },
						  {
							"name": "Magic Boomerang chest",
							"access_rules": [
								"@requirements/jump 3, @requirements/bombs, @requirements/flip beetles, @requirements/damage"
							],
							"item_count": 1
						  },
						  {
							"name": "Chest past the Ropes",
							"access_rules": [
								"magnet"
							],
							"item_count": 1
						  },
						  {
							"name": "Crystals room chest",
							"item_count": 1
						  },

						],
						"map_locations": [
						  {
							"map": "holodrum",
							"x": 25,
							"y": 25
						  }
						]
					},
				]
			},
			{
				"name": "Samasa Desert",
				"access_rules": [
					"@area/suburbs, @area/pirate captain"
				],
				"color": "#ff3c00",
				"children": [
					{
						"name": "Desert holes",
						"sections": [
						  {
							"name": "Rusty Bell item",
							"access_rules": [
								"bracelet"
							],
							"item_count": 1
						  },
						],
						"map_locations": [
						  {
							"map": "holodrum",
							"x": 621,
							"y": 580
						  }
						]
					},
					{
						"name": "Secret passage",
						"sections": [
						  {
							"name": "Blast Ring chest",
							"access_rules": [
								"flippers"
							],
							"item_count": 1
						  },
						],
						"map_locations": [
						  {
							"map": "holodrum",
							"x": 663,
							"y": 662
						  }
						]
					},
				]
			},
			{
				"name": "Temple Remains",
				"color": "#ff3c00",
				"children": [
					{
						
					},
				]
			},
		]
	},
	
	{
		"name": "Subrosia",
		"chest_unopened_img": "images/chest.png",
		"chest_opened_img": "images/chestopen.png",
		"children": [
			{
				"name": "Temple of Seasons",
				"access_rules": [
					"@area/temple"
				],
				"color": "#ff3c00",
				"children": [
					{
						"name": "Main chamber",
						"sections": [
						  {
							"name": "Rod of Seasons item",
							"item_count": 1
						  }
						],
						"map_locations": [
						  {
							"map": "subrosia",
							"x": 204,
							"y": 12
						  }
						]
					},
					{
						"name": "Summer tower",
						"sections": [
						  {
							"name": "Summer spirit item",
							"access_rules": [
								"@area/beach, starore"
							],
							"item_count": 1
						  }
						],
						"map_locations": [
						  {
							"map": "subrosia",
							"x": 182,
							"y": 12
						  }
						]
					},
					{
						"name": "Fall tower",
						"sections": [
						  {
							"name": "Fall spirit item",
							"access_rules": [
								"@area/furnace, @requirements/jump, bracelet"
							],
							"item_count": 1
						  }
						],
						"map_locations": [
						  {
							"map": "subrosia",
							"x": 225,
							"y": 12
						  }
						]
					},
					{
						"name": "Spring tower",
						"sections": [
						  {
							"name": "Spring spirit item",
							"access_rules": [
								"@area/hns, @requirements/jump"
							],
							"item_count": 1
						  }
						],
						"map_locations": [
						  {
							"map": "subrosia",
							"x": 182,
							"y": 54
						  }
						]
					},
					{
						"name": "Winter tower",
						"sections": [
						  {
							"name": "Winter spirit item",
							"access_rules": [
								"@requirements/far switch"
							],
							"item_count": 1
						  }
						],
						"map_locations": [
						  {
							"map": "subrosia",
							"x": 225,
							"y": 54
						  }
						]
					},
				]
			},
			{
				"name": "Northern region",
				"color": "#ff3c00",
				"children": [
					{
						"name": "Subrosian dancing",
						"sections": [
						  {
							"name": "┏(-_-)┓┏(-_-)┛┗(-_- )┓┗(-_-)┛",
							"access_rules": [
								"@area/temple"
							],
							"item_count": 1
						  }
						],
						"map_locations": [
						  {
							"map": "subrosia",
							"x": 97,
							"y": 54
						  }
						]
					},
					{
						"name": "Rosa's world tour",
						"sections": [
						  {
							"name": "Open the cave",
							"access_rules": [
								"@area/beach, @area/bridge, @requirements/jump, starore"
							],
							"item_count": 1
						  }
						],
						"map_locations": [
						  {
							"map": "subrosia",
							"x": 54,
							"y": 33
						  }
						]
					},
					{
						"name": "Cave in the mountain",
						"sections": [
						  {
							"name": "Chest",
							"access_rules": [
								"@area/bridge"
							],
							"item_count": 1
						  }
						],
						"map_locations": [
						  {
							"map": "subrosia",
							"x": 33,
							"y": 33
						  }
						]
					},
				]
			},
			{
				"name": "Southern region",
				"color": "#ff3c00",
				"children": [
					{
						"name": "Subrosian seaside",
						"sections": [
						  {
							"name": "Star Ore item",
							"access_rules": [
								"@area/beach, shovel"
							],
							"item_count": 1
						  }
						],
						"map_locations": [
						  {
							"map": "subrosia",
							"x": 130,
							"y": 150
						  }
						]
					},
					{
						"name": "Flower Bomb area",
						"sections": [
						  {
							"name": "Red Ore chest",
							"access_rules": [
								"@area/furnace, cape/magnet"
							],
							"item_count": 1
						  }
						],
						"map_locations": [
						  {
							"map": "subrosia",
							"x": 182,
							"y": 118
						  }
						]
					},
				]
			},
			{
				"name": "Western region",
				"color": "#ff3c00",
				"children": [
					{
						"name": "Subrosian Wilds",
						"sections": [
						  {
							"name": "Blue Ore chest",
							"access_rules": [
								"@area/hns, cape/magnet"
							],
							"item_count": 1
						  }
						],
						"map_locations": [
						  {
							"map": "subrosia",
							"x": 33,
							"y": 97
						  }
						]
					},
					{
						"name": "Sword and Shield Maze",
						"access_rules": [
								"@portal/d8 portal"
							],
						"sections": [
						  {
							"name": "Three eyes chest",
							"access_rules": [
								"@requirements/jump, slingshot2"
							],
							"item_count": 1
						  },
						  {
							"name": "Spike room chest",
							"access_rules": [
								"@requirements/jump 3"
							],
							"item_count": 1
						  },
						  {
							"name": "Wait for the Armos",
							"access_rules": [
								"@requirements/jump 3"
							],
							"item_count": 1
						  },
						  {
							"name": "Hyper Slingshot chest",
							"access_rules": [
								"@requirements/jump 3, magnet"
							],
							"item_count": 1
						  },
						  {
							"name": "Lava bomb chest",
							"access_rules": [
								"@requirements/jump 3, bracelet"
							],
							"item_count": 1
						  }
						],
						"map_locations": [
						  {
							"map": "subrosia",
							"x": 12,
							"y": 12
						  }
						]
					},
				]
			},
		]
	}

]