﻿[
	{
		"name": "Holodrum",
		"chest_unopened_img": "images/chest.png",
		"chest_opened_img": "images/chestopen.png",
		"children": [
			{
				"name": "Horon Village",
				"color": "#ff3c00",
				"children": [
					{
						"name": "Maku Tree",
						"access_rules": [
							"sword1",
							"sword2",
							"$has_rod",
							"foolsore",
							"[$get_bombs]"
						],
						"sections": [
						  {
							"name": "Maku Tree gift",
							"item_count": 1
						  }
						],
						"map_locations": [
						  {
							"map": "holodrum",
							"x": 407,
							"y": 534
						  }
						]
					},
					{
						"name": "Mushroom chest",
						"access_rules": [
								"$destroy_mushroom",
							],
						"sections": [
						  {
							"name": "Fall chest",
							"item_count": 1
						  }
						],
						"map_locations": [
						  {
							"map": "holodrum",
							"x": 237,
							"y": 662
						  }
						]
					},
					{
						"name": "Dr. Left's House",
						"sections": [
						  {
							"name": "Pond chest",
							"access_rules": [
								"[$get_bombs]"
							],
							"item_count": 1
						  }
						],
						"map_locations": [
						  {
							"map": "holodrum",
							"x": 407,
							"y": 662
						  }
						]
					},
					{
						"name": "Horon Shop",

						"sections": [
						  {
							"name": "150 rupees",
							"access_rules": [
								"",
							],
							"capture_item": true,
							"item_count": 1
						  },
						  {
							"name": "Member's Shop 1",
							"access_rules": [
								"$member_shop",
							],
							"capture_item": true,
							"item_count": 1
						  },
						  {
							"name": "Member's Shop 2",
							"access_rules": [
								"$member_shop",
							],
							"capture_item": true,
							"item_count": 1
						  },
						  {
							"name": "Member's Shop 3",
							"access_rules": [
								"$member_shop",
							],
							"capture_item": true,
							"item_count": 1
						  },
						  
						],
						"map_locations": [
						  {
							"map": "holodrum",
							"x": 281,
							"y": 620
						  }
						]
					},
				]
			},
			{
				"name": "Western Coast",
				"color": "#ff3c00",
				"children": [
					{
						"name": "Hero's Cave",
						"sections": [
						  {
							"name": "Sword chest",
							"item_count": 1
						  },
						  {
							"name": "Side entrance",
							"access_rules": [
								"$destroy_bush"
							],
							"item_count": 1
						  },
						],
						"map_locations": [
						  {
							"map": "holodrum",
							"x": 194,
							"y": 578
						  }
						]
					},
					{
						"name": "The Black Beast",
						"access_rules": [
							"$shoot_seeds, mysteryseeds, $kill_moldorm"
						],
						"sections": [
						  {
							"name": "Kill the beast",
							"item_count": 1
						  },
						],
						"map_locations": [
						  {
							"map": "holodrum",
							"x": 194,
							"y": 662
						  }
						]
					},
					{
						"name": "Pirate area",
						"access_rules": [
							"$pirate_ship",
						],
						"sections": [
						  {
							"name": "Coast chest",
							"item_count": 1
						  },
						],
						"map_locations": [
						  {
							"map": "holodrum",
							"x": 152,
							"y": 620
						  }
						]
					},
					{
						"name": "Abandoned house",
						"access_rules": [
							"$pirate_ship",
						],
						"sections": [
						  {
							"name": "Bed chest",
							"item_count": 1
						  },
						],
						"map_locations": [
						  {
							"map": "holodrum",
							"x": 109,
							"y": 578
						  }
						]
					},
					{
						"name": "Explorer's Crypt",
						"access_rules": [
							"$graveyard"
						],
						"sections": [
						  {
							"name": "Chest in \nbombable wall",
							"access_rules": [
								"[$get_bombs]"
							],
							"item_count": 1
						  },
						  {
							"name": "Chest before \nfirst poe",
							"access_rules": [
								"$kill_wizzrobe"
							],
							"item_count": 1
						  },
						  {
							"name": "Chest up trampoline \nbefore second poe",
							"access_rules": [
								"$kill_wizzrobe, $shoot_seeds, emberseeds, $kill_poe, $max_jump:1"
							],
							"item_count": 1
						  },
						  {
							"name": "Cape \nchest",
							"access_rules": [
								"$kill_wizzrobe, $shoot_seeds, emberseeds, $kill_poe, pegasusseeds, flippers, $kill_stalfos_pit, $max_jump:3",
								"$kill_wizzrobe, $shoot_seeds, emberseeds, $kill_poe, pegasusseeds, flippers, $kill_darknut_across, $kill_stalfos_pit, $max_jump:1",
								"$kill_wizzrobe, $shoot_seeds, emberseeds, $kill_poe, pegasusseeds, flippers, $kill_stalfos_pit, magnet, $max_jump:1",
							],
							"item_count": 1
						  },
						  {
							"name": "Chest in \nStair maze",
							"access_rules": [
								"$kill_wizzrobe, $shoot_seeds, emberseeds, $kill_poe, pegasusseeds, flippers, $kill_stalfos_pit, $max_jump:3, $kill_magunesu",
								"$kill_wizzrobe, $shoot_seeds, emberseeds, $kill_poe, pegasusseeds, flippers, $kill_darknut_across, $kill_stalfos_pit, $max_jump:3, $kill_magunesu",
								"$kill_wizzrobe, $shoot_seeds, emberseeds, $kill_poe, pegasusseeds, flippers, $kill_stalfos_pit, magnet, $max_jump:3, $kill_magunesu",
							],
							"item_count": 1
						  },
						  {
							"name": "Far east \n stalfos chest",
							"access_rules": [
								"$kill_wizzrobe, $shoot_seeds, emberseeds, $kill_poe, pegasusseeds, flippers, $kill_stalfos_pit, $max_jump:3, $kill_magunesu, $kill_wizzrobe_pit, $hit_switch, $kill_stalfos",
								"$kill_wizzrobe, $shoot_seeds, emberseeds, $kill_poe, pegasusseeds, flippers, $kill_darknut_across, $kill_stalfos_pit, $max_jump:3, $kill_magunesu, $kill_wizzrobe_pit, $hit_switch, $kill_stalfos",
								"$kill_wizzrobe, $shoot_seeds, emberseeds, $kill_poe, pegasusseeds, flippers, $kill_stalfos_pit, magnet, $max_jump:3, $kill_magunesu, $kill_wizzrobe_pit, $hit_switch, $kill_stalfos",
							],
							"item_count": 1
						  },
						  
						  {
							"name": "Seeds \nof Life",
							"access_rules": [
								"$kill_gleeok, $kill_wizzrobe, $shoot_seeds, emberseeds, $kill_poe, pegasusseeds, flippers, $kill_stalfos_pit, $max_jump:3, $kill_magunesu",
								"$kill_gleeok, $kill_wizzrobe, $shoot_seeds, emberseeds, $kill_poe, pegasusseeds, flippers, $kill_darknut_across, $kill_stalfos_pit, $max_jump:3, $kill_magunesu",
								"$kill_gleeok, $kill_wizzrobe, $shoot_seeds, emberseeds, $kill_poe, pegasusseeds, flippers, $kill_stalfos_pit, magnet, $max_jump:3, $kill_magunesu",
							],
							"hosted_item": "d7",
							"item_count": 0
						  },
						],
						"map_locations": [
						  {
							"map": "holodrum",
							"x": 25,
							"y": 578
						  }
						]
					},
				]
			},	
			{
				"name": "North Horon",
				"color": "#ff3c00",
				"children": [
					{
						"name": "Eyeglass Lake",
						"access_rules": [
							"$max_jump:3",
							"north_fall, $max_jump:1",
							"$north_stump, fall, $max_jump:1",
						],
						"sections": [
						  {
							"name": "Pits chest",
							"item_count": 1
						  },
						],
						"map_locations": [
						  {
							"map": "holodrum",
							"x": 366,
							"y": 492
						  }
						]
					},
					{
						"name": "Dry the lake",
						"sections": [
						  {
							"name": "Bomb cave",
							"access_rules": [
								"$north_stump, [$get_bombs], flippers, north_summer, $max_jump:1",
								"$north_stump, [$get_bombs], flippers, north_summer, moosh",
								"$north_stump, [$get_bombs], flippers, summer, $max_jump:1",
								"$north_stump, [$get_bombs], flippers, summer, moosh",
								
								"$north_stump, ricky, flippers, north_summer",
								"$north_stump, ricky, flippers, summer",
								
								"$d5_stump, [$get_bombs], summer, flippers",
								"$d5_stump, ricky, summer, flippers",
								
								"$enter_d5, [$get_bombs], north_summer, bracelet, $max_jump:1",
								"$enter_d5, ricky, north_summer, bracelet, $max_jump:1",
							],
							"item_count": 1
						  },
						],
						"map_locations": [
						  {
							"map": "holodrum",
							"x": 324,
							"y": 448
						  }
						]
					},
					{
						"name": "Dry the lake",
						"access_rules": [
								"$d5_stump, summer, bracelet",
								"$d5_stump, $enter_d5, north_summer, bracelet",
							],
						"sections": [
						  {
							"name": "Rock cave chest",
							"item_count": 1
						  },
						],
						"map_locations": [
						  {
							"map": "holodrum",
							"x": 449,
							"y": 448
						  }
						]
					},
					{
						"name": "Gnarled Root Dungeon",
						"access_rules": [
							"$enter_d1"
						],
						"sections": [
							{
								"name": "Stalfos \nchest",
								"access_rules": [
										"$kill_stalfos"
									],
								"item_count": 1
							},
							{
								"name": "Chest past \ntorch door",
								"access_rules": [
										"$kill_stalfos, $kill_goriya, $use_seeds, emberseeds"
									],
								"item_count": 1
							},
							{
								"name": "Far west \nchest",
								"access_rules": [
										"$kill_stalfos"
									],
								"item_count": 1
							},
							{
								"name": "Lever \nchest",
								"access_rules": [
										"$kill_stalfos"
									],
								"item_count": 1
							},
							{
								"name": "Minecart \nchest",
								"access_rules": [
										"$kill_stalfos, $hit_lever"
									],
								"item_count": 1
							},
							{
								"name": "Underground \nitem",
								"access_rules": [
										"$kill_stalfos, $hit_lever, $kill_goriyabros, [$get_bombs]"
									],
								"item_count": 1
							},
							{
								"name": "Chest in the way \nto Aquamentus",
								"access_rules": [
										"$use_seeds, emberseeds"
									],
								"item_count": 1
							},
							
							{
								"name": "Fertile \nSoil",
								"access_rules": [
								  "$use_seeds, emberseeds, $kill_aquamentus"
								],
								"hosted_item": "d1",
								"item_count": 0
							},
							  		
						],
						"map_locations": [
						  {
							"map": "holodrum",
							"x": 281,
							"y": 407
						  }
						]
					},
					{
						"name": "Unicorn's Cave",
						"access_rules": [
							"$enter_d5"
						],
						"sections": [
						  {
							"name": "East gibdo \nroom chest",
								"access_rules": [
									"$kill_normal, $max_jump:2",
									"$kill_normal, cape",
									"$kill_normal, flippers, $max_jump:1",
									"$kill_normal, magnet, [$get_bombs], $max_jump:1",
								],
							"item_count": 1
						  },
						  {
							"name": "Magnet glove \nchest",
							"access_rules": [
									"$hit_lever, $max_jump:4",
									"$hit_lever, flippers, $max_jump:1",
									"magnet, [$get_bombs], $max_jump:1, $flippers",
								],
							"item_count": 1
						  },
						  {
							"name": "Moving floor \nchest",
							"access_rules": [
									"$kill_moldorm, $kill_ironmask",
								],
							"item_count": 1
						  },
						  {
							"name": "First ball room \nchest",
							"access_rules": [
									"magnet",
									"$max_jump:2, [$get_bombs]",
									"cape, [$get_bombs]",
									"flippers, $max_jump:1, [$get_bombs]",
								],
							"item_count": 1
						  },
						  {
							"name": "Underground item \nafter midboss",
							"access_rules": [
								"$max_jump:3, magnet, $kill_syger, $kill_darknut",
								"$max_jump:2, flippers, magnet, $kill_syger, $kill_darknut",
							],
							"item_count": 1
						  },
						  
						  {
							"name": "Nurturing \nWarmth",
							"access_rules": [
								"$max_jump:3, magnet, $kill_syger, $kill_digdogger",
								"$max_jump:2, flippers, magnet, $kill_syger, $kill_digdogger",
							],
							"hosted_item": "d5",
							"item_count": 0
						  },
						],
						"map_locations": [
						  {
							"map": "holodrum",
							"x": 449,
							"y": 364
						  }
						]
					},
				]
			},
			{
				"name": "Eastern Suburbs",
				"access_rules": [
					"$suburbs"
				],
				"color": "#ff3c00",
				"children": [
					{
						"name": "Spring stairs",
						"sections": [
						  {
							"name": "Chest",
							"access_rules": [
								"spring, bracelet, $max_jump:2",
								"spring, bracelet, magnet",
								"suburbs_spring, bracelet, $max_jump:2",
								"suburbs_spring, bracelet, magnet",
							],
							"item_count": 1
						  }
						],
						"map_locations": [
						  {
							"map": "holodrum",
							"x": 534,
							"y": 534
						  }
						]
					},
					
					{
						"name": "Outside D2",
						"sections": [
						  {
							"name": "Lone chest",
							"access_rules": [
								"$d2_B",
							],
							"item_count": 1
						  },
						  {
							"name": "Mushroom cave chest",
							// This cave's specific logic sucks
							"access_rules": [
								"$mystery_tree, $destroy_mushroom, cape, wow_fall",
								"$mystery_tree, $destroy_mushroom, magnet, wow_fall",
								"$mystery_tree, $destroy_mushroom, cape, fall, ricky",
								"$mystery_tree, $destroy_mushroom, cape, fall, wow_summer",
								"$mystery_tree, $destroy_mushroom, magnet, fall, ricky",
								"$mystery_tree, $destroy_mushroom, magnet, fall, wow_summer",
								"$mystery_tree, $destroy_mushroom, cape, fall, $d2_B, bracelet",
								"$mystery_tree, $destroy_mushroom, magnet, fall, $d2_B, bracelet",
								
								"$mystery_tree, dimitri, cape, wow_fall",
								"$mystery_tree, dimitri, magnet, wow_fall",
								"$mystery_tree, dimitri, cape, fall, ricky",
								"$mystery_tree, dimitri, cape, fall, wow_summer",
								"$mystery_tree, dimitri, magnet, fall, ricky",
								"$mystery_tree, dimitri, magnet, fall, wow_summer",
								"$mystery_tree, dimitri, cape, fall, $d2_B, bracelet",
								"$mystery_tree, dimitri, magnet, fall, $d2_B, bracelet",
							],
							"item_count": 1
						  },
						],
						"map_locations": [
						  {
							"map": "holodrum",
							"x": 621,
							"y": 364
						  }
						]
					},
					{
						"name": "Snake's Remains",
						"access_rules": [
							"$enter_d2",
						],
						"sections": [
						  {
							"name": "Hole room \nchest",
							"access_rules": [
								"$d2_A",
								"$d2_B, $kill_rope, $kill_goriya, bracelet",
							],
							"item_count": 1
						  },
						  {
							"name": "Block rectangle \nchest",
							"access_rules": [
								"$d2_A, $kill_rope, $use_seeds, emberseeds",
								"$d2_B, $kill_rope, $kill_goriya, bracelet",
							],
							"item_count": 1
						  },
						  {
							"name": "Chest surrounded \nby pots",
							"access_rules": [
								"$d2_A, $kill_rope, $use_seeds, emberseeds, $destroy_pot",
								"$d2_B, bracelet, $destroy_pot",
							],
							"item_count": 1
						  },
						  {
							"name": "Bracelet \nchest",
							"access_rules": [
								"$d2_A, $kill_rope, $use_seeds, emberseeds, $kill_hardhat_pit, $kill_moblin_pit",
								"$d2_B, bracelet, $destroy_pot, $kill_hardhat_pit, $kill_moblin_pit",
							],
							"item_count": 1
						  },
						  {
							"name": "Chest before \nFaçade",
							"access_rules": [
								"$d2_A, $use_seeds, emberseeds, $kill_rope, $kill_goriya, bracelet, [$get_bombs]",
								"$d2_B, bracelet, [$get_bombs]",
							],
							"item_count": 1
						  },
						  {
							"name": "Chest east of \nmoving platforms",
							"access_rules": [
								"$d2_A, $use_seeds, emberseeds, $kill_rope, $kill_goriya, bracelet, [$get_bombs], $kill_facade",
								"$d2_B, bracelet, [$get_bombs], $kill_facade",
							],
							"item_count": 1
						  },
						  
						  {
							"name": "Gift \nof Time",
							"access_rules": [
								"$kill_dodongo, $d2_A, $use_seeds, emberseeds, $kill_rope, $kill_goriya, bracelet, [$get_bombs], $kill_facade",
								"$kill_dodongo, $d2_B, bracelet, [$get_bombs], $kill_facade",
							],
							"hosted_item": "d2",
							"item_count": 0
						  },
						],
						"map_locations": [
						  {
							"map": "holodrum",
							"x": 578,
							"y": 364
						  }
						]
					},
				]
			},
			{
				"name": "Woods of Winter",
				"color": "#ff3c00",
				"access_rules": [
						"$fairy_fountain, winter",
						"$fairy_fountain, suburbs_winter",
						"$sunken_city, flippers, winter",
						"$sunken_city, flippers, suburbs_winter",
					],
				"children": [
					{
						"name": "Moblin Road",
						"sections": [
						  {
							"name": "Bomb the cave open",
							"access_rules": [
								"[$get_bombs], $destroy_bush, wow_spring",
								"[$get_bombs], $destroy_bush, wow_summer",
								"[$get_bombs], $destroy_bush, wow_fall",
								"[$get_bombs], $destroy_bush, spring",
								"[$get_bombs], $destroy_bush, summer",
								"[$get_bombs], $destroy_bush, fall",
								"ricky, $destroy_bush, wow_spring",
								"ricky, $destroy_bush, wow_summer",
								"ricky, $destroy_bush, wow_fall",
								"ricky, $destroy_bush, spring",
								"ricky, $destroy_bush, summer",
								"ricky, $destroy_bush, fall",
							],
							"item_count": 1
						  },
						],
						"map_locations": [
						  {
							"map": "holodrum",
							"x": 578,
							"y": 322
						  }
						]
					},
					{
						"name": "Waterfall cave",
						"sections": [
						  {
							"name": "Chest between Sunken \nCity and Moblin Road",
							"access_rules": [
								"$max_jump:3",
								"flippers",
							],
							"item_count": 1
						  },
						],
						"map_locations": [
						  {
							"map": "holodrum",
							"x": 621,
							"y": 300
						  }
						]
					},
					{
						"name": "Holly's House",
						"sections": [
						  {
							"name": "Be Santa Claus",
							"access_rules": [
								"wow_winter", 
								"winter",
							],
							"item_count": 1
						  },
						],
						"map_locations": [
						  {
							"map": "holodrum",
							"x": 663,
							"y": 322
						  }
						]
					},
				]
			},
			{
				"name": "Holodrum Plain",
				"access_rules": [
					"$scent_tree"
				],
				"color": "#ff3c00",
				"children": [
					{
						"name": "Blaino",
						"sections": [
						  {
							"name": "(ง •̀_•́)ง",
							"item_count": 1
						  },
						],
						"map_locations": [
						  {
							"map": "holodrum",
							"x": 366,
							"y": 322
						  }
						]
					},
					{
						"name": "Cave behind mushrooms",
						"sections": [
						  {
							"name": "Upper ledge chest",
							"access_rules": [
								"flippers, $destroy_mushroom, plain_fall",
								"flippers, dimitri, plain_fall",
								
								"flippers, $destroy_mushroom, $plain_stump, fall",
								"flippers, dimitri, $plain_stump, fall",
							],
							"item_count": 1
						  },
						],
						"map_locations": [
						  {
							"map": "holodrum",
							"x": 323,
							"y": 364
						  }
						]
					},
					{
						"name": "Old man",
						"sections": [
						  {
							"name": "Round jewel item",
							"access_rules": [
								"flippers",
								"dimitri",
							],
							"item_count": 1
						  },
						],
						"map_locations": [
						  {
							"map": "holodrum",
							"x": 237,
							"y": 492
						  }
						]
					},
					{
						"name": "Flooded Cave",
						"sections": [
						  {
							"name": "Octo Ring chest",
							"access_rules": [
								"flippers",
							],
							"item_count": 1
						  },
						],
						"map_locations": [
						  {
							"map": "holodrum",
							"x": 152,
							"y": 492
						  }
						]
					},
				]
			},
			{
				"name": "Spool Swamp",
				"color": "#ff3c00",
				"children": [
					{
						"name": "Floodgate Keeper",
						"sections": [
						  {
							"name": "Flooded item",
							"access_rules": [
								"$pegasus_tree, $hit_lever",
							],
							"item_count": 1
						  },
						],
						"map_locations": [
						  {
							"map": "holodrum",
							"x": 109,
							"y": 279
						  }
						]
					},
					{
						"name": "Poison Moth's Lair",
						"access_rules": [
							"$enter_d3"
						],
						"sections": [
						  {
							"name": "Pols Voice \nchest",
							"access_rules": [
								"$kill_beetle",
							],
							"item_count": 1
						  },
						  {
							"name": "Secret bombable \nwall chest",
							"access_rules": [
								"$kill_beetle, [$get_bombs]",
							],
							"item_count": 1
						  },
						  {
							"name": "Feather \nchest",
							"access_rules": [
								"$kill_beetle, bracelet, $kill_mimic",
								"$kill_beetle, $max_jump:1, $kill_mimic",
							],
							"item_count": 1
						  },
						  {
							"name": "Water room \nchest",
							"access_rules": [
								"$kill_beetle, $bracelet",
								"$kill_beetle, $max_jump:1",
							],
							"item_count": 1
						  },
						  {
							"name": "Trampoline compass \nchest",
							"access_rules": [
								"$kill_beetle, $max_jump:1",
							],
							"item_count": 1
						  },
						  {
							"name": "Chest before \nOmuai",
							"access_rules": [
								"$kill_beetle, $max_jump:1",
							],
							"item_count": 1
						  },
						  {
							"name": "Far left chest \nafter Omuai",
							"access_rules": [
								"$kill_beetle, $kill_omuai, $max_jump:1",
							],
							"item_count": 1
						  },
						  
						  {
							"name": "Bright \nSun",
							"access_rules": [
								"$kill_beetle, $kill_omuai, $max_jump:1, $kill_mothula",
							],
							"hosted_item": "d3",
							"item_count": 0
						  },
						  
						],
						"map_locations": [
						  {
							"map": "holodrum",
							"x": 25,
							"y": 279
						  }
						]
					},
					{
						"name": "Square Jewel cave",
						"sections": [
						  {
							"name": "Square Jewel item",
							"access_rules": [
								"$south_swamp, swamp_winter, shovel, [$get_bombs]",
								"$south_swamp, swamp_winter, $any_flute, [$get_bombs]",
								"$south_swamp, swamp_winter, ricky",
								
								"$south_swamp, $swamp_stump, winter, shovel, [$get_bombs]",
								"$south_swamp, $swamp_stump, winter, $any_flute, [$get_bombs]",
								"$south_swamp, $swamp_stump, winter, ricky",
							],
							"item_count": 1
						  },
						],
						"map_locations": [
						  {
							"map": "holodrum",
							"x": 109,
							"y": 534
						  }
						]
					},
				]
			},
			{
				"name": "Natzu region",
				"color": "#ff3c00",
				"children": [
					{
						"name": "Lone staircase",
						"sections": [
						  {
							"name": "Moving platforms chest",
							"access_rules": [
								"$scent_tree, flippers",
								"$scent_tree, dimitri"
							],
							"item_count": 1
						  },
						  
						],
						"map_locations": [
						  {
							"map": "holodrum",
							"x": 407,
							"y": 195
						  }
						]
					},
					{
						"name": "Moblin's Keep",
						"sections": [
						  {
							"name": "Ruins chest",
							"access_rules": [
								"$sunken_city, bracelet"
							],
							"item_count": 1
						  },
						],
						"map_locations": [
						  {
							"map": "holodrum",
							"x": 493,
							"y": 237
						  }
						]
					},
				]
			},	
			{
				"name": "Sunken City Area",
				"color": "#ff3c00",
				
				"children": [
					{
						"name": "Waterfalls",
						"sections": [
						  {
							"name": "Master's Plaque \nchest",
							"access_rules": [
								"$sunken_city, dimitri, sword1, $max_jump:1",
								"$sunken_city, dimitri, sword1, flippers",
								"$dimitri_rescue, sword1, $max_jump:1",
								"$dimitri_rescue, sword1, flippers",
							],
							"item_count": 1
						  },
						  {
							"name": "The master \ndiver",
							"access_rules": [
								"$sunken_city, dimitri, plaque",
								"$dimitri_rescue, plaque",
							],
							"item_count": 1
						  },
						  {
							"name": "Chest opposite \nto the master",
							"access_rules": [
								"$sunken_city, dimitri",
								"$gale_tree, [$get_bombs]"
							],
							"item_count": 1
						  },
						],
						"map_locations": [
						  {
							"map": "holodrum",
							"x": 621,
							"y": 110
						  }
						]
					},
					{
						"name": "Sunken City cliffs",
						"sections": [
						  {
							"name": "Climb the vines",
							"access_rules": [
								"$sunken_city, $destroy_bush, flippers, sunken_summer",
								"$sunken_city, $destroy_bush, flippers, summer",
							],
							"item_count": 1
						  },
						],
						"map_locations": [
						  {
							"map": "holodrum",
							"x": 662,
							"y": 195
						  }
						]
					},
					{
						"name": "Mt. Cucko peak",
						"sections": [
						  {
							"name": "Banana",
							"access_rules": [
								
								"{$mount_cucco, spring, bracelet}",
								"{$mount_cucco, sunken_spring, bracelet}",	
								"$mount_cucco, spring, bracelet, $max_jump:1, sword1",
								"$mount_cucco, spring, bracelet, $max_jump:1, foolsore",
								"$mount_cucco, sunken_spring, bracelet, $max_jump:1, sword1",								
								"$mount_cucco, sunken_spring, bracelet, $max_jump:1, foolsore",								
								
							],
							"capture_item": true,
							"item_count": 1
						  },
						],
						"map_locations": [
						  {
							"map": "holodrum",
							"x": 662,
							"y": 25
						  }
						]
					},
					{
						"name": "Talon's Cave",
						"sections": [
						  {
							"name": "Chest past blocks",
							"access_rules": [
								"$talon_cave",	
							],
							"item_count": 1
						  },
						],
						"map_locations": [
						  {
							"map": "holodrum",
							"x": 493,
							"y": 68
						  }
						]
					},
					{
						"name": "Dancing Dragon Dungeon",
						"access_rules": [
								"$enter_d4",
							],
						"sections": [
						  {
							"name": "Chest before \nminecart",
							"access_rules": [
								"flippers",
								"$max_jump:4",
							],
							"item_count": 1
						  },
						  {
							"name": "Alternate path \nwest chest",
							"access_rules": [
								"flippers, [$get_bombs]",
								"$max_jump:4, [$get_bombs]",
							],
							"item_count": 1
						  },
						  {
							"name": "Chest in \nbombable wall",
							"access_rules": [
								"flippers, $max_jump:1, [$get_bombs]",
								"$max_jump:4, [$get_bombs]",
							],
							"item_count": 1
						  },
						  {
							"name": "Slingshot \nchest",
							"access_rules": [
								"flippers, $max_jump:1, [$get_bombs], $hit_lever, $kill_shroudedstalfos, $kill_likelike, $kill_watertektite, $kill_agunima",
							],
							"item_count": 1
						  },
						  {
							"name": "Dive in the \nright eye",
							"access_rules": [
								"flippers, $max_jump:1, [$get_bombs], $hit_lever, $kill_shroudedstalfos, $kill_likelike, $kill_watertektite, $kill_agunima, $hit_far_lever",
							],
							"item_count": 1
						  },
						  
						  {
							"name": "Soothing \nRain",
							"access_rules": [
								"flippers, $max_jump:2, [$get_bombs], $hit_lever, $kill_shroudedstalfos, $kill_likelike, $kill_watertektite, $kill_agunima, $shoot_seeds, emberseeds, $kill_wizzrobe_cart, $kill_gohma",
							],
							"hosted_item": "d4",
							"item_count": 0
						  },
						  
						],
						"map_locations": [
						  {
							"map": "holodrum",
							"x": 578,
							"y": 68
						  }
						]
					},
					{
						"name": "D4 Underwater passage",
						"sections": [
						  {
							"name": "Pyramid jewel item",
							"access_rules": [
								"$talon_cave, flippers",
							],
							"item_count": 1
						  },
						],
						"map_locations": [
						  {
							"map": "holodrum",
							"x": 598,
							"y": 50
						  }
						]
					},
				]
			},
			{
				"name": "Goron Mountain",
				"color": "#ff3c00",
				"children": [
					{
						"name": "Moosh area",
						"sections": [
						  {
							"name": "Dragon Key item",
							"access_rules": [
								"{$mount_cucco}",
								"$mount_cucco, banana",
								"$mount_cucco, moosh",
								"$mount_cucco, $max_jump:4",
							],
							"capture_item": true,
							"item_count": 1
						  },
						],
						"map_locations": [
						  {
							"map": "holodrum",
							"x": 449,
							"y": 68
						  }
						]
					},
					{
						"name": "Goron Caves",
						"sections": [
						  {
							"name": "Lava room chest",
							"access_rules": [
								"$goron_mountain, [$get_bombs], $max_jump:3",
							],
							"item_count": 1
						  },
						],
						"map_locations": [
						  {
							"map": "holodrum",
							"x": 386,
							"y": 88
						  }
						]
					},
				]
			},
			{
				"name": "Tarm Ruins",
				"access_rules": [
					"$tarm_ruins"
				],
				"color": "#ff3c00",
				"children": [
					{
						"name": "Noble Sword pedestal",
						"sections": [
						  {
							"name": "Winter->W->Fall->\nW->Spring->W->\nSummer->W",
							"access_rules": [
								"$destroy_mushroom, winter, spring, summer, fall"
							],
							"item_count": 1
						  },
						  
						],
						"map_locations": [
						  {
							"map": "holodrum",
							"x": 25,
							"y": 195
						  }
						]
					},
					{
						"name": "Tree behind mushrooms",
						"sections": [
						  {
							"name": "Chest down the stairs",
							"access_rules": [
								"$tarm_tree, $use_seeds, emberseeds",
								],
							"item_count": 1
						  },
						  
						],
						"map_locations": [
						  {
							"map": "holodrum",
							"x": 25,
							"y": 68
						  }
						]
					},
					{
						"name": "Ancient Ruins",
						"access_rules": [
								"$enter_d6",
							],
						"sections": [
						  {
							"name": "Crumbling \nfloor chest",
							"item_count": 1
						  },
						  {
							"name": "Moving platforms \nleft side chest",
							"access_rules": [
								"$max_jump:4",
								"$max_jump:1, magnet",
								],
							"item_count": 1
						  },
						  {
							"name": "Gibdo room \nchest",
							"access_rules": [
								"$max_jump:4",
								"$max_jump:2, magnet",
							],
							"item_count": 1
						  },
						  {
							"name": "Armos \nchest",
							"access_rules": [
								"$max_jump:4, [$get_bombs]",
								"$max_jump:2, magnet, [$get_bombs]",
							],
							"item_count": 1
						  },
						  {
							"name": "Magic Boomerang \nchest",
							"access_rules": [
								"$max_jump:4, [$get_bombs]",
								"$max_jump:2, magnet, [$get_bombs]",
							],
							"item_count": 1
						  },
						  {
							"name": "Chest past \nthe Ropes",
							"access_rules": [
							],
							"item_count": 1
						  },
						  {
							"name": "Crystals room \nchest",
							"item_count": 1
						  },
						  {
							"name": "Chest after \ntrap room",
							"access_rules": [
								"$destroy_crystal, $max_jump:2, magicboomerang, $use_seeds, emberseeds"
							],
							"item_count": 1
						  },
						  
						  {
							"name": "Blowing \nWind",
							"access_rules": [
								"$destroy_crystal, $max_jump:2, magicboomerang, $use_seeds, emberseeds, $kill_stalfos, $kill_vire, $kill_hardhat_magnet, $kill_manhandla"
							],
							"hosted_item": "d6",
							"item_count": 0
						  },

						],
						"map_locations": [
						  {
							"map": "holodrum",
							"x": 25,
							"y": 25
						  }
						]
					},
				]
			},
			{
				"name": "Samasa Desert",
				"access_rules": [
					"$desert"
				],
				"color": "#ff3c00",
				"children": [
					{
						"name": "Desert holes",
						"sections": [
						  {
							"name": "Rusty Bell item",
							"access_rules": [
								"bracelet"
							],
							"item_count": 1
						  },
						],
						"map_locations": [
						  {
							"map": "holodrum",
							"x": 621,
							"y": 580
						  }
						]
					},
					{
						"name": "Secret passage",
						"sections": [
						  {
							"name": "Blast Ring chest",
							"access_rules": [
								"flippers"
							],
							"item_count": 1
						  },
						],
						"map_locations": [
						  {
							"map": "holodrum",
							"x": 663,
							"y": 662
						  }
						]
					},
				]
			},
			{
				"name": "Temple Remains",
				"color": "#ff3c00",
				"children": [
					{
						
					},
				]
			},
		
		]
	},
	{
		"name": "Subrosia",
		"chest_unopened_img": "images/chest.png",
		"chest_opened_img": "images/chestopen.png",
		"children": [
			{
				"name": "Temple of Seasons",
				"color": "#ff3c00",
				"children": [
					{
						"name": "Main chamber",
						"sections": [
						  {
							"name": "Rod of Seasons item",
							"access_rules": [
								"$temple"
							],
							"item_count": 1
						  }
						],
						"map_locations": [
						  {
							"map": "subrosia",
							"x": 204,
							"y": 12
						  }
						]
					},
					{
						"name": "Summer tower",
						"sections": [
						  {
							"name": "Summer spirit item",
							"access_rules": [
								"$beach, ribbon, bracelet"
							],
							"item_count": 1
						  }
						],
						"map_locations": [
						  {
							"map": "subrosia",
							"x": 182,
							"y": 12
						  }
						]
					},
					{
						"name": "Fall tower",
						"sections": [
						  {
							"name": "Fall spirit item",
							"access_rules": [
								"$furnace, $max_jump:1, bracelet"
							],
							"item_count": 1
						  }
						],
						"map_locations": [
						  {
							"map": "subrosia",
							"x": 225,
							"y": 12
						  }
						]
					},
					{
						"name": "Spring tower",
						"sections": [
						  {
							"name": "Spring spirit item",
							"access_rules": [
								"$hns, $max_jump:1"
							],
							"item_count": 1
						  }
						],
						"map_locations": [
						  {
							"map": "subrosia",
							"x": 182,
							"y": 54
						  }
						]
					},
					{
						"name": "Winter tower",
						"sections": [
						  {
							"name": "Winter spirit item",
							"access_rules": [
								"$temple, $hit_far_switch",
								"$temple, $max_jump:1"
							],
							"item_count": 1
						  }
						],
						"map_locations": [
						  {
							"map": "subrosia",
							"x": 225,
							"y": 54
						  }
						]
					},
					{
						"name": "Subrosian Smithy",
						"sections": [
						  {
							"name": "Deliver the Hard Ore",
							"access_rules": [
								"hardore"
							],
							"item_count": 1
						  }
						],
						"map_locations": [
						  {
							"map": "subrosia",
							"x": 75,
							"y": 75
						  }
						]
					},
				]
			},
			{
				"name": "Northern region",
				"color": "#ff3c00",
				"children": [
					{
						"name": "Subrosian dancing",
						"sections": [
						  {
							"name": "┏(-_-)┓┏(-_-)┛\n┗(-_- )┓┗(-_-)┛",
							"access_rules": [
								"$temple"
							],
							"item_count": 1
						  }
						],
						"map_locations": [
						  {
							"map": "subrosia",
							"x": 97,
							"y": 54
						  }
						]
					},
					{
						"name": "Rosa's world tour",
						"sections": [
						  {
							"name": "Open the cave",
							"access_rules": [
								"$beach, $bridge, $max_jump:1, ribbon"
							],
							"item_count": 1
						  }
						],
						"map_locations": [
						  {
							"map": "subrosia",
							"x": 54,
							"y": 33
						  }
						]
					},
					{
						"name": "Cave in the mountain",
						"sections": [
						  {
							"name": "Chest",
							"access_rules": [
								"$bridge"
							],
							"item_count": 1
						  }
						],
						"map_locations": [
						  {
							"map": "subrosia",
							"x": 33,
							"y": 33
						  }
						]
					},
				]
			},
			{
				"name": "Southern region",
				"color": "#ff3c00",
				"children": [
					{
						"name": "Subrosian seaside",
						"sections": [
						  {
							"name": "Star Ore item",
							"access_rules": [
								"$beach, shovel"
							],
							"item_count": 1
						  }
						],
						"map_locations": [
						  {
							"map": "subrosia",
							"x": 130,
							"y": 150
						  }
						]
					},
					{
						"name": "Subrosian market",
						"access_rules": [
								"$beach"
							],
						"sections": [
						  {
							"name": "Exchange \nStar Ore",
							"access_rules": [
								"{}", "starore"
							],
							"capture_item": true,
							"item_count": 1
						  },
						  {
							"name": "Second item \n(20 + 10 ember seeds)",
							"access_rules": [
								"{}", "[shovel], emberseeds",
							],
							"capture_item": true,
							"item_count": 1
						  },
						  {
							"name": "Fifth item \n(5)",
							"access_rules": [
								"{}", "[shovel]",
							],
							"capture_item": true,
							"item_count": 1
						  },
						],
						"map_locations": [
						  {
							"map": "subrosia",
							"x": 119,
							"y": 97
						  }
						]
					},
					{
						"name": "Flower Bomb area",
						"sections": [
						  {
							"name": "Red Ore chest",
							"access_rules": [
								"$furnace, cape",
								"$furnace, magnet"
							],
							"capture_item": true,
							"item_count": 1
						  }
						],
						"map_locations": [
						  {
							"map": "subrosia",
							"x": 182,
							"y": 118
						  }
						]
					},
					{
						"name": "Great Furnace",
						"sections": [
						  {
							"name": "Fuse the ores",
							"access_rules": [
								"$furnace, blueore, redore",
							],
							"item_count": 1
						  }
						],
						"map_locations": [
						  {
							"map": "subrosia",
							"x": 204,
							"y": 97
						  }
						]
					},
				]
			},
			{
				"name": "Western region",
				"color": "#ff3c00",
				"children": [
					{
						"name": "Subrosian Wilds",
						"sections": [
						  {
							"name": "Blue Ore chest",
							"access_rules": [
								"$hns, cape",
								"$hns, magnet",
							],
							"item_count": 1
						  }
						],
						"map_locations": [
						  {
							"map": "subrosia",
							"x": 33,
							"y": 97
						  }
						]
					},
					{
						"name": "Sword and Shield Maze",
						"access_rules": [
								"$portal_d8"
							],
						"sections": [
						  {
							"name": "Three eyes \nchest",
							"access_rules": [
								"$max_jump:1, slingshot2"
							],
							"item_count": 1
						  },
						  {
							"name": "Spike room \nchest",
							"access_rules": [
								"$destroy_pot, $shoot_seeds, $max_jump:2",
							],
							"item_count": 1
						  },
						  {
							"name": "Wait for \nthe Armos",
							"access_rules": [
								"$destroy_pot, $shoot_seeds, $max_jump:2, $kill_hardhat_magnet",
							],
							"item_count": 1
						  },
						  {
							"name": "Hyper Slingshot \nchest",
							"access_rules": [
								"$destroy_pot, $shoot_seeds, $max_jump:2, $kill_hardhat_magnet, magnet",
							],
							"item_count": 1
						  },
						  {
							"name": "Chest after \nPols Voice",
							"access_rules": [
								"$destroy_pot, $max_jump:3, $kill_hardhat_magnet, magnet, slingshot2, emberseeds, magicboomerang, $kill_keese, $kill_polsvoice_pit",
								"$destroy_pot, $max_jump:3, $kill_hardhat_magnet, magnet, slingshot2, emberseeds, $kill_keese, $kill_polsvoice_pit",
							],
							"item_count": 1
						  },
						  {
							"name": "Lava bomb \nchest",
							"access_rules": [
								"$destroy_pot, $max_jump:2, $kill_hardhat_magnet, magnet, slingshot2, emberseeds, magicboomerang, [$get_bombs], $kill_darknut",
								"$destroy_pot, $max_jump:2, $kill_hardhat_magnet, magnet, slingshot2, emberseeds, [$get_bombs], $kill_darknut",
							],
							"item_count": 1
						  },
						  
						  {
							"name": "Changing \nSeasons",
							"access_rules": [
								"$destroy_pot, $max_jump:2, $kill_hardhat_magnet, magnet, slingshot2, emberseeds, magicboomerang, [$get_bombs], $kill_darknut, $hit_lever, $kill_medusahead",
								"$destroy_pot, $max_jump:2, $kill_hardhat_magnet, magnet, slingshot2, emberseeds, [$get_bombs], $kill_darknut, $hit_lever, $kill_medusahead",
							],
							"hosted_item": "d8",
							"item_count": 0
						  },
						],
						"map_locations": [
						  {
							"map": "subrosia",
							"x": 12,
							"y": 12
						  }
						]
					},
				]
			},
		]
	}
]