﻿[
	{	
		"name": "Lynna City",
		"chest_unopened_img": "images/chest.png",
		"chest_opened_img": "images/chestopen.png",
		"color": "#0049bf",
		"children": [
			{
				"name": "Concert Screen",
				"sections": [
					{
						"name": "Impa's chest",
						"item_count": 1
					}
				],
				"map_locations": [
					{
						"map": "present",
						"x": 300,
						"y": 110
					}
				]
			},
			{
				"name": "Nayru's House",
				"sections": [
					{
						"name": "Basement item",
						"item_count": 1
					}
				],
				"map_locations": [
					{
						"map": "present",
						"x": 331,
						"y": 110
					}
				]
			},
			{
				"name": "Lynna City",
				"access_rules": [
							"$use_seeds, emberseeds",
							"currents"
						],
				"sections": [
					{
						"name": "Tree chest",
						"item_count": 1
					}
				],
				"map_locations": [
					{
						"map": "present",
						"x": 300,
						"y": 140
					}
				]
			},
			{
				"name": "Shop",
				"access_rules": [
							"{$lynna}",
						],
				"sections": [
					{
						"name": "150 rupee item",
						"capture_item": true,
						"item_count": 1
					}
				],
				"map_locations": [
					{
						"map": "present",
						"x": 269,
						"y": 205
					}
				]
			},
			{
				"name": "Mayor's house",
				"access_rules": [
							"hook2"
						],
				"sections": [
					{
						"name": "Pots chest",
						"item_count": 1
					}
				],
				"map_locations": [
					{
						"map": "present",
						"x": 237,
						"y": 173
					}
				]
			},
			{
				"name": "Maku Tree",
				"access_rules": [
							"$destroy_bush, shovel, $kill_hard",
							"echoes, shovel, $kill_hard",
							"$rescue_nayru_hard"
						],
				"sections": [
					{
						"name": "Save the waifu",
						"item_count": 1
					}
				],
				"map_locations": [
					{
						"map": "present",
						"x": 269,
						"y": 110
					},
					{
						"map": "past",
						"x": 269,
						"y": 110
					}
				]
			},
			
			{
				"name": "South Shore",
				"access_rules": [
							"flute_generic",
							"$shore, shovel"
						],
				"sections": [
					{
						"name": "Dig up the dirt",
						"item_count": 1
					}
				],
				"map_locations": [
					{
						"map": "present",
						"x": 269,
						"y": 299
					}
				]
			},
			{
				"name": "Balloon Guy",
				"access_rules": [
							"$pop_balloon, feather, $lynna, currents",
							"$pop_balloon, feather, $shore, shooter",
							"$pop_balloon, feather, rickygloves",
							"$pop_balloon, feather, $ricky",
						],
				"sections": [
					{
						"name": "Gift",
						"item_count": 1
					},
					{
						"name": "3 seeds upgrade",
						"access_rules": [
							"$use_seeds, $seed_number:3"
						],
						"item_count": 1
					},
				],
				"map_locations": [
					{
						"map": "present",
						"x": 300,
						"y": 237
					}
				]
			},
			
		]
	},
	
	{	
		"name": "Lynna Village + Palace",
		"chest_unopened_img": "images/chest_past.png",
		"chest_opened_img": "images/chestpastopen.png",
		"color": "#ff7700",
		"access_rules": [
			"$lynna"
		],
		"children": [
			{
				"name": "Black Tower",
				"sections": [
					{
						"name": "Worker gift",
						"item_count": 1
					}
				],
				"map_locations": [
					{
						"map": "past",
						"x": 206,
						"y": 237
					}
				]
			},
			{
				"name": "Ambi's Palace",
				"access_rules": [
					"$ambi_palace_hard"
				],
				"sections": [
					{
						"name": "Right side chest",
						"item_count": 1
					},
					{
						"name": "Rescue Nayru",
						"access_rules": [
							"$rescue_nayru_hard"
						],
						"item_count": 1
					},
				],
				"map_locations": [
					{
						"map": "past",
						"x": 206,
						"y": 17
					}
				]
			},
		]
	},

	{	
		"name": "Yoll Graveyard",
		"chest_unopened_img": "images/chest.png",
		"chest_opened_img": "images/chestopen.png",
		"color": "#0049bf",
		"access_rules": [
			"$use_seeds, emberseeds"
		],
		"children": [
			{
				"name": "Cheval's Grave",
				"sections": [
					{
						"name": "Test of speed",
						"capture_item": true,
						"access_rules": [
							"{flippers}",
							"{feather}",
							"bracelet, feather",
							"bracelet, flippers"
						],
						"item_count": 1
					},
					{
						"name": "Cheval's invention",
						"capture_item": true,
						"access_rules": [
							"{}",
							"flippers"
						],
						"item_count": 1
					},
				],
				"map_locations": [
					{
						"map": "present",
						"x": 363,
						"y": 173
					}
				]
			},
			{
				"name": "Grave Under Tree",
				"sections": [
					{
						"name": "Light the torches",
						"item_count": 1
					},
				],
				"map_locations": [
					{
						"map": "present",
						"x": 410,
						"y": 280
					}
				]
			},
			
			{
				"name": "Poe's grave",
				"access_rules": [
					"d1key, bracelet"
				],
				"sections": [
					{
						"name": "Clock gift",
						"item_count": 1
					},		  		
				],
				"map_locations": [
					{
						"map": "present",
						"x": 395,
						"y": 237
					}
				]
			},
			
			{
				"name": "Spirit's Grave",
				"access_rules": [
					"d1key"
				],
				"sections": [
				{
					"name": "Terrace \nchest",
					"access_rules": [
						"$kill_zol_hard"
					],
					"item_count": 1
				},
				{
					"name": "Crossroads \nchest",
					"access_rules": [
						"$kill_zol_hard"
					],
					"item_count": 1
				},
				{
					"name": "Secret room \nchest",
					"access_rules": [
						"$kill_zol_hard, $destroy_crystal"
					],
					"item_count": 1
				},
				{
					"name": "Moving platform \nchest",
					"access_rules": [
						"$kill_zol_hard, $kill_ghini_hard"
					],
					"item_count": 1
				},
				{
					"name": "Underground \nitem",
					"access_rules": [
						"$kill_zol_hard, $kill_ghini_hard, $destroy_bush, $kill_giantghini_hard",
						"$destroy_pot"
					],
					"item_count": 1
				},
				{
					"name": "West side \nitem",
					"access_rules": [
						"$destroy_pot"
					],
					"item_count": 1
				},
				{
					"name": "Pot \nitem",
					"access_rules": [
						"$destroy_pot"
					],
					"item_count": 1
				},
				{
					"name": "Eternal \nSpirit",
					"hosted_item": "d1",
					"access_rules": [
						"$kill_zol_hard, $kill_ghini_hard, $destroy_bush, d1bk, $kill_pumpkinhead_hard",
					],
					"item_count": 0
				},
				{
					"name": "D1 boss \nkey",
					"hosted_item": "d1bk",
					"item_count": 0
				},
							  		
				],
				"map_locations": [
					{
						"map": "present",
						"x": 425,
						"y": 267
					}
				]
			},
		]
	},
	
	{	
		"name": "Fairies' Woods",
		"chest_unopened_img": "images/chest.png",
		"chest_opened_img": "images/chestopen.png",
		"color": "#0049bf",
		"access_rules": [
			"$lynna, ages",
			"$lynna, bracelet",
			"$lynna, hook1, [satchel], [scentseeds]",
			"$lynna, flippers",
			"$lynna, $dimitri",
			
			// From Nuun
			"$lynna, currents, nuun_ricky, $destroy_bush, $hit_lever",
			"$lynna, currents, $moosh, $hit_lever",
			"$lynna, currents, nuun_moosh, feather, $hit_lever",
			"$lynna, currents, nuun_dimitri, $hit_lever"
		],
		"children": [
			{
				"name": "Fairies' Woods",
				"access_rules": [
					"bracelet, currents",
					"ages",
					"feather",
					"$ricky",
					"$moosh",
					"hook1"
				],
				"sections": [
					{
						"name": "Pit chest",
						"item_count": 1
					}
				],
				"map_locations": [
					{
						"map": "present",
						"x": 143,
						"y": 267
					}
				]
			},
		]
	},
	
	{	
		"name": "Deku Forest",
		"chest_unopened_img": "images/chest_past.png",
		"chest_opened_img": "images/chestpastopen.png",
		"color": "#ff7700",
		"access_rules": [
			"bracelet",
			"ages"
		],
		"children": [
			{
				"name": "Deku Forest",
				"sections": [
					{
						"name": "Side cave chest",
						"item_count": 1
					},
					{
						"name": "Mystery Seeds reward",
						"access_rules": [
							"mysteryseeds",
						],
						"item_count": 1
					},
				],
				"map_locations": [
					{
						"map": "past",
						"x": 80,
						"y": 237
					}
				]
			},
			{
				"name": "Path to the tree",
				"access_rules": [
					"bracelet, feather",
					"bracelet, hook1",
					"bracelet, emberseeds",
					"bracelet, ages"
				],
				"sections": [
					{
						"name": "Chest",
						"item_count": 1
					},
				],
				"map_locations": [
					{
						"map": "past",
						"x": 50,
						"y": 237
					}
				]
			},
			
			{
				"name": "Wing Dungeon",
				"access_rules": [
					"bombs",
					"currents"
				],
				"sections": [
					{
						"name": "Bomb wall \nchest",
						"access_rules": [
							"$kill_beetle_hard, bombs",
						],
						"item_count": 1
					},
					{
						"name": "Rope \nchest",
						"access_rules": [
							"$kill_beetle_hard, $kill_hard",
							"$kill_beetle_hard, $kill_hard",
						],
						"item_count": 1
					},
					{
						"name": "After \nthwomp",
						"access_rules": [
							"$kill_beetle_hard, $kill_swoop_hard, feather",
							
							"$kill_beetle_hard, $kill_hard, $kill_swoop_hard",
							"$kill_beetle_hard, $kill_hard, $kill_swoop_hard",
						],
						"item_count": 1
					},
					{
						"name": "Thwomp \nshelf",
						"access_rules": [
							"$kill_beetle_hard, $kill_swoop_hard, feather",
							"$kill_beetle_hard, $kill_hard, $kill_swoop_hard, satchel, pegasusseeds, cane",
						],
						"item_count": 1
					},
					{
						"name": "Moblin \nchest",
						"access_rules": [
							"$kill_beetle_hard, $kill_hard, $kill_swoop_hard, [bombs], feather",
						],
						"item_count": 1
					},
					{
						"name": "Color \nroom",
						"access_rules": [
							"$kill_beetle_hard, $kill_hard, $kill_swoop_hard, $hit_lever_minecart, [bombs], cane, feather",
							"$kill_beetle_hard, $kill_hard, $kill_swoop_hard, $hit_lever_minecart, [bombs], bracelet, feather",
							"$kill_beetle_hard, $kill_hard, $kill_swoop_hard, $hit_lever_minecart, [bombs], hook1, $push_enemy, feather",
						],
						"item_count": 1
					},
					{
						"name": "Ancient \nWood",
						"hosted_item": "d2",
						"access_rules": [
							"d2bk, $kill_beetle_hard, $kill_hard, $kill_swoop_hard, $hit_lever_minecart, [bombs], cane, feather",
							"d2bk, $kill_beetle_hard, $kill_hard, $kill_swoop_hard, $hit_lever_minecart, [bombs], bracelet, feather",
							"d2bk, $kill_beetle_hard, $kill_hard, $kill_swoop_hard, $hit_lever_minecart, [bombs], hook1, $push_enemy, feather",
						],
						"item_count": 0
					},	
					{
						"name": "D2 boss \nkey",
						"hosted_item": "d2bk",
						"item_count": 0
					},					
				],
				"map_locations": [
					{
						"map": "present",
						"x": 111,
						"y": 267
					},
					{
						"map": "past",
						"x": 111,
						"y": 267
					},
				]
			},
		]
	},
	
	{	
		"name": "Crescent Island",
		"chest_unopened_img": "images/chest_past.png",
		"chest_opened_img": "images/chestpastopen.png",
		"color": "#ff7700",
		"children": [
			{
				"name": "Crystal cave",
				"access_rules": [
					"$crescent_past, $destroy_bush, feather, shovel",
					"$crescent_past, $destroy_bush, feather, $destroy_crystal",
				],
				"sections": [
					{
						"name": "Chest",
						"item_count": 1
					}
				],
				"map_locations": [
					{
						"map": "past",
						"x": 363,
						"y": 364
					}
				]
			},
			{
				"name": "Bomb cave",
				"access_rules": [
					"$crescent_past, bracelet, bombs",
				],
				"sections": [
					{
						"name": "Chest",
						"item_count": 1
					}
				],
				"map_locations": [
					{
						"map": "past",
						"x": 425,
						"y": 395
					}
				]
			},
			{
				"name": "Wild Tokay",
				"access_rules": [
					"$crescent_past, bracelet, bombs",
				],
				"sections": [
					{
						"name": "Minigame reward",
						"item_count": 1
					}
				],
				"map_locations": [
					{
						"map": "past",
						"x": 425,
						"y": 364
					}
				]
			},
			{
				"name": "Hidden Tokay",
				"access_rules": [
					"$lynna, mermaidsuit",
				],
				"sections": [
					{
						"name": "Old planks",
						"item_count": 1
					}
				],
				"map_locations": [
					{
						"map": "past",
						"x": 300,
						"y": 425
					}
				]
			},
			{
				"name": "Pot cave",
				"access_rules": [
					"$crescent_past, hook2",
				],
				"sections": [
					{
						"name": "Chest",
						"item_count": 1
					}
				],
				"map_locations": [
					{
						"map": "past",
						"x": 425,
						"y": 425
					}
				]
			},
			
			{
				"name": "Under Crescent Island",
				"chest_unopened_img": "images/chest.png",
				"chest_opened_img": "images/chestopen.png",
				"color": "#0049bf",
				"access_rules": [
					"$lynna, mermaidsuit",
				],
				"sections": [
					{
						"name": "Labyrinth chest",
						"item_count": 1
					}
				],
				"map_locations": [
					{
						"map": "present",
						"x": 395,
						"y": 315
					}
				]
			},
			{
				"name": "Crescent Island tree",
				"access_rules": [
					"$crescent_past, bracelet, seedling",
				],
				"sections": [
					{
						"name": "Plant the seedling",
						"hosted_item": "crescenttree",
						"item_count": 0
					}
				],
				"map_locations": [
					{
						"map": "past",
						"x": 395,
						"y": 330
					}
				]
			},
			
			{
				"name": "Moonlit Grotto",
				"chest_unopened_img": "images/chest.png",
				"chest_opened_img": "images/chestopen.png",
				"color": "#0049bf",
				"access_rules": [
					"$crescent_present",
				],
				"sections": [
					{
						"name": "Pols Voice \nchest",
						"access_rules": [
							"bombs",
						],
						"item_count": 1
					},
					{
						"name": "Armos \nchest",
						"access_rules": [
							"bombs, $kill_moldorm_hard",
						],
						"item_count": 1
					},
					{
						"name": "Bush room \nchest",
						"access_rules": [
							"bombs, $kill_moldorm_hard",
						],
						"item_count": 1
					},
					{
						"name": "Seed Shooter \nchest",
						"access_rules": [
							"bombs, $kill_moldorm_hard",
						],
						"item_count": 1
					},
					{
						"name": "Fallen spinner \nchest",
						"access_rules": [
							"bombs, $kill_moldorm_hard, shooter",
							"bombs, $kill_moldorm_hard, boomerang",
							"bombs, $kill_moldorm_hard, hook1",
						],
						"item_count": 1
					},
					{
						"name": "Torch \nchest",
						"access_rules": [
							"bombs, $kill_moldorm_hard, shooter, emberseeds",
							"bombs, $kill_moldorm_hard, shooter, mysteryseeds",
						],
						"item_count": 1
					},
					{
						"name": "Bridge \nchest",
						"access_rules": [
							"bombs, $kill_moldorm_hard, shooter",
							"bombs, $kill_moldorm_hard, $max_jump:2",
						],
						"item_count": 1
					},
					{
						"name": "Right side \nchest",
						"access_rules": [
							"bombs, $kill_moldorm_hard, $kill_subterror_hard, shooter",
						],
						"item_count": 1
					},
					{
						"name": "Echoing \nHowl",
						"hosted_item": "d3",
						"access_rules": [
							"d3bk, bombs, $kill_moldorm_hard, shooter, emberseeds, [$kill_subterror_hard]",
							"d3bk, bombs, $kill_moldorm_hard, shooter, scentseeds, [$kill_subterror_hard]",
							
							"d3bk, bombs, $kill_moldorm_hard, satchel, feather, boomerang, emberseeds, [$kill_subterror_hard]",
							"d3bk, bombs, $kill_moldorm_hard, satchel, feather, sword, emberseeds, [$kill_subterror_hard]",
							"d3bk, bombs, $kill_moldorm_hard, satchel, feather, hook1, emberseeds, [$kill_subterror_hard]",
							"d3bk, bombs, $kill_moldorm_hard, satchel, feather, boomerang, scentseeds, [$kill_subterror_hard]",
							"d3bk, bombs, $kill_moldorm_hard, satchel, feather, sword, scentseeds, [$kill_subterror_hard]",
							"d3bk, bombs, $kill_moldorm_hard, satchel, feather, hook1, scentseeds, [$kill_subterror_hard]",
						],
						"item_count": 0
					},
					{
						"name": "D3 boss \nkey",
						"hosted_item": "d3bk",
						"item_count": 0
					},		  		
				],
				"map_locations": [
					{
						"map": "present",
						"x": 331,
						"y": 362
					},
				]
			},
		]
	},
	
	{	
		"name": "Nuun Highlands",
		"chest_unopened_img": "images/chest.png",
		"chest_opened_img": "images/chestopen.png",
		"color": "#0049bf",
		"access_rules": [
			"$nuun_hard"
		],
		"children": [
			// Moosh workers
			{	
				"name": "Rescue the carpenters (Moosh)",
				"access_rules": [
					"$moosh",
					"nuun_moosh, currents",
				],
				"sections": [
					{
						"name": "(4, 7)",
						"hosted_item": "carpenter1",
						"item_count": 0
					}
				],
				"map_locations": [
					{
						"map": "present",
						"x": 206,
						"y": 50
					},
					{
						"map": "past",
						"x": 206,
						"y": 50
					},
				]
			},
			{	
				"name": "Rescue the carpenters (Moosh)",
				"access_rules": [
					"$moosh",
					"nuun_moosh, currents",
				],
				"sections": [
					{
						"name": "(8, 7)",
						"hosted_item": "carpenter2",
						"item_count": 0
					}
				],
				"map_locations": [
					{
						"map": "present",
						"x": 237,
						"y": 50
					},
					{
						"map": "past",
						"x": 237,
						"y": 50
					},
				]
			},
			{	
				"name": "Rescue the carpenters (Moosh)",
				"access_rules": [
					"$moosh",
					"nuun_moosh, currents",
				],
				"sections": [
					{
						"name": "(5, 7)",
						"hosted_item": "carpenter3",
						"item_count": 0
					}
				],
				"map_locations": [
					{
						"map": "present",
						"x": 237,
						"y": 80
					},
					{
						"map": "past",
						"x": 237,
						"y": 80
					},
				]
			},

			// Ricky workers
			{	
				"name": "Rescue the carpenters (Ricky)",
				"access_rules": [
					"$ricky",
					"nuun_ricky, currents",
				],
				"sections": [
					{
						"name": "(4, 3)",
						"hosted_item": "carpenter1",
						"item_count": 0
					}
				],
				"map_locations": [
					{
						"map": "present",
						"x": 206,
						"y": 50
					},
					{
						"map": "past",
						"x": 206,
						"y": 50
					},
				]
			},
			{	
				"name": "Rescue the carpenters (Ricky)",
				"access_rules": [
					"$ricky",
					"nuun_ricky, currents",
				],
				"sections": [
					{
						"name": "(4, 7)",
						"hosted_item": "carpenter2",
						"item_count": 0
					}
				],
				"map_locations": [
					{
						"map": "present",
						"x": 237,
						"y": 80
					},
					{
						"map": "past",
						"x": 237,
						"y": 80
					},
				]
			},
			{	
				"name": "Rescue the carpenters (Ricky)",
				"access_rules": [
					"$ricky",
					"nuun_ricky, currents",
				],
				"sections": [
					{
						"name": "(5, 3)",
						"hosted_item": "carpenter3",
						"item_count": 0
					}
				],
				"map_locations": [
					{
						"map": "present",
						"x": 206,
						"y": 80
					},
					{
						"map": "past",
						"x": 206,
						"y": 80
					},
				]
			},
			
			{	
				"name": "Rescue the carpenters (Dimitri)",
				"access_rules": [
					"$dimitri",
					"nuun_dimitri, currents",
				],
				"sections": [
					{
						"name": "(5, 3)",
						"hosted_item": "carpenter1",
						"item_count": 0
					}
				],
				"map_locations": [
					{
						"map": "present",
						"x": 206,
						"y": 80
					},
					{
						"map": "past",
						"x": 206,
						"y": 80
					},
				]
			},
			{	
				"name": "Rescue the carpenters (Dimitri)",
				"access_rules": [
					"$dimitri",
					"nuun_dimitri, currents",
				],
				"sections": [
					{
						"name": "(9, 6)",
						"hosted_item": "carpenter2",
						"item_count": 0
					}
				],
				"map_locations": [
					{
						"map": "present",
						"x": 237,
						"y": 110
					},
					{
						"map": "past",
						"x": 237,
						"y": 110
					},
				]
			},
			{	
				"name": "Rescue the carpenters (Dimitri)",
				"access_rules": [
					"$dimitri",
					"nuun_dimitri, currents",
				],
				"sections": [
					{
						"name": "(6, 5)",
						"hosted_item": "carpenter3",
						"item_count": 0
					}
				],
				"map_locations": [
					{
						"map": "present",
						"x": 237,
						"y": 50
					},
					{
						"map": "past",
						"x": 237,
						"y": 50
					},
				]
			},
			
			
			{	
				"name": "Nuun Highlands",
				"access_rules": [
					"$dimitri",
					"$moosh",
					"nuun_moosh, currents",
					"$ricky",
					"nuun_ricky, currents",
				],
				"sections": [
					{
						"name": "Cave chest",
						"item_count": 1
					}
				],
				"map_locations": [
					{
						"map": "present",
						"x": 237,
						"y": 95
					}
				]
			},
		]
	},
	
	{	
		"name": "Symmetry City",
		"chest_unopened_img": "images/chest_past.png",
		"chest_opened_img": "images/chestpastopen.png",
		"color": "#ff7700",
		"access_rules": [
			"$nuun_hard, currents",
			"$nuun_hard, flute_generic",
		],
		"children": [
			{
				"name": "Symmetry City",
				"access_rules": [
					"$destroy_bush, echoes",
				],
				"sections": [
					{
						"name": "Talk to the brothers",
						"item_count": 1
					},
				],
				"map_locations": [
					{
						"map": "past",
						"x": 112,
						"y": 30
					}
				]
			},
			
			{
				"name": "Tokkey's Composition",
				"access_rules": [
					"$destroy_bush, echoes, flippers",
				],
				"sections": [
					{
						"name": "Sick tunes",
						"item_count": 1
					},
				],
				"map_locations": [
					{
						"map": "past",
						"x": 50,
						"y": 17
					}
				]
			},
			
			{
				"name": "Talus Peaks",
				"chest_unopened_img": "images/chest.png",
				"chest_opened_img": "images/chestopen.png",
				"color": "#0049bf",
				"access_rules": [
					"ages",
					"$destroy_bush, currents, bracelet, flippers"
				],
				"sections": [
					{
						"name": "Chest before \nRestoration Wall",
						"item_count": 1
					},
				],
				"map_locations": [
					{
						"map": "past",
						"x": 112,
						"y": 205
					},
					{
						"map": "present",
						"x": 112,
						"y": 205
					}
				]
			},
			
			{
				"name": "Patch",
				"access_rules": [
					"$patch_nut_hard, tuninut, ages",
					"$patch_nut_hard, tuninut, $destroy_bush, currents, bracelet, flippers"
				],
				"sections": [
					{
						"name": "Restore \nthe nut",
						"hosted_item": "repairednut",
						"item_count": 0
					},
				],
				"map_locations": [
					{
						"map": "past",
						"x": 112,
						"y": 112
					},
				]
			},
			
			{
				"name": "Skull Dungeon",
				"chest_unopened_img": "images/chest.png",
				"chest_opened_img": "images/chestopen.png",
				"color": "#0049bf",
				"access_rules": [
					"repairednut"
				],
				"sections": [
					{
						"name": "Zol \nchest",
						"access_rules": [
							"$kill_stalfos_hard, feather",
							"$kill_stalfos_hard, hook1",
							"$push_enemy, feather",
							"$push_enemy, hook1",
						],
						"item_count": 1
					},
					{
						"name": "Minecart \nchest",
						"access_rules": [
							"$kill_stalfos_hard, feather, $hit_lever",
							"$push_enemy, feather, $hit_lever",
						],
						"item_count": 1
					},
					{
						"name": "Floor puzzle \nreward",
						"access_rules": [
							"$kill_stalfos_hard, feather, $hit_lever, shooter, bracelet, scentseeds, bombs",
							"$kill_stalfos_hard, feather, $hit_lever, shooter, bracelet, emberseeds, bombs",
							"$kill_stalfos_hard, feather, $hit_lever, shooter, bracelet, galeseeds, bombs",
							
							"$kill_stalfos_hard, feather, $hit_lever, boomerang, bracelet, bombs, sword1",
							"$kill_stalfos_hard, feather, $hit_lever, boomerang, bracelet, satchel, scentseeds, bombs",
						],
						"item_count": 1
					},
					{
						"name": "Extremely out of \nthe way chest",
						"access_rules": [
							"$kill_stalfos_hard, feather, $hit_lever, shooter, bracelet, emberseeds, hook1",
							"$kill_stalfos_hard, feather, $hit_lever, shooter, bracelet, scentseeds, hook1",
							"$kill_stalfos_hard, feather, $hit_lever, shooter, bracelet, galeseeds, hook1",
							
							"$kill_stalfos_hard, feather, $hit_lever, boomerang, bracelet, sword1, hook1",
							"$kill_stalfos_hard, feather, $hit_lever, boomerang, bracelet, satchel, scentseeds, hook1",
						],
						"item_count": 1
					},
					{
						"name": "Burning \nFlame",
						"hosted_item": "d4",
						"access_rules": [
							"d4bk, $kill_stalfos_hard, feather, $hit_lever, shooter, bracelet, hook1, sword1",
							"d4bk, $kill_stalfos_hard, feather, $hit_lever, boomerang, satchel, scentseeds, bracelet, hook1",
						],
						"item_count": 0
					},
					{
						"name": "D4 boss \nkey",
						"hosted_item": "d4bk",
						"item_count": 0
					},					
				],
				"map_locations": [
					{
						"map": "present",
						"x": 112,
						"y": 17
					},
				]
			},
		]
	},
	
	{	
		"name": "Rolling Ridge West",
		"chest_unopened_img": "images/chest.png",
		"chest_opened_img": "images/chestopen.png",
		"color": "#0049bf",
		"children": [
			{
				"name": "Goron Elder",
				"chest_unopened_img": "images/chest_past.png",
				"chest_opened_img": "images/chestpastopen.png",
				"color": "#ff7700",
				"access_rules": [
					"bombflower, feather, hook1",
					"bombflower, ages, hook1",
				],
				"sections": [
					{
						"name": "Blast him open",
						"item_count": 1
					}
				],
				"map_locations": [
					{
						"map": "past",
						"x": 269,
						"y": 80
					}
				]
			},
			{
				"name": "Rolling Ridge entrance",
				"access_rules": [
					"$west_ridge_present",
				],
				"sections": [
					{
						"name": "Bomb the \neast wall",
						"access_rules": [
							"bombs",
						],
						"item_count": 1
					},
					{
						"name": "Stairs \nchest",
						"item_count": 1
					},
					{
						"name": "Surface \nstairs",
						"item_count": 1
					},
				],
				"map_locations": [
					{
						"map": "present",
						"x": 269,
						"y": 65
					}
				]
			},
			{
				"name": "Moblin Keep",
				"access_rules": [
					"$west_ridge_present",
				],
				"sections": [
					{
						"name": "Lower floor chest",
						"access_rules": [
							"feather, flippers",
						],
						"item_count": 1
					},
					{
						"name": "Defeat the boss",
						"access_rules": [
							"satchel, pegasusseeds, bracelet",
						],
						"item_count": 1
					},
				],
				"map_locations": [
					{
						"map": "present",
						"x": 300,
						"y": 17
					}
				]
			},
			
			{
				"name": "Crown Dungeon",
				"access_rules": [
					// Vanilla way, by beating Moblin Keep
					"$west_ridge_present, satchel, pegasusseeds, bracelet, feather, d5key", 
					
					// From East Ridge
					"$lynna, feather, mermaidsuit, hook1, bracelet, currents, d5key",
					"$lynna, ages, mermaidsuit, hook1, d5key",
				],
				"sections": [
					{
						"name": "Chest before \n the boss",
						"access_rules": [
							"$kill_hard, $hit_switch",
						],
						"item_count": 1
					},
					{
						"name": "Color Statues \npuzzle",
						"access_rules": [
							"$kill_hard, $hit_switch, [$D5keys], shooter, emberseeds, feather",
						],
						"item_count": 1
					},
					{
						"name": "Diamonds \nchest",
						"access_rules": [
							"$kill_hard, $hit_switch, feather, bracelet, cane, hook1",
							"$kill_hard, $hit_switch, feather, bracelet, satchel, pegasusseeds, hook1",
						],
						"item_count": 1
					},
					{
						"name": "Red chest after \nspike room",
						"access_rules": [
							"$kill_hard, $hit_switch, [$D5keys_hard], feather, bracelet, cane, $hit_far_switch",
							"$kill_hard, $hit_switch, [$D5keys_hard], feather, bracelet, satchel, pegasusseeds, $hit_far_switch",
						],
						"item_count": 1
					},
					{
						"name": "Isolated owl \npuzzle chest",
						"access_rules": [
							"$kill_hard, $hit_switch, [$D5keys_hard], feather, bracelet, cane, $hit_far_switch",
							"$kill_hard, $hit_switch, [$D5keys_hard], feather, bracelet, satchel, pegasusseeds, $hit_far_switch",
						],
						"item_count": 1
					},
					{
						"name": "Sacred \nSoil",
						"access_rules": [
							"d5bk, $kill_hard, $hit_switch, sword1, cane",
						],
						"hosted_item": "d5",
						"item_count": 0
					},
					{
						"name": "D5 boss \nkey",
						"hosted_item": "d5bk",
						"item_count": 0
					},					
				],
				"map_locations": [
					{
						"map": "present",
						"x": 330,
						"y": 17
					},
				]
			},
		]
	},
	
	{	
		"name": "Rolling Ridge East (Present)",
		"chest_unopened_img": "images/chest.png",
		"chest_opened_img": "images/chestopen.png",
		"color": "#0049bf",
		"children": [
			{
				"name": "Goron caves (present)",
				"sections": [
					{
						"name": "Goron \nDancing",
						"access_rules": [
							//from Lynna, swimming
							"$lynna, feather, mermaidsuit, currents",
							"$lynna, ages, mermaidsuit",
							
							//from the upper cave
							"$west_ridge_present, satchel, pegasusseeds, bracelet, feather",
						],
						"item_count": 1
					},
					{
						"name": "Trade the Brisket \nwith the stairs Goron",
						"access_rules": [
							//from Lynna, swimming
							"$lynna, feather, mermaidsuit, currents, emblem, brisket",
							"$lynna, ages, mermaidsuit, emblem, brisket",
							
							//from the upper cave
							"$west_ridge_present, satchel, pegasusseeds, bracelet, feather, emblem, brisket",
						],
						"item_count": 1
					},
					{
						"name": "Diamonds \nChest",
						"access_rules": [
							//from Lynna, swimming
							"$lynna, feather, mermaidsuit, currents, hook1",
							"$lynna, feather, mermaidsuit, currents, emblem, $max_jump:2",
							"$lynna, ages, mermaidsuit, hook1",
							
							//from the upper cave, requires emblem
							"$west_ridge_present, satchel, pegasusseeds, bracelet, feather, currents, hook1",
							"$west_ridge_present, satchel, pegasusseeds, bracelet, feather, currents, $max_jump:2",
						],
						"item_count": 1
					},
					{
						"name": "Big Bang \nminigame",
						"access_rules": [
							//from Lynna, swimming
							"$lynna, feather, mermaidsuit, currents, hook1, goronade",
							"$lynna, feather, mermaidsuit, currents, emblem, $max_jump:2, goronade",
							"$lynna, ages, mermaidsuit, hook1, goronade",
							
							//from the upper cave, requires emblem
							"$west_ridge_present, satchel, pegasusseeds, bracelet, feather, currents, hook1, goronade",
							"$west_ridge_present, satchel, pegasusseeds, bracelet, feather, currents, $max_jump:2, goronade",
						],
						"item_count": 1
					},
					{
						"name": "Highest floor \nchest",
						"access_rules": [
							//from Lynna, swimming
							"$lynna, feather, mermaidsuit, currents, hook1",
							"$lynna, feather, mermaidsuit, currents, emblem, $max_jump:2",
							"$lynna, ages, mermaidsuit, hook1",
							
							//from the upper cave, requires emblem
							"$west_ridge_present, satchel, pegasusseeds, bracelet, feather, currents, hook1",
							"$west_ridge_present, satchel, pegasusseeds, bracelet, feather, currents, $max_jump:2",
						],
						"item_count": 1
					},
				],

				"map_locations": [
					{
						"map": "present",
						"x": 425,
						"y": 95
					}
				]
			},
			{
				"name": "Target carts minigame",
				"access_rules": [
					//from Lynna, swimming
					"$lynna, feather, mermaidsuit, currents, emblem, hook1, currents",
					"$lynna, ages, mermaidsuit, hook1",
							
					//from the upper cave, requires emblem
					"$west_ridge_present, satchel, pegasusseeds, bracelet, feather, hook1, currents",
				],
				"sections": [
					{
						"name": "First reward",
						"item_count": 1
					},
					{
						"name": "Second reward",
						"item_count": 1
					},
				],

				"map_locations": [
					{
						"map": "present",
						"x": 425,
						"y": 49
					}
				]
			},
			{
				"name": "D6 entrance",
				"access_rules": [
					"$lynna, feather, mermaidsuit, currents",
					"$lynna, ages, mermaidsuit",
				],
				"sections": [
					{
						"name": "Underwater chest",
						"item_count": 1
					},
				],

				"map_locations": [
					{
						"map": "present",
						"x": 380,
						"y": 95
					}
				]
			},
			{
				"name": "Mermaid's Cave (Present)",
				"access_rules": [
					//from Lynna, swimming
					"d6keyold, $lynna, feather, mermaidsuit, currents",
					"d6keyold, $lynna, ages, mermaidsuit",
							
					//from the upper cave
					"d6keyold, $west_ridge_present, satchel, pegasusseeds, bracelet, feather",
				],
				"sections": [
					{
						"name": "Diamonds \nchest",
						"access_rules": [
							"hook1"
						],
						"item_count": 1
					},
					{
						"name": "Chest after \nVire",
						"access_rules": [
							"d6key, bombs, [$D6keys_hard], hook1, cane, flippers",
							"d6key, bombs, [$D6keys_hard], hook1, cane, $max_jump:2"
						],
						"item_count": 1
					},
					{
						"name": "Water channel \nchest",
						"access_rules": [
							"d6key, bombs, shooter, emberseeds, [$D6keys_hard], hook1"
						],
						"item_count": 1
					},
					{
						"name": "Beamos \nchest",
						"access_rules": [
							"d6key, bombs, shooter, emberseeds, flippers, feather",
							"d6key, bombs, shooter, emberseeds, [$D6keys_hard], hook1, feather",
						],
						"item_count": 1
					},
					{
						"name": "RNG levers \nchest",
						"access_rules": [
							"d6key, bombs, shooter, emberseeds, [$D6keys_hard], flippers, feather, bracelet, sword1",
							"d6key, bombs, shooter, emberseeds, [$D6keys_hard], flippers, feather, bracelet, cane",
							"d6key, bombs, shooter, emberseeds, [$D6keys_hard], hook1, feather",
						],
						"item_count": 1
					},
					{
						"name": "D6 boss \nkey",
						"hosted_item": "d6bk",
						"item_count": 0
					},
				],

				"map_locations": [
					{
						"map": "present",
						"x": 395,
						"y": 110
					}
				]
			},
		]
	},
	
	{	
		"name": "Rolling Ridge East (Past)",
		"chest_unopened_img": "images/chest_past.png",
		"chest_opened_img": "images/chestpastopen.png",
		"color": "#ff7700",
		"children": [
			{
				"name": "Goron caves (past)",
				"sections": [
					{
						"name": "Dancing with \nthe Letter",
						"access_rules": [
							//from Lynna, swimming
							"$lynna, feather, mermaidsuit, letter",
							"$lynna, ages, mermaidsuit, letter",
							
							//from the upper cave, requires emblem
							"$west_ridge_present, satchel, pegasusseeds, bracelet, feather, echoes, letter",
						],
						"item_count": 1
					},
					{
						"name": "Trade the Vase \nwith the stairs Goron",
						"access_rules": [
							//from Lynna, swimming
							"$lynna, feather, mermaidsuit, emblem, vase",
							"$lynna, ages, mermaidsuit, emblem, vase",
							
							//from the upper cave, requires emblem
							"$west_ridge_present, satchel, pegasusseeds, bracelet, feather, echoes, emblem, vase",
						],
						"item_count": 1
					},
					{
						"name": "Bush room \nchest",
						"access_rules": [
							//from Lynna, swimming
							"$lynna, feather, mermaidsuit, hook1",
							
							//from the upper cave, requires emblem
							"$west_ridge_present, satchel, pegasusseeds, bracelet, feather, echoes, hook1",
						],
						"item_count": 1
					},
					{
						"name": "Trade Lava Juice \nwith the bush Goron",
						"access_rules": [
							//from Lynna, swimming
							"$lynna, feather, mermaidsuit, lavajuice",
							
							//from the upper cave, requires emblem
							"$west_ridge_present, satchel, pegasusseeds, bracelet, feather, echoes, hook1, lavajuice",
						],
						"item_count": 1
					},
				],

				"map_locations": [
					{
						"map": "past",
						"x": 425,
						"y": 95
					}
				]
			},
			{
				"name": "East Ridge base",
				"access_rules": [
					//from Lynna, swimming
					"$lynna, feather, mermaidsuit",
					"$lynna, ages, mermaidsuit",
							
					//from the upper cave, requires emblem
					"$west_ridge_present, satchel, pegasusseeds, bracelet, feather",
				],
				"sections": [
					{
						"name": "Bombs chest",
						"access_rules": [
							"bombs"
						],
						"item_count": 1
					},
					{
						"name": "Diamonds chest",
						"access_rules": [
							"hook1"
						],
						"item_count": 1
					},
				],

				"map_locations": [
					{
						"map": "past",
						"x": 363,
						"y": 79
					}
				]
			},
			{
				"name": "Goron Head cave",
				"access_rules": [
					//from Lynna, swimming
					"$lynna, feather, mermaidsuit, hook1, bombs",
					"$lynna, ages, mermaidsuit, hook1, bombs",
							
					//from the upper cave, requires emblem
					"$west_ridge_present, satchel, pegasusseeds, bracelet, feather, bombs",
				],
				"sections": [
					{
						"name": "Chest",
						"item_count": 1
					},
				],

				"map_locations": [
					{
						"map": "past",
						"x": 425,
						"y": 17
					}
				]
			},
			{
				"name": "Shooting gallery",
				"access_rules": [
					//from Lynna, swimming
					"$lynna, feather, mermaidsuit, currents, emblem, hook1, sword1",
					"$lynna, ages, mermaidsuit, hook1, sword1",
							
					//from the upper cave, requires emblem
					"$west_ridge_present, satchel, pegasusseeds, bracelet, feather, hook1, sword1",
					"$west_ridge_present, satchel, pegasusseeds, bracelet, feather, currents, sword1",
				],
				"sections": [
					{
						"name": "100 points",
						"item_count": 1
					},
				],

				"map_locations": [
					{
						"map": "past",
						"x": 425,
						"y": 49
					}
				]
			},
			
			{
				"name": "Mermaid's Cave (Past)",
				"access_rules": [
					//from Lynna, swimming
					"d6key, $lynna, feather, mermaidsuit",
					"d6key, $lynna, ages, mermaidsuit",
							
					//from the upper cave, requires emblem?
					"d6key, $west_ridge_present, satchel, pegasusseeds, bracelet, feather, echoes",
				],
				"sections": [
					{
						"name": "Color room \nchest",
						"access_rules": [
							"feather, $kill_gel"
						],
						"item_count": 1
					},
					{
						"name": "Right side \nWizzrobe chest",
						"access_rules": [
							"bombs, $kill_wizzrobe_hard"
						],
						"item_count": 1
					},
					{
						"name": "Flooded room \nchest",
						"access_rules": [
							"bombs, $use_seeds, emberseeds, flippers"
						],
						"item_count": 1
					},
					{
						"name": "Underwater chest \nbefore boss",
						"access_rules": [
							"bombs, $openD6wall_hard, mermaidsuit"
						],
						"item_count": 1
					},
					{
						"name": "Lonely \nPeak",
						"access_rules": [
							"d6bk, bombs, $openD6wall_hard, mermaidsuit, hook1, shooter"
						],
						"item_count": 0,
						"hosted_item": "d6"
					},
					{
						"name": "D6 boss \nkey",
						"item_count": 0,
						"hosted_item": "d6bk"
					},
				],

				"map_locations": [
					{
						"map": "past",
						"x": 395,
						"y": 110
					}
				]
			},
		]
	},
	
	{	
		"name": "Zora Seas",
		"chest_unopened_img": "images/chest.png",
		"chest_opened_img": "images/chestopen.png",
		"color": "#0049bf",
		"access_rules": [
			"mermaidsuit, ages, hook1",
		],
		"children": [
			{
				"name": "Zora Village",
				"sections": [
					{
						"name": "Isolated chest",
						"item_count": 1
					}
				],
				"map_locations": [
					{
						"map": "present",
						"x": 17,
						"y": 393
					}
				]
			},
			{
				"name": "Island cave",
				"access_rules": [
					"bombs, powerglove",
				],
				"sections": [
					{
						"name": "Sarcophagus chest",
						"item_count": 1
					}
				],
				"map_locations": [
					{
						"map": "present",
						"x": 17,
						"y": 345
					}
				]
			},
			{
				"name": "Zora Palace",
				"sections": [
					{
						"name": "Entrance \nchest",
						"item_count": 1
					},
					{
						"name": "Cure King Zora \nin the past",
						"access_rules": [
							// Access to Syrup's Shop in Yoll Graveyard to buy a potion
							// In hard logic, this part is not necessary, just get it from Maple
						],
						"item_count": 1
					},
					{
						"name": "Present King Zora \npermission",
						"access_rules": [
							"cleanseas",
							"cleanseas"
						],
						"hosted_item": "enterjabu",
						"item_count": 0
					}
				],
				"map_locations": [
					{
						"map": "present",
						"x": 49,
						"y": 350
					}
				]
			},
			{
				"name": "Cursed fairy",
				"color": "#ff7700",
				"sections": [
					{
						"name": "Clean the seas",
						"hosted_item": "cleanseas",
						"access_rules": [
							"powder"
						],
						"item_count": 0
					},
				],
				"map_locations": [
					{
						"map": "past",
						"x": 142,
						"y": 330
					}
				]
			},
			{
				"name": "Fairy's coast",
				"sections": [
					{
						"name": "Lonely chest",
						"item_count": 1
					},
				],
				"map_locations": [
					{
						"map": "present",
						"x": 49,
						"y": 320
					}
				]
			},
			{
				"name": "Library (present)",
				"access_rules": [
					"librarykey",
				],
				"sections": [
					{
						"name": "Free item",
						"item_count": 1
					},
				],
				"map_locations": [
					{
						"map": "present",
						"x": 175,
						"y": 330
					}
				]
			},
			{
				"name": "Library (past)",
				"chest_unopened_img": "images/chest_past.png",
				"chest_opened_img": "images/chestpastopen.png",
				"color": "#ff7700",
				"access_rules": [
					"librarykey",
				],
				"sections": [
					{
						"name": "Not so free item",
						"capture_item": true,
						"access_rules": [
							"{}",
							"book",
							"satchel, pegasusseeds, bombs"
						],
						"item_count": 1
					},
				],
				"map_locations": [
					{
						"map": "past",
						"x": 175,
						"y": 330
					}
				]
			},
			{
				"name": "Zora Seas",
				"access_rules": [
					"cleanseas",
				],
				"sections": [
					{
						"name": "Lonely chest",
						"item_count": 1
					},
				],
				"map_locations": [
					{
						"map": "present",
						"x": 175,
						"y": 425
					}
				]
			},
			{
				"name": "Fisher's Island",
				"chest_unopened_img": "images/chest_past.png",
				"chest_opened_img": "images/chestpastopen.png",
				"color": "#ff7700",
				"access_rules": [
					"hook2",
				],
				"sections": [
					{
						"name": "Underwater cave",
						"item_count": 1
					},
				],
				"map_locations": [
					{
						"map": "past",
						"x": 175,
						"y": 393
					}
				]
			},
			
			{
				"name": "Jabu Jabu's Belly",
				"access_rules": [
					"enterjabu",
				],
				"sections": [
					{
						"name": "Crab \nchest",
						"access_rules": [
							"$kill_underwater_hard",
							"$refillD7, $kill_hard"
						],
						"item_count": 1
					},
					{
						"name": "Spikes \nchest",
						"access_rules": [
							"[$refillD7]"
						],
						"item_count": 1
					},
					{
						"name": "Pots \nchest",
						"access_rules": [
							"$refillD7, [cane]"
						],
						"item_count": 1
					},
					{
						"name": "Chest before \nmidboss",
						"access_rules": [
							"$refillD7",
							
						],
						"item_count": 1
					},
					{
						"name": "Chest after \nmidboss",
						"access_rules": [
							"$refillD7, feather, sword1",
							"$refillD7, feather, boomerang",
							"$refillD7, feather, shooter, scentseeds"
						],
						"item_count": 1
					},
					{
						"name": "3F past one \nkey door",
						"access_rules": [
							"$floodD7"
						],
						"item_count": 1
					},
					{
						"name": "3F past all \nkey doors",
						"access_rules": [
							"$floodD7, cane"
						],
						"item_count": 1
					},
					{
						"name": "Rolling \nSea",
						"access_rules": [
							"d7bk, $floodD7"
						],
						"item_count": 0,
						"hosted_item": "d7"
					},
					{
						"name": "D7 boss \nkey",
						"item_count": 0,
						"hosted_item": "d7bk"
					},
				],

				"map_locations": [
					{
						"map": "present",
						"x": 17,
						"y": 315
					}
				]
			},
			{
				"name": "After Jabu Jabu",
				"access_rules": [
					"d7"
				],
				"sections": [
					{
						"name": "Zora reward",
						"item_count": 1
					},
				],
				"map_locations": [
					{
						"map": "present",
						"x": 17,
						"y": 330
					}
				]
			},
			
		]
	},
	
	{	
		"name": "Sea of Storms/No Return",
		"chest_unopened_img": "images/chest_past.png",
		"chest_opened_img": "images/chestpastopen.png",
		"color": "#ff7700",
		"children": [
			{
				"name": "Sea of Storms",
				"access_rules": [
					"$lynna, mermaidsuit, zorascale",
				],
				"sections": [
					{
						"name": "Underwater cave",
						"item_count": 1
					}
				],
				"map_locations": [
					{
						"map": "past",
						"x": 237,
						"y": 393
					}
				]
			},
			{
				"name": "Pirate ship",
				"access_rules": [
					"$lynna, mermaidsuit, zorascale",
				],
				"sections": [
					{
						"name": "Captain's reward",
						"item_count": 1
					}
				],
				"map_locations": [
					{
						"map": "past",
						"x": 222,
						"y": 378
					}
				]
			},
			{
				"name": "Sea of No Return",
				"access_rules": [
					"$crescent_past, eyeball, $kill_hard, $destroy_pot, bombs, mermaidsuit, feather, powerglove",
				],
				"sections": [
					{
						"name": "Sarcophagus chest",
						"item_count": 1
					}
				],
				"map_locations": [
					{
						"map": "past",
						"x": 425,
						"y": 205
					}
				]
			},
			
			{
				"name": "Ancient Tomb",
				"access_rules": [
					"$crescent_past, eyeball, $kill_hard, $destroy_pot, bombs, cane, mermaidsuit, feather",
				],
				"sections": [
					{
						"name": "Ghini stairs \nchest",
						"access_rules": [
							"hook1, shooter, emberseeds",
						],
						"item_count": 1
					},
					{
						"name": "Blue pegs \nchest",
						"access_rules": [
							"hook1, shooter, emberseeds",
						],
						"item_count": 1
					},
					{
						"name": "Floor puzzle \nreward",
						"access_rules": [
							"hook1, shooter, emberseeds",
						],
						"item_count": 1
					},
					{
						"name": "Sarcophagus \nchest",
						"access_rules": [
							"hook1, shooter, emberseeds, powerglove",
						],
						"item_count": 1
					},
					{
						"name": "Lowest floor \ndiamonds chest",
						"access_rules": [
							"hook1, shooter, emberseeds, sword1, powerglove",
						],
						"item_count": 1
					},
					{
						"name": "Tile room \nchest",
						"access_rules": [
							"hook1, shooter, emberseeds, sword1, feather, powerglove",
						],
						"item_count": 1
					},
					{
						"name": "Falling \nStar",
						"access_rules": [
							"d8bk, hook1, shooter, emberseeds, sword1, feather",
						],
						"item_count": 0,
						"hosted_item": "d8"
					},
					{
						"name": "D8 boss \nkey",
						"item_count": 0,
						"hosted_item": "d8bk"
					},
				],

				"map_locations": [
					{
						"map": "past",
						"x": 395,
						"y": 173
					}
				]
			},
		]
	},
]