﻿{
  "type": "array",
  "background": "#212121",
  "margin": "10",
  "content": [
    {
      "type": "array",
      "dropshadow": true,
      "orientation": "vertical",
      "content": [
        {
          "type": "itemgrid",
          "h_alignment": "center",
          "item_margin": "1,2",
          "item_size": 60,
          "rows": [
            [ "dreamnail", "monomon", "lurien", "herrah" ],
            [ "vengefulspirit", "desolatedive", "mothwingcloak", "crystalheart"],
            [ "mantisclaw", "monarchwings", "ismastear", "lumaflylantern"],
            [ "glowingwomb","elegy","markofpride","sporeshroom","weaversong" ]
          ]
        }
      ]
    }
  ]
}