﻿[
  // Crystal Heart
  {
    "name": "Crystal Heart",
    "type": "toggle",
    "img": "images/Crystal_Heart.png",
    "codes": "crystalheart,heart, superman, superdash"
  },
  // Ismas Tear
  {
    "name": "Ismas Tear",
    "type": "toggle",
    "img": "images/Ismas_Tear.png",
    "codes": "acidswim, tear,ismastear"
  },

  // Mantis Claw
  {
    "name": "Mantis Claw",
    "type": "toggle",
    "img": "images/Mantis_Claw.png",
    "codes": "mantisclaw, claw, walljump"
  },

  // Monarch Wings
  {
    "name": "Monarch Wings",
    "type": "toggle",
    "img": "images/Monarch_Wings.png",
    "codes": "monarchwings,wings,doublejump,airjump"
  },
  // Desolate Dive
  {
    "name": "Desolate Dive",
    "type": "toggle",
    "img": "images/Desolate_Dive.png",
    "codes": "desolatedive,dive,groundpound"
  },
  // Vengeful Spirit
  {
    "name": "Vengeful Spirit",
    "type": "toggle",
    "img": "images/Vengeful_Spirit.png",
    "codes": "fireballs,fireball,vs,vengefulspirit,spirit"
  },
  // Dream Nail
  {
    "name": "Dream Nail",
    "type": "toggle",
    "img": "images/Dream_Nail.png",
    "codes": "dreamnail, dreamslicer, dreamblade"
  },
  // Lumafly lantern
  {
    "name": "Lumafly Lantern",
    "type": "toggle",
    "img": "images/Lumafly_Lantern.png",
    "codes": "lamp,lightsource,lantern,lumaflylantern"
  },
  // Simple Key
  {
    "name": "Simple Key",
    "type": "toggle",
    "img": "images/Simple_Key.png",
    "codes": "key,smolkey,simplekey"
  },

  // Glowing Womb Charm
  {
    "name": "Glowing Womb Charm",
    "type": "toggle",
    "img": "images/Glowing_Womb.png",
    "codes": "glowingwomb, wombcharm, womb"
  },
  // Grubberflys Elegy
  {
    "name": "Grubberflys Elegy",
    "type": "toggle",
    "img": "images/Elegy.png",
    "codes": "grubberflyselegy,elegy,elegycharm"
  },
  // Mark of Pride Charm
  {
    "name": "Mark of Pride Charm",
    "type": "toggle",
    "img": "images/Mark_of_Pride.png",
    "codes": "markofpride,mantisrespect,pridecharm"
  },
  // Spore Shroom Charm
  {
    "name": "Spore Shroom Charm",
    "type": "toggle",
    "img": "images/Spore_Shroom.png",
    "codes": "sporeshroom,shroomcharm,sporecharm,sporeshroomcharm"
  },
  // Weaversong Charm
  {
    "name": "Weaversong Charm",
    "type": "toggle",
    "img": "images/Weaversong.png",
    "codes": "weaversong, weaversongcharm"
  },
  // Progressive Cloaks
  {
    "name": "Cloaks",
    "type": "progressive",
    "stages": [
      {
        "img": "images/Mothwing_Cloak.png",
        "codes": "mothwingcloak,dash1,cloak,mothwing"
      },
      {
        "img": "images/Shade_Cloak.png",
        "codes": "shadecloak,shadowdash,dash2"
      }
    ]
  },
  // Herrah
  {
    "name": "Herrah",
    "type": "toggle",
    "img": "images/beast.png",
    "codes": "herrah, beast, thebeast"
  },
  // Lurien
  {
    "name": "Lurien",
    "type": "toggle",
    "img": "images/watcher.png",
    "codes": "lurien, watcher, thewatcher"
  },
  // Monomon
  {
    "name": "Monomon",
    "type": "toggle",
    "img": "images/teacher.png",
    "codes": "monomon, teacher, theteacher"
  },


  // Progressive Nail
  {
    "name": "nail",
    "type": "progressive",
    "allow_disabled": false,
    "stages": [
      {
        "img": "images/Nail_1.png",
        "codes": "nail0, sword0, oldnail"
      },
      {
        "img": "images/Nail_2.png",
        "codes": "nail1, sword1, sharpened"
      },
      {
        "img": "images/Nail_3.png",
        "codes": "nail2, sword2, channeled"
      },
      {
        "img": "images/Nail_4.png",
        "codes": "nail3, sword3, coiled"
      },
      {
        "img": "images/Nail_5.png",
        "codes": "nail4, sword4, purenail"
      }
    ]
  },


]