﻿[
	{	
		"name": "Lynna City",
		"chest_unopened_img": "images/chest.png",
		"chest_opened_img": "images/chestopen.png",
		"color": "#0049bf",
		"children": [
			{
				"name": "Concert Screen",
				"sections": [
					{
						"name": "Impa's chest",
						"item_count": 1
					}
				],
				"map_locations": [
					{
						"map": "present",
						"x": 300,
						"y": 110
					}
				]
			},
			{
				"name": "Nayru's House",
				"sections": [
					{
						"name": "Basement item",
						"item_count": 1
					}
				],
				"map_locations": [
					{
						"map": "present",
						"x": 331,
						"y": 110
					}
				]
			},
			{
				"name": "Lynna City",
				"access_rules": [
							"$use_seeds, emberseeds",
							"currents"
						],
				"sections": [
					{
						"name": "Tree chest",
						"item_count": 1
					}
				],
				"map_locations": [
					{
						"map": "present",
						"x": 300,
						"y": 140
					}
				]
			},
			{
				"name": "Shop",
				"access_rules": [
							"{$lynna}",
						],
				"sections": [
					{
						"name": "150 rupee item",
						"capture_item": true,
						"item_count": 1
					}
				],
				"map_locations": [
					{
						"map": "present",
						"x": 269,
						"y": 205
					}
				]
			},
			{
				"name": "Mayor's house",
				"access_rules": [
							"hook2"
						],
				"sections": [
					{
						"name": "Pots chest",
						"item_count": 1
					}
				],
				"map_locations": [
					{
						"map": "present",
						"x": 237,
						"y": 173
					}
				]
			},
			{
				"name": "Maku Tree",
				"access_rules": [
							"$destroy_bush_flute, shovel, $kill_hard",
							"echoes, shovel, $kill_hard",
							"$ambi_palace_hard, $rescue_nayru_hard"
						],
				"sections": [
					{
						"name": "Save the waifu",
						"item_count": 1
					}
				],
				"map_locations": [
					{
						"map": "present",
						"x": 269,
						"y": 110
					},
					{
						"map": "past",
						"x": 269,
						"y": 110
					}
				]
			},
			
			{
				"name": "South Shore",
				"access_rules": [
							"flute_generic",
							"$shore, shovel"
						],
				"sections": [
					{
						"name": "Dig up the dirt",
						"item_count": 1
					}
				],
				"map_locations": [
					{
						"map": "present",
						"x": 269,
						"y": 299
					}
				]
			},
			{
				"name": "Balloon Guy",
				"access_rules": [
							"$pop_balloon, feather, $lynna, currents",
							"$pop_balloon, feather, $shore, shooter",
							"$pop_balloon, feather, $shore, satchel, pegasusseeds, boomerang",
							"$pop_balloon, feather, $shore, bombs, boomerang",
							"$pop_balloon, feather, rickygloves",
							"$pop_balloon, feather, $ricky",
						],
				"sections": [
					{
						"name": "Gift",
						"item_count": 1
					},
					{
						"name": "3 seeds upgrade",
						"access_rules": [
							"$use_seeds, $seed_number:3"
						],
						"item_count": 1
					},
				],
				"map_locations": [
					{
						"map": "present",
						"x": 300,
						"y": 237
					}
				]
			},
			
		]
	},
	
	{	
		"name": "Lynna Village + Palace",
		"chest_unopened_img": "images/chest_past.png",
		"chest_opened_img": "images/chestpastopen.png",
		"color": "#ff7700",
		"access_rules": [
			"$lynna"
		],
		"children": [
			{
				"name": "Black Tower",
				"sections": [
					{
						"name": "Worker gift",
						"item_count": 1
					}
				],
				"map_locations": [
					{
						"map": "past",
						"x": 206,
						"y": 237
					}
				]
			},
			{
				"name": "Maku Path",
				"access_rules": [
							"$destroy_bush_flute, shovel, $kill_hard",
							"echoes, shovel, $kill_hard",
							"$ambi_palace_hard, $rescue_nayru_hard"
						],
				"sections": [
					{
						"name": "Blocks room\nsecret stairs",
						"item_count": 1
					}
				],
				"map_locations": [
					{
						"map": "past",
						"x": 269,
						"y": 140
					}
				]
			},
			
			{
				"name": "Ambi's Palace tree",
				"chest_unopened_img": "images/tree_scent.png",
				"chest_opened_img": "images/tree_scent.png",
				"sections": [
				  {
					"name": "Seeds",
					"access_rules": [
						"$harvest_seeds",
						"{}"
					],
					"capture_item": "true",
					"item_count": 1,
					//"hosted_item": "tree_ambi"
				  },
				],
				"map_locations": [
				  {
					"map": "past",
					"x": 175,
					"y": 80
				  }
				]
			},
			{
				"name": "Ambi's Palace",
				"access_rules": [
					"$ambi_palace_hard"
				],
				"sections": [
					{
						"name": "Right side chest",
						"item_count": 1
					},
					{
						"name": "Rescue Nayru",
						"access_rules": [
							"$rescue_nayru_hard"
						],
						"item_count": 1
					},
				],
				"map_locations": [
					{
						"map": "past",
						"x": 206,
						"y": 17
					}
				]
			},
		]
	},

	{	
		"name": "Yoll Graveyard",
		"chest_unopened_img": "images/chest.png",
		"chest_opened_img": "images/chestopen.png",
		"color": "#0049bf",
		"access_rules": [
			"$use_seeds, emberseeds"
		],
		"children": [
			{
				"name": "Cheval's Grave",
				"sections": [
					{
						"name": "Test of speed",
						"capture_item": true,
						"access_rules": [
							"{flippers}",
							"{feather}",
							"bracelet, feather",
							"bracelet, flippers"
						],
						"item_count": 1
					},
					{
						"name": "Cheval's invention",
						"capture_item": true,
						"access_rules": [
							"{}",
							"flippers"
						],
						"item_count": 1
					},
				],
				"map_locations": [
					{
						"map": "present",
						"x": 363,
						"y": 173
					}
				]
			},
			{
				"name": "Grave Under Tree",
				"sections": [
					{
						"name": "Light the torches",
						"item_count": 1
					},
				],
				"map_locations": [
					{
						"map": "present",
						"x": 410,
						"y": 280
					}
				]
			},
			
			{
				"name": "Poe's grave",
				"access_rules": [
					"d1key, bracelet"
				],
				"sections": [
					{
						"name": "Clock gift",
						"item_count": 1
					},		  		
				],
				"map_locations": [
					{
						"map": "present",
						"x": 395,
						"y": 237
					}
				]
			},
		]
	},
	
	{	
		"name": "Fairies' Woods",
		"chest_unopened_img": "images/chest.png",
		"chest_opened_img": "images/chestopen.png",
		"color": "#0049bf",
		"access_rules": [
			"$lynna, ages",
			"$lynna, bracelet",
			"$lynna, hook1, [satchel], [scentseeds]",
			"$lynna, flippers",
			"$lynna, $dimitri",
			
			// From Nuun
			"$lynna, currents, nuun_ricky, $destroy_bush_flute, $hit_lever",
			"$lynna, currents, nuun_ricky, $ricky",
			"$lynna, currents, $moosh",
			"$lynna, currents, nuun_moosh, feather, $hit_lever",
			"$lynna, currents, nuun_dimitri, $hit_lever"
		],
		"children": [
			{
				"name": "Fairies' Woods",
				"access_rules": [
					"bracelet, currents",
					"ages",
					"feather",
					"$ricky",
					"$moosh",
					"hook1"
				],
				"sections": [
					{
						"name": "Pit chest",
						"item_count": 1
					}
				],
				"map_locations": [
					{
						"map": "present",
						"x": 143,
						"y": 267
					}
				]
			},
		]
	},
	
	{	
		"name": "Deku Forest",
		"chest_unopened_img": "images/chest_past.png",
		"chest_opened_img": "images/chestpastopen.png",
		"color": "#ff7700",
		"access_rules": [
			"bracelet",
			"ages"
		],
		"children": [
			{
				"name": "Deku Forest",
				"sections": [
					{
						"name": "Side cave chest",
						"item_count": 1
					},
					{
						"name": "Mystery Seeds reward",
						"access_rules": [
							"mysteryseeds",
						],
						"item_count": 1
					},
				],
				"map_locations": [
					{
						"map": "past",
						"x": 80,
						"y": 237
					}
				]
			},
			{
				"name": "Path to the tree",
				"access_rules": [
					"bracelet, feather",
					"bracelet, hook1",
					"bracelet, emberseeds",
					"bracelet, ages",
					"bracelet, satchel, galeseeds"
				],
				"sections": [
					{
						"name": "Chest",
						"item_count": 1
					},
				],
				"map_locations": [
					{
						"map": "past",
						"x": 50,
						"y": 237
					}
				]
			},
			
			{
				"name": "Deku Forest tree",
				"chest_unopened_img": "images/tree_mystery.png",
				"chest_opened_img": "images/tree_mystery.png",
				"access_rules": [
					"feather",
					"bracelet, hook1",
					"bracelet, emberseeds",
					"ages",
					"satchel, galeseeds"
				],
				"sections": [
				  {
					"name": "Seeds",
					"access_rules": [
						"$harvest_seeds",
						"{}"
					],
					"capture_item": "true",
					"item_count": 1,
					//"hosted_item": "tree_deku"
				  },
				],
				"map_locations": [
				  {
					"map": "past",
					"x": 17,
					"y": 267
				  }
				]
			},
		]
	},
	
	{	
		"name": "Crescent Island",
		"chest_unopened_img": "images/chest_past.png",
		"chest_opened_img": "images/chestpastopen.png",
		"color": "#ff7700",
		"children": [
			{
				"name": "Crystal cave",
				"access_rules": [
					"$crescent_past, $destroy_bush_flute, feather, shovel",
					"$crescent_past, $destroy_bush_flute, feather, $destroy_crystal",
				],
				"sections": [
					{
						"name": "Chest",
						"item_count": 1
					}
				],
				"map_locations": [
					{
						"map": "past",
						"x": 363,
						"y": 364
					}
				]
			},
			{
				"name": "Bomb cave",
				"access_rules": [
					"$crescent_past, bracelet, bombs",
				],
				"sections": [
					{
						"name": "Chest",
						"item_count": 1
					}
				],
				"map_locations": [
					{
						"map": "past",
						"x": 425,
						"y": 395
					}
				]
			},
			{
				"name": "Wild Tokay",
				"access_rules": [
					"$crescent_past, bracelet, bombs",
				],
				"sections": [
					{
						"name": "Minigame reward",
						"item_count": 1
					}
				],
				"map_locations": [
					{
						"map": "past",
						"x": 425,
						"y": 364
					}
				]
			},
			{
				"name": "Hidden Tokay",
				"access_rules": [
					"$lynna, mermaidsuit",
				],
				"sections": [
					{
						"name": "Old planks",
						"item_count": 1
					}
				],
				"map_locations": [
					{
						"map": "past",
						"x": 300,
						"y": 425
					}
				]
			},
			{
				"name": "Pot cave",
				"access_rules": [
					"$crescent_past, hook2",
				],
				"sections": [
					{
						"name": "Chest",
						"item_count": 1
					}
				],
				"map_locations": [
					{
						"map": "past",
						"x": 425,
						"y": 425
					}
				]
			},
			
			{
				"name": "Under Crescent Island",
				"chest_unopened_img": "images/chest.png",
				"chest_opened_img": "images/chestopen.png",
				"color": "#0049bf",
				"access_rules": [
					"$lynna, mermaidsuit",
				],
				"sections": [
					{
						"name": "Labyrinth chest",
						"item_count": 1
					}
				],
				"map_locations": [
					{
						"map": "present",
						"x": 395,
						"y": 315
					}
				]
			},
			{
				"name": "Crescent Island tree",
				"access_rules": [
					"$crescent_past, bracelet, seedling",
					"$crescent_past, ages, seedling",
				],
				"sections": [
					{
						"name": "Plant the seedling",
						"hosted_item": "crescenttree",
						"item_count": 0
					}
				],
				"map_locations": [
					{
						"map": "past",
						"x": 395,
						"y": 330
					}
				]
			},
			{
				"name": "Crescent Island tree",
				"chest_unopened_img": "images/tree_scent.png",
				"chest_opened_img": "images/tree_scent.png",
				"access_rules": [
					"$crescent_past, bracelet, echoes, seedling, crescenttree",
					"$crescent_past, ages, seedling, crescenttree",
					"$crescent_past, satchel, galeseeds, mermaidsuit, seedling, crescenttree",
				],
				"sections": [
					{
						"name": "Seeds",
						"access_rules": [
							"$harvest_seeds",
							"{}"
						],
						"capture_item": "true",
						"item_count": 1,
						//"hosted_item": "tree_island",
					}
				],
				"map_locations": [
					{
						"map": "present",
						"x": 395,
						"y": 330
					}
				]
			},
		]
	},
	
	{	
		"name": "Nuun Highlands",
		"chest_unopened_img": "images/chest.png",
		"chest_opened_img": "images/chestopen.png",
		"color": "#0049bf",
		"access_rules": [
			"$nuun_hard"
		],
		"children": [
			// Moosh workers
			{	
				"name": "Rescue the carpenters (Moosh)",
				"access_rules": [
					"$moosh",
					"nuun_moosh, currents",
				],
				"sections": [
					{
						"name": "(4, 7)",
						"hosted_item": "carpenter1",
						"item_count": 0
					}
				],
				"map_locations": [
					{
						"map": "present",
						"x": 206,
						"y": 50
					},
					{
						"map": "past",
						"x": 206,
						"y": 50
					},
				]
			},
			{	
				"name": "Rescue the carpenters (Moosh)",
				"access_rules": [
					"$moosh",
					"nuun_moosh, currents",
				],
				"sections": [
					{
						"name": "(8, 7)",
						"hosted_item": "carpenter2",
						"item_count": 0
					}
				],
				"map_locations": [
					{
						"map": "present",
						"x": 237,
						"y": 50
					},
					{
						"map": "past",
						"x": 237,
						"y": 50
					},
				]
			},
			{	
				"name": "Rescue the carpenters (Moosh)",
				"access_rules": [
					"$moosh",
					"nuun_moosh, currents",
				],
				"sections": [
					{
						"name": "(5, 7)",
						"hosted_item": "carpenter3",
						"item_count": 0
					}
				],
				"map_locations": [
					{
						"map": "present",
						"x": 237,
						"y": 80
					},
					{
						"map": "past",
						"x": 237,
						"y": 80
					},
				]
			},

			// Ricky workers
			{	
				"name": "Rescue the carpenters (Ricky)",
				"access_rules": [
					"$ricky",
					"nuun_ricky, currents",
				],
				"sections": [
					{
						"name": "(4, 3)",
						"hosted_item": "carpenter1",
						"item_count": 0
					}
				],
				"map_locations": [
					{
						"map": "present",
						"x": 206,
						"y": 50
					},
					{
						"map": "past",
						"x": 206,
						"y": 50
					},
				]
			},
			{	
				"name": "Rescue the carpenters (Ricky)",
				"access_rules": [
					"$ricky",
					"nuun_ricky, currents",
				],
				"sections": [
					{
						"name": "(4, 7)",
						"hosted_item": "carpenter2",
						"item_count": 0
					}
				],
				"map_locations": [
					{
						"map": "present",
						"x": 237,
						"y": 80
					},
					{
						"map": "past",
						"x": 237,
						"y": 80
					},
				]
			},
			{	
				"name": "Rescue the carpenters (Ricky)",
				"access_rules": [
					"$ricky",
					"nuun_ricky, currents",
				],
				"sections": [
					{
						"name": "(5, 3)",
						"hosted_item": "carpenter3",
						"item_count": 0
					}
				],
				"map_locations": [
					{
						"map": "present",
						"x": 206,
						"y": 80
					},
					{
						"map": "past",
						"x": 206,
						"y": 80
					},
				]
			},
			
			{	
				"name": "Rescue the carpenters (Dimitri)",
				"access_rules": [
					"$dimitri",
					"nuun_dimitri, currents",
				],
				"sections": [
					{
						"name": "(5, 3)",
						"hosted_item": "carpenter1",
						"item_count": 0
					}
				],
				"map_locations": [
					{
						"map": "present",
						"x": 206,
						"y": 80
					},
					{
						"map": "past",
						"x": 206,
						"y": 80
					},
				]
			},
			{	
				"name": "Rescue the carpenters (Dimitri)",
				"access_rules": [
					"$dimitri",
					"nuun_dimitri, currents",
				],
				"sections": [
					{
						"name": "(9, 6)",
						"hosted_item": "carpenter2",
						"item_count": 0
					}
				],
				"map_locations": [
					{
						"map": "present",
						"x": 237,
						"y": 110
					},
					{
						"map": "past",
						"x": 237,
						"y": 110
					},
				]
			},
			{	
				"name": "Rescue the carpenters (Dimitri)",
				"access_rules": [
					"$dimitri",
					"nuun_dimitri, currents",
				],
				"sections": [
					{
						"name": "(6, 5)",
						"hosted_item": "carpenter3",
						"item_count": 0
					}
				],
				"map_locations": [
					{
						"map": "present",
						"x": 237,
						"y": 50
					},
					{
						"map": "past",
						"x": 237,
						"y": 50
					},
				]
			},
			
			
			{	
				"name": "Nuun Highlands",
				"access_rules": [
					"$dimitri",
					"$moosh",
					"nuun_moosh, currents",
					"nuun_moosh, $destroy_bush_flute, $max_jump:2",
					"$ricky",
					"nuun_ricky, currents",
				],
				"sections": [
					{
						"name": "Cave chest",
						"item_count": 1
					}
				],
				"map_locations": [
					{
						"map": "present",
						"x": 237,
						"y": 95
					}
				]
			},
		]
	},
	
	{	
		"name": "Symmetry City",
		"chest_unopened_img": "images/chest_past.png",
		"chest_opened_img": "images/chestpastopen.png",
		"color": "#ff7700",
		"access_rules": [
			"$nuun_hard, currents",
			"$nuun_hard, flute_generic",
		],
		"children": [
			{
				"name": "Symmetry City tree",
				"chest_unopened_img": "images/tree_gale.png",
				"chest_opened_img": "images/tree_gale.png",
				"color": "#0049bf",
				"sections": [
					{
						"name": "Seeds",
						"access_rules": [
							"$harvest_seeds",
							"repairednut, $dimitri, $use_seeds",
							"{}"
						],
						"capture_item": "true",
						"item_count": 1,
						//"hosted_item": "tree_symmetry",
					}
				],
				"map_locations": [
					{
						"map": "present",
						"x": 112,
						"y": 50
					}
				]
			},
			{
				"name": "Symmetry City",
				"access_rules": [
					"$destroy_bush, echoes",
					"ages",
				],
				"sections": [
					{
						"name": "Talk to the brothers",
						"item_count": 1
					},
				],
				"map_locations": [
					{
						"map": "past",
						"x": 112,
						"y": 30
					}
				]
			},
			
			{
				"name": "Tokkey's Composition",
				"access_rules": [
					"$destroy_bush, echoes, flippers",
					"ages, flippers",
				],
				"sections": [
					{
						"name": "Sick tunes",
						"item_count": 1
					},
				],
				"map_locations": [
					{
						"map": "past",
						"x": 50,
						"y": 17
					}
				]
			},
			
			{
				"name": "Talus Peaks",
				"chest_unopened_img": "images/chest.png",
				"chest_opened_img": "images/chestopen.png",
				"color": "#0049bf",
				"access_rules": [
					"ages",
					"$destroy_bush, currents, bracelet, flippers"
				],
				"sections": [
					{
						"name": "Chest before \nRestoration Wall",
						"item_count": 1
					},
				],
				"map_locations": [
					{
						"map": "past",
						"x": 112,
						"y": 205
					},
					{
						"map": "present",
						"x": 112,
						"y": 205
					}
				]
			},
			
			{
				"name": "Patch",
				"access_rules": [
					"$patch_nut_hard, tuninut, ages",
					"$patch_nut_hard, tuninut, $destroy_bush, currents, bracelet, flippers"
				],
				"sections": [
					{
						"name": "Restore \nthe nut",
						"hosted_item": "repairednut",
						"item_count": 0
					},
				],
				"map_locations": [
					{
						"map": "past",
						"x": 112,
						"y": 112
					},
				]
			},
		]
	},
	
	{	
		"name": "Rolling Ridge West",
		"chest_unopened_img": "images/chest.png",
		"chest_opened_img": "images/chestopen.png",
		"color": "#0049bf",
		"children": [
			{
				"name": "Goron Elder",
				"chest_unopened_img": "images/chest_past.png",
				"chest_opened_img": "images/chestpastopen.png",
				"color": "#ff7700",
				"access_rules": [
					"bombflower, feather, hook1",
					"bombflower, ages, hook1",
				],
				"sections": [
					{
						"name": "Blast him open",
						"item_count": 1
					}
				],
				"map_locations": [
					{
						"map": "past",
						"x": 269,
						"y": 80
					}
				]
			},
			{
				"name": "Rolling Ridge entrance",
				"access_rules": [
					"$west_ridge_present",
				],
				"sections": [
					{
						"name": "Bomb the \neast wall",
						"access_rules": [
							"bombs",
						],
						"item_count": 1
					},
					{
						"name": "Stairs \nchest",
						"item_count": 1
					},
					{
						"name": "Surface \nstairs",
						"item_count": 1
					},
				],
				"map_locations": [
					{
						"map": "present",
						"x": 269,
						"y": 65
					}
				]
			},
			{
				"name": "West Rolling Ridge tree",
				"color": "#ff7700",
				"chest_unopened_img": "images/tree_pegasus.png",
				"chest_opened_img": "images/tree_pegasus.png",
				"access_rules": [
					"bombflower, feather, hook1",
					"currents, bracelet, feather, hook1",
					"$west_ridge_present, bracelet, echoes",
					"$west_ridge_present, ages"
				],
				"sections": [
					{
						"name": "Seeds",
						"access_rules": [
							"$harvest_seeds",
							"{}"
						],
						"capture_item": "true",
						"item_count": 1,
						//"hosted_item": "tree_moblin",
					}
				],
				"map_locations": [
					{
						"map": "past",
						"x": 269,
						"y": 17
					}
				]
			},
			{
				"name": "Moblin Keep",
				"access_rules": [
					"$west_ridge_present",
				],
				"sections": [
					{
						"name": "Lower floor chest",
						"access_rules": [
							"feather, flippers",
						],
						"item_count": 1
					},
					{
						"name": "Defeat the boss",
						"access_rules": [
							"satchel, pegasusseeds, bracelet",
						],
						"item_count": 1
					},
				],
				"map_locations": [
					{
						"map": "present",
						"x": 300,
						"y": 17
					}
				]
			},
		]
	},
	
	{	
		"name": "Rolling Ridge East (Present)",
		"chest_unopened_img": "images/chest.png",
		"chest_opened_img": "images/chestopen.png",
		"color": "#0049bf",
		"children": [
			{
				"name": "Goron caves (present)",
				"sections": [
					{
						"name": "Goron \nDancing",
						"access_rules": [
							//from Lynna, swimming
							"$lynna, feather, mermaidsuit, currents",
							"$lynna, ages, mermaidsuit",
							
							//from the upper cave
							"$west_ridge_present, satchel, pegasusseeds, bracelet, feather",
						],
						"item_count": 1
					},
					{
						"name": "Trade the Brisket \nwith the stairs Goron",
						"access_rules": [
							//from Lynna, swimming
							"$lynna, feather, mermaidsuit, currents, emblem, brisket",
							"$lynna, ages, mermaidsuit, emblem, brisket",
							
							//from the upper cave
							"$west_ridge_present, satchel, pegasusseeds, bracelet, feather, emblem, brisket",
						],
						"item_count": 1
					},
					{
						"name": "Diamonds \nChest",
						"access_rules": [
							//from Lynna, swimming
							"$lynna, feather, mermaidsuit, currents, hook1",
							"$lynna, feather, mermaidsuit, currents, emblem, $max_jump:2",
							"$lynna, ages, mermaidsuit, hook1",
							
							//from the upper cave, requires emblem
							"$west_ridge_present, satchel, pegasusseeds, bracelet, feather, currents, hook1",
							"$west_ridge_present, satchel, pegasusseeds, bracelet, feather, currents, $max_jump:2",
						],
						"item_count": 1
					},
					{
						"name": "Big Bang \nminigame",
						"access_rules": [
							//from Lynna, swimming
							"$lynna, feather, mermaidsuit, currents, hook1, goronade",
							"$lynna, feather, mermaidsuit, currents, emblem, $max_jump:1, goronade",
							"$lynna, ages, mermaidsuit, hook1, goronade",
							
							//from the upper cave, requires emblem
							"$west_ridge_present, satchel, pegasusseeds, bracelet, feather, currents, hook1, goronade",
							"$west_ridge_present, satchel, pegasusseeds, bracelet, feather, currents, $max_jump:2, goronade",
						],
						"item_count": 1
					},
					{
						"name": "Highest floor \nchest",
						"access_rules": [
							//from Lynna, swimming
							"$lynna, feather, mermaidsuit, currents, hook1",
							"$lynna, feather, mermaidsuit, currents, emblem, $max_jump:1",
							"$lynna, ages, mermaidsuit, hook1",
							
							//from the upper cave, requires emblem
							"$west_ridge_present, satchel, pegasusseeds, bracelet, feather, currents, hook1",
							"$west_ridge_present, satchel, pegasusseeds, bracelet, feather, currents, $max_jump:2",
						],
						"item_count": 1
					},
				],

				"map_locations": [
					{
						"map": "present",
						"x": 425,
						"y": 95
					}
				]
			},
			{
				"name": "Target carts minigame",
				"access_rules": [
					//from Lynna, swimming
					"$lynna, feather, mermaidsuit, currents, hook1, currents",
					"$lynna, ages, mermaidsuit, hook1",
							
					//from Moblin cave
					"$west_ridge_present, satchel, pegasusseeds, bracelet, feather, hook1, currents",
				],
				"sections": [
					{
						"name": "First reward",
						"item_count": 1
					},
					{
						"name": "Second reward",
						"item_count": 1
					},
				],

				"map_locations": [
					{
						"map": "present",
						"x": 425,
						"y": 49
					}
				]
			},
			{
				"name": "D6 entrance",
				"access_rules": [
					"$lynna, feather, mermaidsuit, currents",
					"$lynna, ages, mermaidsuit",
				],
				"sections": [
					{
						"name": "Underwater chest",
						"item_count": 1
					},
				],

				"map_locations": [
					{
						"map": "present",
						"x": 380,
						"y": 95
					}
				]
			},
		]
	},
	
	{	
		"name": "Rolling Ridge East (Past)",
		"chest_unopened_img": "images/chest_past.png",
		"chest_opened_img": "images/chestpastopen.png",
		"color": "#ff7700",
		"children": [
			{
				"name": "Goron caves (past)",
				"sections": [
					{
						"name": "Dancing with \nthe Letter",
						"access_rules": [
							//from Lynna, swimming
							"$lynna, feather, mermaidsuit, letter",
							"$lynna, ages, mermaidsuit, letter",
							
							//from the upper cave, requires emblem
							"$west_ridge_present, satchel, pegasusseeds, bracelet, feather, echoes, letter",
						],
						"item_count": 1
					},
					{
						"name": "Trade the Vase \nwith the stairs Goron",
						"access_rules": [
							//from Lynna, swimming
							"$lynna, feather, mermaidsuit, emblem, vase",
							"$lynna, ages, mermaidsuit, emblem, vase",
							
							//from the upper cave, requires emblem
							"$west_ridge_present, satchel, pegasusseeds, bracelet, feather, echoes, emblem, vase",
						],
						"item_count": 1
					},
					{
						"name": "Bush room \nchest",
						"access_rules": [
							//from Lynna, swimming
							"$lynna, feather, mermaidsuit, hook1",
							"$lynna, ages, mermaidsuit, hook1",
							
							//from the upper cave, requires emblem
							"$west_ridge_present, satchel, pegasusseeds, bracelet, feather, echoes, hook1",
						],
						"item_count": 1
					},
					{
						"name": "Trade Lava Juice \nwith the bush Goron",
						"access_rules": [
							//from Lynna, swimming
							"$lynna, feather, mermaidsuit, hook1, lavajuice",
							"$lynna, feather, mermaidsuit, emblem, lavajuice",
							"$lynna, ages, mermaidsuit, hook1, lavajuice",
							
							//from the upper cave, requires emblem
							"$west_ridge_present, satchel, pegasusseeds, bracelet, feather, echoes, hook1, lavajuice",
							"$west_ridge_present, satchel, pegasusseeds, bracelet, feather, ages, lavajuice",
						],
						"item_count": 1
					},
				],

				"map_locations": [
					{
						"map": "past",
						"x": 425,
						"y": 95
					}
				]
			},
			{
				"name": "East Ridge base",
				"access_rules": [
					//from Lynna, swimming
					"$lynna, feather, mermaidsuit",
					"$lynna, ages, mermaidsuit",
							
					//from the upper cave, requires emblem
					"$west_ridge_present, satchel, pegasusseeds, bracelet, feather",
				],
				"sections": [
					{
						"name": "Bombs chest",
						"access_rules": [
							"bombs"
						],
						"item_count": 1
					},
					{
						"name": "Diamonds chest",
						"access_rules": [
							"hook1"
						],
						"item_count": 1
					},
				],

				"map_locations": [
					{
						"map": "past",
						"x": 363,
						"y": 79
					}
				]
			},
			{
				"name": "Goron Head cave",
				"access_rules": [
					//from Lynna, swimming
					"$lynna, feather, mermaidsuit, hook1, bombs",
					"$lynna, ages, mermaidsuit, hook1, bombs",
							
					//from the upper cave, requires emblem
					"$west_ridge_present, satchel, pegasusseeds, bracelet, feather, bombs",
				],
				"sections": [
					{
						"name": "Chest",
						"item_count": 1
					},
				],

				"map_locations": [
					{
						"map": "past",
						"x": 425,
						"y": 17
					}
				]
			},
			{
				"name": "Shooting gallery",
				"access_rules": [
					//from Lynna, swimming
					"$lynna, feather, mermaidsuit, currents, bracelet, hook1, sword1",
					"$lynna, ages, mermaidsuit, hook1, sword1",
							
					//from Moblin cave
					"$west_ridge_present, satchel, pegasusseeds, bracelet, feather, currents, hook1, sword1",
				],
				"sections": [
					{
						"name": "100 points",
						"item_count": 1
					},
				],

				"map_locations": [
					{
						"map": "past",
						"x": 425,
						"y": 49
					}
				]
			},
			{
				"name": "Get bombs in Goron Shooting Gallery",
				"access_rules": [
					//from Lynna, swimming
					"$lynna, feather, mermaidsuit, currents, bracelet, hook1, currents, sword1",
					"$lynna, ages, mermaidsuit, hook1, sword1",
							
					//from Moblin cave
					"$west_ridge_present, satchel, pegasusseeds, bracelet, feather, currents, hook1, sword1",
				],
				"sections": [
				  {
					"name": "200 points",
					"item_count": 0,
					"hosted_item": "bombs"
				  },
				],
				"map_locations": [
				  {
					"map": "past",
					"x": 410,
					"y": 35
				},
				]
			},
			{
				"name": "East Rolling Ridge tree",
				"color": "#ff7700",
				"chest_unopened_img": "images/tree_mystery.png",
				"chest_opened_img": "images/tree_mystery.png",
				"access_rules": [
					//from Lynna, swimming
					"$lynna, feather, mermaidsuit, currents, hook1, currents",
					"$lynna, ages, mermaidsuit, hook1",
					"$lynna, feather, mermaidsuit, hook1, satchel, galeseeds",
					"$lynna, feather, mermaidsuit, emblem, satchel, galeseeds",
							
					//from Moblin cave
					"$west_ridge_present, satchel, pegasusseeds, bracelet, feather, currents, hook1",
					"$west_ridge_present, satchel, pegasusseeds, bracelet, feather, ages",
					"$west_ridge_present, satchel, pegasusseeds, bracelet, feather, satchel, galeseeds",
				],
				"sections": [
					{
						"name": "Seeds",
						"access_rules": [
							"$harvest_seeds",
							"{}"
						],
						"capture_item": "true",
						"item_count": 1,
						//"hosted_item": "tree_ridge",
					}
				],
				"map_locations": [
					{
						"map": "past",
						"x": 425,
						"y": 79
					}
				]
			},
		]
	},
	
	{	
		"name": "Zora Seas",
		"chest_unopened_img": "images/chest.png",
		"chest_opened_img": "images/chestopen.png",
		"color": "#0049bf",
		"access_rules": [
			"mermaidsuit, ages, hook1",
		],
		"children": [
			{
				"name": "Zora Village tree",
				"chest_unopened_img": "images/tree_gale.png",
				"chest_opened_img": "images/tree_gale.png",
				"sections": [
					{
						"name": "Seeds",
						"access_rules": [
							"$harvest_seeds",
							"cleanseas, $dimitri",
							"{}"
						],
						"capture_item": "true",
						"item_count": 1,
						//"hosted_item": "tree_zora",
					}
				],
				"map_locations": [
					{
						"map": "past",
						"x": 49,
						"y": 393
					},
					{
						"map": "present",
						"x": 49,
						"y": 393
					}
				]
			},
			{
				"name": "Zora Village",
				"sections": [
					{
						"name": "Isolated chest",
						"item_count": 1
					}
				],
				"map_locations": [
					{
						"map": "present",
						"x": 17,
						"y": 393
					}
				]
			},
			{
				"name": "Island cave",
				"access_rules": [
					"bombs, powerglove",
				],
				"sections": [
					{
						"name": "Sarcophagus chest",
						"item_count": 1
					}
				],
				"map_locations": [
					{
						"map": "present",
						"x": 17,
						"y": 345
					}
				]
			},
			{
				"name": "Zora Palace",
				"sections": [
					{
						"name": "Entrance \nchest",
						"item_count": 1
					},
					{
						"name": "Cure King Zora \nin the past",
						"access_rules": [
							// Access to Syrup's Shop in Yoll Graveyard to buy a potion
							// In hard logic, this part is not necessary, just get it from Maple
						],
						"item_count": 1
					},
					{
						"name": "Present King Zora \npermission",
						"access_rules": [
							"cleanseas",
							"cleanseas"
						],
						"hosted_item": "enterjabu",
						"item_count": 0
					}
				],
				"map_locations": [
					{
						"map": "present",
						"x": 49,
						"y": 350
					}
				]
			},
			{
				"name": "Cursed fairy",
				"color": "#ff7700",
				"sections": [
					{
						"name": "Clean the seas",
						"hosted_item": "cleanseas",
						"access_rules": [
							"powder"
						],
						"item_count": 0
					},
				],
				"map_locations": [
					{
						"map": "past",
						"x": 142,
						"y": 330
					}
				]
			},
			{
				"name": "Fairy's coast",
				"sections": [
					{
						"name": "Lonely chest",
						"item_count": 1
					},
				],
				"map_locations": [
					{
						"map": "present",
						"x": 49,
						"y": 320
					}
				]
			},
			{
				"name": "Library (present)",
				"access_rules": [
					"librarykey",
				],
				"sections": [
					{
						"name": "Free item",
						"item_count": 1
					},
				],
				"map_locations": [
					{
						"map": "present",
						"x": 175,
						"y": 330
					}
				]
			},
			{
				"name": "Library (past)",
				"chest_unopened_img": "images/chest_past.png",
				"chest_opened_img": "images/chestpastopen.png",
				"color": "#ff7700",
				"access_rules": [
					"librarykey",
				],
				"sections": [
					{
						"name": "Not so free item",
						"capture_item": true,
						"access_rules": [
							"{}",
							"book",
							"satchel, pegasusseeds, bombs"
						],
						"item_count": 1
					},
				],
				"map_locations": [
					{
						"map": "past",
						"x": 175,
						"y": 330
					}
				]
			},
			{
				"name": "Zora Seas",
				"access_rules": [
					"cleanseas",
				],
				"sections": [
					{
						"name": "Lonely chest",
						"item_count": 1
					},
				],
				"map_locations": [
					{
						"map": "present",
						"x": 175,
						"y": 425
					}
				]
			},
			{
				"name": "Fisher's Island",
				"chest_unopened_img": "images/chest_past.png",
				"chest_opened_img": "images/chestpastopen.png",
				"color": "#ff7700",
				"access_rules": [
					"hook2",
				],
				"sections": [
					{
						"name": "Underwater cave",
						"item_count": 1
					},
				],
				"map_locations": [
					{
						"map": "past",
						"x": 175,
						"y": 393
					}
				]
			},
			{
				"name": "After Jabu Jabu",
				"access_rules": [
					"d7"
				],
				"sections": [
					{
						"name": "Zora reward",
						"item_count": 1
					},
				],
				"map_locations": [
					{
						"map": "present",
						"x": 17,
						"y": 330
					}
				]
			},
			
		]
	},
	
	{	
		"name": "Sea of Storms/No Return",
		"chest_unopened_img": "images/chest_past.png",
		"chest_opened_img": "images/chestpastopen.png",
		"color": "#ff7700",
		"children": [
			{
				"name": "Sea of Storms",
				"access_rules": [
					"$lynna, mermaidsuit, zorascale",
				],
				"sections": [
					{
						"name": "Underwater cave",
						"item_count": 1
					}
				],
				"map_locations": [
					{
						"map": "past",
						"x": 237,
						"y": 393
					}
				]
			},
			{
				"name": "Pirate ship",
				"access_rules": [
					"$lynna, mermaidsuit, zorascale",
				],
				"sections": [
					{
						"name": "Captain's reward",
						"item_count": 1
					}
				],
				"map_locations": [
					{
						"map": "past",
						"x": 222,
						"y": 378
					}
				]
			},
			{
				"name": "Sea of No Return",
				"access_rules": [
					"$crescent_past, eyeball, $kill_hard, $destroy_pot, bombs, mermaidsuit, feather, powerglove",
				],
				"sections": [
					{
						"name": "Sarcophagus chest",
						"item_count": 1
					}
				],
				"map_locations": [
					{
						"map": "past",
						"x": 425,
						"y": 205
					}
				]
			},
		]
	},
]