﻿{
  "map_enabled": true,
  "auto_pin_capturing_locations": false,
  "auto_unpin_on_clear": true,
  "layout_swap_left_right": false,
  "disabled_image_filter": "grayscale, dim",
  "layouts": {
    "shared_item_grid": {
      "type": "array",
      "orientation": "vertical",
      "content": [
        {
          "type": "array",
          "orientation": "horizontal",
          "content": [
            {
              "type": "itemgrid",
              "h_alignment": "center",
              "item_margin": "0,0,2,10",
              "rows": [
                [ "bowandarrows", "boomerangs", "hookshot", "bombs", "powder", "mushroom", "dp_bigkey" ],
                [ "firerod", "icerod", "bombos", "ether", "quake", "shovel", "tr_bigkey" ],
                [ "lamp", "hammer", "ocarina", "net", "book", "pearl", "gt_bigkey" ],
                [ "bottle", "somaria", "byrna", "cape", "mirror", "aga", "aga2" ],
                [ "lift1", "boots", "flippers", "halfmagic", "owsword", "shield", "armor" ]
              ]
            },
            {
              "type": "array",
              "orientation": "vertical",
              "content": [
                {
                  "type": "array",
                  "orientation": "horizontal",
                  "content": [
                    {
                      "type": "itemgrid",
                      "margin": "0,2",
                      "h_alignment": "center",
                      "item_margin": "1,.25",
                      "item_height": 16,
                      "item_width": 20,
                      "rows": [
                      	[ "hc_label"],
                        [ "ep_label" ],
                        [ "dp_label" ],
                        [ "toh_label" ],
                        [ "pod_label" ],
                        [ "sp_label" ],
                        [ "sw_label" ],
                        [ "tt_label" ],
                        [ "ip_label" ],
                        [ "mm_label" ],
                        [ "tr_label" ],
                        [ "gt_label" ]
                      ]
                    },
                    {
                      "type": "itemgrid",
                      "h_alignment": "center",
                      "item_margin": "1,.25",
                      "item_size": 16,
                      "badge_font_size": 10,
                      "rows": [
                      	[ "hyrulecastle", "hc_item"],
                        [ "easternpalace", "ep_item" ],
                        [ "desertpalace", "dp_item" ],
                        [ "towerofhera", "toh_item" ],
                        [ "palaceofdarkness", "pod_item" ],
                        [ "swamppalace", "sp_item" ],
                        [ "skullwoods", "sw_item" ],
                        [ "thievestown", "tt_item" ],
                        [ "icepalace", "ip_item" ],
                        [ "miserymire", "mm_item" ],
                        [ "turtlerock", "tr_item" ],
                        [ "", "gt_item"]
                      ]
                    }
                  ]
                }
              ]
            },
          ]
        }
      ]
    },
    "tracker_capture_item": {
      "type": "container",
      "content": {
        "type": "itemgrid",
        "h_alignment": "center",
        "item_margin": "0,0,2,10",
        "rows": [
          [ "bow", "silvers", "boomerangs", "hookshot", "powder", "mushroom", "blue_boomerang" ],
          [ "firerod", "icerod", "bombos", "ether", "quake", "shovel", "red_boomerang" ],
          [ "lamp", "hammer", "ocarina", "net", "book", "pearl", "generic_item" ],
          [ "bottle", "somaria", "byrna", "cape", "mirror", "gomode", "generic_bigkey" ],
          [ "lift1", "boots", "flippers", "halfmagic", "owsword", "shield", "armor" ]
        ]
      }
    },
    "tracker_default": {
      "type": "container",
      "background": "#877373",
      "content": {
        "type": "dock",
        "dropshadow": true,
        "content": [
          {
            "type": "dock",
            "dock": "left",
            "v_alignment": "stretch",
            "content": [
              {
                "type": "group",
                "header": "Items",
                "dock": "top",
                "content": {
                  "type": "layout",
                  "key": "shared_item_grid"
                }
              },
              {
                "type": "group",
                "header": "Pinned Locations",
                "content": {
                  "type": "recentpins",
                  "style": "wrap",
                  "h_alignment": "stretch",
                  "v_alignment": "stretch",
                  "orientation": "vertical",
                  "compact": true
                }
              }
            ]
          },
          {
            "type": "map"
          }
        ]
      }
    },
    "tracker_horizontal": {
      "type": "container",
      "background": "#877373",
      "content": {
        "type": "dock",
        "dropshadow": true,
        "content": [
          {
            "type": "dock",
            "dock": "bottom",
            "content": [
              {
                "type": "group",
                "header": "Items",
                "margin": "0,0,3,0",
                "dock": "left",
                "content": {
                  "type": "layout",
                  "key": "shared_item_grid"
                }
              },
              {
                "type": "group",
                "header": "Pinned Locations",
                "content": {
                  "type": "recentpins",
                  "style": "wrap",
                  "h_alignment": "stretch",
                  "v_alignment": "stretch",
                  "orientation": "horizontal",
                  "compact": true
                }
              }
            ]
          },
          {
            "type": "map"
          }
        ]
      }
    }
  }
}
